
/* Generated on Mon Feb 10 11:33:39 2025 from -i */
/* Re-sized : True */
/* Rotated : 0.0 deg */



#include "arm_2d.h"

#if defined(__clang__)
#   pragma clang diagnostic push
#   pragma clang diagnostic ignored "-Wunknown-warning-option"
#   pragma clang diagnostic ignored "-Wreserved-identifier"
#   pragma clang diagnostic ignored "-Wmissing-variable-declarations"
#   pragma clang diagnostic ignored "-Wcast-qual"
#elif defined(__IS_COMPILER_ARM_COMPILER_5__)
#   pragma diag_suppress=1296
#endif


ARM_ALIGN(4) ARM_SECTION("arm2d.asset.c_bmpArmLogoAlpha")
static const uint8_t c_bmpArmLogoAlpha[250*81] = {
/* -0- */
0x00, 0x00, 0x00, 0x00, 0x00, 0x00, 0x00, 0x00, 0x00, 0x00, 0x00, 0x00, 0x00, 0x00, 0x00, 0x00,
0x00, 0x00, 0x00, 0x00, 0x00, 0x00, 0x00, 0x00, 0x00, 0x00, 0x00, 0x00, 0x00, 0x00, 0x00, 0x00,
0x00, 0x00, 0x00, 0x00, 0x00, 0x00, 0x00, 0x00, 0x00, 0x00, 0x00, 0x00, 0x00, 0x00, 0x00, 0x00,
0x00, 0x00, 0x00, 0x00, 0x00, 0x00, 0x00, 0x00, 0x00, 0x00, 0x00, 0x00, 0x00, 0x00, 0x00, 0x00,
0x00, 0x00, 0x00, 0x00, 0x00, 0x00, 0x00, 0x00, 0x00, 0x00, 0x00, 0x00, 0x00, 0x00, 0x00, 0x00,
0x00, 0x00, 0x00, 0x00, 0x00, 0x00, 0x00, 0x00, 0x00, 0x00, 0x00, 0x00, 0x00, 0x00, 0x00, 0x00,
0x00, 0x00, 0x00, 0x00, 0x00, 0x00, 0x00, 0x00, 0x00, 0x00, 0x00, 0x00, 0x00, 0x00, 0x00, 0x00,
0x00, 0x00, 0x00, 0x00, 0x00, 0x00, 0x00, 0x00, 0x00, 0x00, 0x00, 0x00, 0x00, 0x00, 0x00, 0x00,
0x00, 0x00, 0x00, 0x00, 0x00, 0x00, 0x00, 0x00, 0x00, 0x00, 0x00, 0x00, 0x00, 0x00, 0x00, 0x00,
0x00, 0x00, 0x00, 0x00, 0x00, 0x00, 0x00, 0x00, 0x00, 0x00, 0x00, 0x00, 0x00, 0x00, 0x00, 0x00,
0x00, 0x00, 0x00, 0x00, 0x00, 0x00, 0x00, 0x00, 0x00, 0x00, 0x00, 0x00, 0x00, 0x00, 0x00, 0x00,
0x00, 0x00, 0x00, 0x00, 0x00, 0x00, 0x00, 0x00, 0x00, 0x00, 0x00, 0x00, 0x00, 0x00, 0x00, 0x00,
0x00, 0x00, 0x00, 0x00, 0x00, 0x00, 0x00, 0x00, 0x00, 0x00, 0x00, 0x00, 0x00, 0x00, 0x00, 0x00,
0x00, 0x00, 0x00, 0x00, 0x00, 0x00, 0x00, 0x00, 0x00, 0x00, 0x00, 0x00, 0x00, 0x00, 0x00, 0x00,
0x00, 0x00, 0x00, 0x00, 0x00, 0x00, 0x00, 0x00, 0x00, 0x00, 0x00, 0x00, 0x00, 0x00, 0x00, 0x00,
0x00, 0x00, 0x00, 0x00, 0x00, 0x00, 0x00, 0x00, 0x00, 0x00, 
/* -1- */
0x00, 0x00, 0x00, 0x00, 0x00, 0x00, 0x00, 0x00, 0x00, 0x00, 0x00, 0x00, 0x00, 0x00, 0x00, 0x00,
0x00, 0x00, 0x00, 0x00, 0x00, 0x00, 0x00, 0x00, 0x00, 0x00, 0x00, 0x00, 0x00, 0x00, 0x00, 0x00,
0x00, 0x00, 0x00, 0x00, 0x00, 0x00, 0x00, 0x00, 0x00, 0x00, 0x00, 0x00, 0x00, 0x00, 0x00, 0x00,
0x00, 0x00, 0x00, 0x00, 0x00, 0x00, 0x00, 0x00, 0x00, 0x00, 0x00, 0x00, 0x00, 0x00, 0x00, 0x00,
0x00, 0x00, 0x00, 0x00, 0x00, 0x00, 0x00, 0x00, 0x00, 0x00, 0x00, 0x00, 0x00, 0x00, 0x00, 0x00,
0x00, 0x00, 0x00, 0x00, 0x00, 0x00, 0x00, 0x00, 0x00, 0x00, 0x00, 0x00, 0x00, 0x00, 0x00, 0x00,
0x00, 0x00, 0x00, 0x00, 0x00, 0x00, 0x00, 0x00, 0x00, 0x00, 0x00, 0x00, 0x00, 0x00, 0x00, 0x00,
0x00, 0x00, 0x00, 0x00, 0x00, 0x00, 0x00, 0x00, 0x00, 0x00, 0x00, 0x00, 0x00, 0x00, 0x00, 0x00,
0x00, 0x00, 0x00, 0x00, 0x00, 0x00, 0x00, 0x00, 0x00, 0x00, 0x00, 0x00, 0x00, 0x00, 0x00, 0x00,
0x00, 0x00, 0x00, 0x00, 0x00, 0x00, 0x00, 0x00, 0x00, 0x00, 0x00, 0x00, 0x00, 0x00, 0x00, 0x00,
0x00, 0x00, 0x00, 0x00, 0x00, 0x00, 0x00, 0x00, 0x00, 0x00, 0x00, 0x00, 0x00, 0x00, 0x00, 0x00,
0x00, 0x00, 0x00, 0x00, 0x00, 0x00, 0x00, 0x00, 0x00, 0x00, 0x00, 0x00, 0x00, 0x00, 0x00, 0x00,
0x00, 0x00, 0x00, 0x00, 0x00, 0x00, 0x00, 0x00, 0x00, 0x00, 0x00, 0x00, 0x00, 0x00, 0x00, 0x00,
0x00, 0x00, 0x00, 0x00, 0x00, 0x00, 0x00, 0x00, 0x00, 0x00, 0x00, 0x00, 0x00, 0x00, 0x00, 0x00,
0x00, 0x00, 0x00, 0x00, 0x00, 0x00, 0x00, 0x00, 0x00, 0x00, 0x00, 0x00, 0x00, 0x00, 0x00, 0x00,
0x00, 0x00, 0x00, 0x00, 0x00, 0x00, 0x00, 0x00, 0x00, 0x00, 
/* -2- */
0x00, 0x00, 0x00, 0x00, 0x00, 0x00, 0x00, 0x00, 0x00, 0x00, 0x00, 0x00, 0x00, 0x00, 0x00, 0x00,
0x00, 0x00, 0x00, 0x00, 0x00, 0x00, 0x00, 0x00, 0x00, 0x00, 0x00, 0x00, 0x00, 0x00, 0x00, 0x00,
0x00, 0x00, 0x00, 0x00, 0x00, 0x00, 0x00, 0x00, 0x00, 0x00, 0x00, 0x00, 0x00, 0x00, 0x00, 0x00,
0x00, 0x00, 0x00, 0x00, 0x00, 0x00, 0x00, 0x00, 0x00, 0x00, 0x00, 0x00, 0x00, 0x00, 0x00, 0x00,
0x00, 0x00, 0x00, 0x00, 0x00, 0x00, 0x00, 0x00, 0x00, 0x00, 0x00, 0x00, 0x00, 0x00, 0x00, 0x00,
0x00, 0x00, 0x00, 0x00, 0x00, 0x00, 0x00, 0x00, 0x00, 0x00, 0x00, 0x00, 0x00, 0x00, 0x00, 0x00,
0x00, 0x00, 0x00, 0x00, 0x00, 0x00, 0x00, 0x00, 0x00, 0x00, 0x00, 0x00, 0x00, 0x00, 0x00, 0x00,
0x00, 0x00, 0x00, 0x00, 0x00, 0x00, 0x00, 0x00, 0x00, 0x00, 0x00, 0x00, 0x00, 0x00, 0x00, 0x00,
0x00, 0x00, 0x00, 0x00, 0x00, 0x00, 0x00, 0x00, 0x00, 0x00, 0x00, 0x00, 0x00, 0x00, 0x00, 0x00,
0x00, 0x00, 0x00, 0x00, 0x00, 0x00, 0x00, 0x00, 0x00, 0x00, 0x00, 0x00, 0x00, 0x00, 0x00, 0x00,
0x00, 0x00, 0x00, 0x00, 0x00, 0x00, 0x00, 0x00, 0x00, 0x00, 0x00, 0x00, 0x00, 0x00, 0x00, 0x00,
0x00, 0x00, 0x00, 0x00, 0x00, 0x00, 0x00, 0x00, 0x00, 0x00, 0x00, 0x00, 0x00, 0x00, 0x00, 0x00,
0x00, 0x00, 0x00, 0x00, 0x00, 0x00, 0x00, 0x00, 0x00, 0x00, 0x00, 0x00, 0x00, 0x00, 0x00, 0x00,
0x00, 0x00, 0x00, 0x00, 0x00, 0x00, 0x00, 0x00, 0x00, 0x00, 0x00, 0x00, 0x00, 0x00, 0x00, 0x00,
0x00, 0x00, 0x00, 0x00, 0x00, 0x00, 0x00, 0x00, 0x00, 0x00, 0x00, 0x00, 0x00, 0x00, 0x00, 0x00,
0x00, 0x00, 0x00, 0x00, 0x00, 0x00, 0x00, 0x00, 0x00, 0x00, 
/* -3- */
0x00, 0x00, 0x00, 0x00, 0x00, 0x00, 0x00, 0x00, 0x00, 0x00, 0x00, 0x00, 0x00, 0x00, 0x00, 0x00,
0x00, 0x00, 0x00, 0x00, 0x00, 0x00, 0x00, 0x00, 0x00, 0x00, 0x00, 0x00, 0x00, 0x00, 0x00, 0x00,
0x00, 0x00, 0x00, 0x00, 0x00, 0x00, 0x00, 0x00, 0x00, 0x00, 0x00, 0x00, 0x00, 0x00, 0x00, 0x00,
0x00, 0x00, 0x00, 0x00, 0x00, 0x00, 0x00, 0x00, 0x00, 0x00, 0x00, 0x00, 0x00, 0x00, 0x00, 0x00,
0x00, 0x00, 0x00, 0x00, 0x00, 0x00, 0x00, 0x00, 0x00, 0x00, 0x00, 0x00, 0x00, 0x00, 0x00, 0x00,
0x00, 0x00, 0x00, 0x00, 0x00, 0x00, 0x00, 0x00, 0x00, 0x00, 0x00, 0x00, 0x00, 0x00, 0x00, 0x00,
0x00, 0x00, 0x00, 0x00, 0x00, 0x00, 0x00, 0x00, 0x00, 0x00, 0x00, 0x00, 0x00, 0x00, 0x00, 0x00,
0x00, 0x00, 0x00, 0x00, 0x00, 0x00, 0x00, 0x00, 0x00, 0x00, 0x00, 0x00, 0x00, 0x00, 0x00, 0x00,
0x00, 0x00, 0x00, 0x00, 0x00, 0x00, 0x00, 0x00, 0x00, 0x00, 0x00, 0x00, 0x00, 0x00, 0x00, 0x00,
0x00, 0x00, 0x00, 0x00, 0x00, 0x00, 0x00, 0x00, 0x00, 0x00, 0x00, 0x00, 0x00, 0x00, 0x00, 0x00,
0x00, 0x00, 0x00, 0x00, 0x00, 0x00, 0x00, 0x00, 0x00, 0x00, 0x00, 0x00, 0x00, 0x00, 0x00, 0x00,
0x00, 0x00, 0x00, 0x00, 0x00, 0x00, 0x00, 0x00, 0x00, 0x00, 0x00, 0x00, 0x00, 0x00, 0x00, 0x00,
0x00, 0x00, 0x00, 0x00, 0x00, 0x00, 0x00, 0x00, 0x00, 0x00, 0x00, 0x00, 0x00, 0x00, 0x00, 0x00,
0x00, 0x00, 0x00, 0x00, 0x00, 0x00, 0x00, 0x00, 0x00, 0x00, 0x00, 0x00, 0x00, 0x00, 0x00, 0x00,
0x00, 0x00, 0x00, 0x00, 0x00, 0x00, 0x00, 0x00, 0x00, 0x00, 0x00, 0x00, 0x00, 0x00, 0x00, 0x00,
0x00, 0x00, 0x00, 0x00, 0x00, 0x00, 0x00, 0x00, 0x00, 0x00, 
/* -4- */
0x00, 0x00, 0x00, 0x00, 0x00, 0x00, 0x00, 0x00, 0x00, 0x00, 0x00, 0x00, 0x00, 0x00, 0x00, 0x00,
0x00, 0x00, 0x00, 0x00, 0x00, 0x00, 0x00, 0x00, 0x00, 0x00, 0x00, 0x00, 0x00, 0x00, 0x00, 0x00,
0x00, 0x00, 0x00, 0x00, 0x00, 0x00, 0x00, 0x00, 0x00, 0x00, 0x00, 0x00, 0x00, 0x00, 0x00, 0x00,
0x00, 0x00, 0x00, 0x00, 0x00, 0x00, 0x00, 0x00, 0x00, 0x00, 0x00, 0x00, 0x00, 0x00, 0x00, 0x00,
0x00, 0x00, 0x00, 0x00, 0x00, 0x00, 0x00, 0x00, 0x00, 0x00, 0x00, 0x00, 0x00, 0x00, 0x00, 0x00,
0x00, 0x00, 0x00, 0x00, 0x00, 0x00, 0x00, 0x00, 0x00, 0x00, 0x00, 0x00, 0x00, 0x00, 0x00, 0x00,
0x00, 0x00, 0x00, 0x00, 0x00, 0x00, 0x00, 0x00, 0x00, 0x00, 0x00, 0x00, 0x00, 0x00, 0x00, 0x00,
0x00, 0x00, 0x00, 0x00, 0x00, 0x00, 0x00, 0x00, 0x00, 0x00, 0x00, 0x00, 0x00, 0x00, 0x00, 0x00,
0x00, 0x00, 0x00, 0x00, 0x00, 0x00, 0x00, 0x00, 0x00, 0x00, 0x00, 0x00, 0x00, 0x00, 0x00, 0x00,
0x00, 0x00, 0x00, 0x00, 0x00, 0x00, 0x00, 0x00, 0x00, 0x00, 0x00, 0x00, 0x00, 0x00, 0x00, 0x00,
0x00, 0x00, 0x00, 0x00, 0x00, 0x00, 0x00, 0x00, 0x00, 0x00, 0x00, 0x00, 0x00, 0x00, 0x00, 0x00,
0x00, 0x00, 0x00, 0x00, 0x00, 0x00, 0x00, 0x00, 0x00, 0x00, 0x00, 0x00, 0x00, 0x00, 0x00, 0x00,
0x00, 0x00, 0x00, 0x00, 0x00, 0x00, 0x00, 0x00, 0x00, 0x00, 0x00, 0x00, 0x00, 0x00, 0x00, 0x00,
0x00, 0x00, 0x00, 0x00, 0x00, 0x00, 0x00, 0x00, 0x00, 0x00, 0x00, 0x00, 0x00, 0x00, 0x00, 0x00,
0x00, 0x00, 0x00, 0x00, 0x00, 0x00, 0x00, 0x00, 0x00, 0x00, 0x00, 0x00, 0x00, 0x00, 0x00, 0x00,
0x00, 0x00, 0x00, 0x00, 0x00, 0x00, 0x00, 0x00, 0x00, 0x00, 
/* -5- */
0x00, 0x00, 0x00, 0x00, 0x00, 0x00, 0x00, 0x00, 0x00, 0x00, 0x00, 0x00, 0x00, 0x00, 0x00, 0x00,
0x00, 0x00, 0x00, 0x00, 0x00, 0x00, 0x00, 0x00, 0x00, 0x00, 0x00, 0x00, 0x03, 0x0e, 0x16, 0x1e,
0x2a, 0x3b, 0x46, 0x4f, 0x51, 0x47, 0x3e, 0x2a, 0x1b, 0x12, 0x07, 0x00, 0x00, 0x00, 0x00, 0x00,
0x00, 0x00, 0x00, 0x00, 0x00, 0x00, 0x00, 0x00, 0x00, 0x00, 0x00, 0x00, 0x00, 0x00, 0x00, 0x00,
0x00, 0x00, 0x00, 0x00, 0x00, 0x00, 0x00, 0x00, 0x00, 0x00, 0x00, 0x00, 0x00, 0x00, 0x00, 0x00,
0x00, 0x00, 0x00, 0x00, 0x00, 0x00, 0x00, 0x00, 0x00, 0x00, 0x00, 0x00, 0x00, 0x00, 0x00, 0x00,
0x00, 0x00, 0x00, 0x00, 0x00, 0x00, 0x00, 0x00, 0x00, 0x00, 0x00, 0x00, 0x00, 0x00, 0x00, 0x00,
0x00, 0x00, 0x00, 0x00, 0x00, 0x00, 0x00, 0x00, 0x00, 0x0f, 0x1d, 0x36, 0x5d, 0x72, 0x78, 0x79,
0x71, 0x68, 0x5b, 0x3e, 0x1e, 0x14, 0x08, 0x00, 0x00, 0x00, 0x00, 0x00, 0x00, 0x00, 0x00, 0x00,
0x00, 0x00, 0x00, 0x00, 0x00, 0x00, 0x00, 0x00, 0x00, 0x00, 0x00, 0x00, 0x00, 0x00, 0x00, 0x00,
0x00, 0x00, 0x00, 0x00, 0x00, 0x00, 0x00, 0x00, 0x00, 0x00, 0x00, 0x00, 0x00, 0x00, 0x00, 0x00,
0x00, 0x00, 0x00, 0x07, 0x17, 0x23, 0x43, 0x63, 0x6f, 0x79, 0x74, 0x65, 0x55, 0x2e, 0x1b, 0x0e,
0x00, 0x00, 0x00, 0x00, 0x00, 0x00, 0x00, 0x00, 0x00, 0x00, 0x00, 0x00, 0x00, 0x00, 0x00, 0x00,
0x00, 0x00, 0x00, 0x00, 0x00, 0x00, 0x00, 0x00, 0x00, 0x00, 0x09, 0x17, 0x21, 0x3c, 0x60, 0x6a,
0x75, 0x79, 0x75, 0x6c, 0x60, 0x3d, 0x1f, 0x15, 0x06, 0x00, 0x00, 0x00, 0x00, 0x00, 0x00, 0x00,
0x00, 0x00, 0x00, 0x00, 0x00, 0x00, 0x00, 0x00, 0x00, 0x00, 
/* -6- */
0x00, 0x00, 0x00, 0x00, 0x00, 0x00, 0x00, 0x00, 0x00, 0x00, 0x00, 0x00, 0x00, 0x00, 0x00, 0x00,
0x00, 0x00, 0x00, 0x00, 0x00, 0x00, 0x00, 0x00, 0x00, 0x14, 0x32, 0x51, 0x83, 0xaf, 0xd0, 0xf2,
0xff, 0xff, 0xff, 0xff, 0xff, 0xff, 0xff, 0xff, 0xe6, 0xc2, 0x92, 0x56, 0x32, 0x0c, 0x00, 0x00,
0x00, 0x00, 0x00, 0x00, 0x00, 0x00, 0x00, 0x00, 0x00, 0x00, 0x00, 0x00, 0x00, 0x00, 0x00, 0x00,
0x00, 0x00, 0x00, 0x00, 0x00, 0x00, 0x00, 0x00, 0x00, 0x00, 0x00, 0x00, 0x00, 0x00, 0x00, 0x00,
0x00, 0x00, 0x00, 0x00, 0x00, 0x00, 0x00, 0x00, 0x00, 0x00, 0x00, 0x00, 0x00, 0x00, 0x00, 0x00,
0x00, 0x00, 0x00, 0x00, 0x00, 0x00, 0x00, 0x00, 0x00, 0x00, 0x00, 0x00, 0x00, 0x00, 0x00, 0x00,
0x00, 0x00, 0x00, 0x00, 0x00, 0x00, 0x06, 0x36, 0x6d, 0xb4, 0xf0, 0xff, 0xff, 0xff, 0xff, 0xff,
0xff, 0xff, 0xff, 0xff, 0xf3, 0xca, 0x96, 0x54, 0x29, 0x04, 0x00, 0x00, 0x00, 0x00, 0x00, 0x00,
0x00, 0x00, 0x00, 0x00, 0x00, 0x00, 0x00, 0x00, 0x00, 0x00, 0x00, 0x00, 0x00, 0x00, 0x00, 0x00,
0x00, 0x00, 0x00, 0x00, 0x00, 0x00, 0x00, 0x00, 0x00, 0x00, 0x00, 0x00, 0x00, 0x00, 0x00, 0x00,
0x00, 0x29, 0x59, 0x95, 0xd4, 0xfc, 0xff, 0xff, 0xff, 0xff, 0xff, 0xff, 0xff, 0xff, 0xe4, 0xb1,
0x69, 0x36, 0x09, 0x00, 0x00, 0x00, 0x00, 0x00, 0x00, 0x00, 0x00, 0x00, 0x00, 0x00, 0x00, 0x00,
0x00, 0x00, 0x00, 0x00, 0x00, 0x00, 0x00, 0x07, 0x32, 0x5c, 0x9a, 0xd5, 0xf9, 0xff, 0xff, 0xff,
0xff, 0xff, 0xff, 0xff, 0xff, 0xff, 0xf7, 0xcd, 0x8e, 0x4f, 0x27, 0x00, 0x00, 0x00, 0x00, 0x00,
0x00, 0x00, 0x00, 0x00, 0x00, 0x00, 0x00, 0x00, 0x00, 0x00, 
/* -7- */
0x00, 0x00, 0x00, 0x00, 0x00, 0x00, 0x00, 0x00, 0x00, 0x00, 0x00, 0x00, 0x00, 0x00, 0x00, 0x00,
0x00, 0x00, 0x00, 0x00, 0x00, 0x00, 0x05, 0x3d, 0x78, 0xb3, 0xe4, 0xff, 0xff, 0xff, 0xff, 0xff,
0xff, 0xff, 0xff, 0xff, 0xff, 0xff, 0xff, 0xff, 0xff, 0xff, 0xff, 0xff, 0xe3, 0xa6, 0x5f, 0x18,
0x00, 0x00, 0x00, 0x00, 0x00, 0x00, 0x00, 0x00, 0x0c, 0x55, 0x76, 0x72, 0x72, 0x72, 0x72, 0x72,
0x72, 0x72, 0x72, 0x72, 0x72, 0x72, 0x72, 0x72, 0x75, 0x52, 0x08, 0x00, 0x00, 0x00, 0x00, 0x00,
0x00, 0x00, 0x00, 0x00, 0x00, 0x00, 0x00, 0x00, 0x00, 0x00, 0x00, 0x00, 0x00, 0x3b, 0x8a, 0x8e,
0x8e, 0x8e, 0x8e, 0x8e, 0x8e, 0x8e, 0x8e, 0x8e, 0x8e, 0x8e, 0x8e, 0x8e, 0x8e, 0x8e, 0x31, 0x00,
0x00, 0x00, 0x00, 0x00, 0x00, 0x47, 0x9b, 0xeb, 0xff, 0xff, 0xff, 0xff, 0xff, 0xff, 0xff, 0xff,
0xff, 0xff, 0xff, 0xff, 0xff, 0xff, 0xff, 0xff, 0xd6, 0x97, 0x47, 0x00, 0x00, 0x00, 0x00, 0x00,
0x00, 0x00, 0x00, 0x00, 0x00, 0x00, 0x03, 0x50, 0x8f, 0x8e, 0x8e, 0x8e, 0x8e, 0x8e, 0x8e, 0x8e,
0x8e, 0x8e, 0x8e, 0x8e, 0x8e, 0x8e, 0x8f, 0x7b, 0x1a, 0x00, 0x00, 0x00, 0x00, 0x00, 0x00, 0x3c,
0x8a, 0xd5, 0xff, 0xff, 0xff, 0xff, 0xff, 0xff, 0xff, 0xff, 0xff, 0xff, 0xff, 0xff, 0xff, 0xff,
0xff, 0xea, 0xa1, 0x4d, 0x07, 0x00, 0x00, 0x00, 0x00, 0x00, 0x00, 0x00, 0x00, 0x00, 0x00, 0x00,
0x00, 0x00, 0x00, 0x00, 0x00, 0x10, 0x55, 0x9d, 0xe4, 0xff, 0xff, 0xff, 0xff, 0xff, 0xff, 0xff,
0xff, 0xff, 0xff, 0xff, 0xff, 0xff, 0xff, 0xff, 0xff, 0xff, 0xd2, 0x85, 0x36, 0x00, 0x00, 0x00,
0x00, 0x00, 0x00, 0x00, 0x00, 0x00, 0x00, 0x00, 0x00, 0x00, 
/* -8- */
0x00, 0x00, 0x00, 0x00, 0x00, 0x00, 0x00, 0x00, 0x00, 0x00, 0x00, 0x00, 0x00, 0x00, 0x00, 0x00,
0x00, 0x00, 0x00, 0x00, 0x01, 0x55, 0xb0, 0xe1, 0xff, 0xff, 0xff, 0xff, 0xff, 0xff, 0xff, 0xff,
0xff, 0xff, 0xff, 0xff, 0xff, 0xff, 0xff, 0xff, 0xff, 0xff, 0xff, 0xff, 0xff, 0xff, 0xfa, 0xc7,
0x72, 0x0b, 0x00, 0x00, 0x00, 0x00, 0x00, 0x00, 0x1b, 0xc4, 0xff, 0xff, 0xff, 0xff, 0xff, 0xff,
0xff, 0xff, 0xff, 0xff, 0xff, 0xff, 0xff, 0xff, 0xff, 0xbd, 0x12, 0x00, 0x00, 0x00, 0x00, 0x00,
0x00, 0x00, 0x00, 0x00, 0x00, 0x00, 0x00, 0x00, 0x00, 0x00, 0x00, 0x00, 0x00, 0x6e, 0xff, 0xff,
0xff, 0xff, 0xff, 0xff, 0xff, 0xff, 0xff, 0xff, 0xff, 0xff, 0xff, 0xff, 0xff, 0xff, 0x5b, 0x00,
0x00, 0x00, 0x00, 0x16, 0x90, 0xe9, 0xff, 0xff, 0xff, 0xff, 0xff, 0xff, 0xff, 0xff, 0xff, 0xff,
0xff, 0xff, 0xff, 0xff, 0xff, 0xff, 0xff, 0xff, 0xff, 0xff, 0xe9, 0xa8, 0x3a, 0x00, 0x00, 0x00,
0x00, 0x00, 0x00, 0x00, 0x00, 0x00, 0x06, 0x96, 0xff, 0xff, 0xff, 0xff, 0xff, 0xff, 0xff, 0xff,
0xff, 0xff, 0xff, 0xff, 0xff, 0xff, 0xff, 0xe7, 0x30, 0x00, 0x00, 0x00, 0x00, 0x22, 0x91, 0xe1,
0xff, 0xff, 0xff, 0xff, 0xff, 0xff, 0xff, 0xff, 0xff, 0xff, 0xff, 0xff, 0xff, 0xff, 0xff, 0xff,
0xff, 0xff, 0xff, 0xed, 0xab, 0x32, 0x00, 0x00, 0x00, 0x00, 0x00, 0x00, 0x00, 0x00, 0x00, 0x00,
0x00, 0x00, 0x00, 0x00, 0x53, 0xbb, 0xf3, 0xff, 0xff, 0xff, 0xff, 0xff, 0xff, 0xff, 0xff, 0xff,
0xff, 0xff, 0xff, 0xff, 0xff, 0xff, 0xff, 0xff, 0xff, 0xff, 0xff, 0xff, 0xdd, 0x92, 0x1d, 0x00,
0x00, 0x00, 0x00, 0x00, 0x00, 0x00, 0x00, 0x00, 0x00, 0x00, 
/* -9- */
0x00, 0x00, 0x00, 0x00, 0x00, 0x00, 0x00, 0x00, 0x00, 0x00, 0x00, 0x00, 0x00, 0x00, 0x00, 0x00,
0x00, 0x00, 0x03, 0x5c, 0xc8, 0xf1, 0xff, 0xff, 0xff, 0xff, 0xff, 0xff, 0xff, 0xff, 0xff, 0xff,
0xff, 0xff, 0xff, 0xff, 0xff, 0xff, 0xff, 0xff, 0xff, 0xff, 0xff, 0xff, 0xff, 0xff, 0xff, 0xff,
0xf9, 0xc9, 0x4b, 0x00, 0x00, 0x00, 0x00, 0x00, 0x19, 0xbd, 0xff, 0xff, 0xff, 0xff, 0xff, 0xff,
0xff, 0xff, 0xff, 0xff, 0xff, 0xff, 0xff, 0xff, 0xff, 0xb8, 0x11, 0x00, 0x00, 0x00, 0x00, 0x00,
0x00, 0x00, 0x00, 0x00, 0x00, 0x00, 0x00, 0x00, 0x00, 0x00, 0x00, 0x00, 0x00, 0x69, 0xf7, 0xff,
0xff, 0xff, 0xff, 0xff, 0xff, 0xff, 0xff, 0xff, 0xff, 0xff, 0xff, 0xff, 0xff, 0xfd, 0x57, 0x00,
0x00, 0x00, 0x32, 0xcb, 0xff, 0xff, 0xff, 0xff, 0xff, 0xff, 0xff, 0xff, 0xff, 0xff, 0xff, 0xff,
0xff, 0xff, 0xff, 0xff, 0xff, 0xff, 0xff, 0xff, 0xff, 0xff, 0xff, 0xff, 0x5b, 0x00, 0x00, 0x00,
0x00, 0x00, 0x00, 0x00, 0x00, 0x00, 0x06, 0x8f, 0xff, 0xff, 0xff, 0xff, 0xff, 0xff, 0xff, 0xff,
0xff, 0xff, 0xff, 0xff, 0xff, 0xff, 0xff, 0xdc, 0x2e, 0x00, 0x00, 0x00, 0x4f, 0xd4, 0xff, 0xff,
0xff, 0xff, 0xff, 0xff, 0xff, 0xff, 0xff, 0xff, 0xff, 0xff, 0xff, 0xff, 0xff, 0xff, 0xff, 0xff,
0xff, 0xff, 0xff, 0xff, 0xff, 0xe4, 0x6a, 0x03, 0x00, 0x00, 0x00, 0x00, 0x00, 0x00, 0x00, 0x00,
0x00, 0x00, 0x21, 0xa8, 0xf0, 0xff, 0xff, 0xff, 0xff, 0xff, 0xff, 0xff, 0xff, 0xff, 0xff, 0xff,
0xff, 0xff, 0xff, 0xff, 0xff, 0xff, 0xff, 0xff, 0xff, 0xff, 0xff, 0xff, 0xff, 0xff, 0xd6, 0x57,
0x00, 0x00, 0x00, 0x00, 0x00, 0x00, 0x00, 0x00, 0x00, 0x00, 
/* -10- */
0x00, 0x00, 0x00, 0x00, 0x00, 0x00, 0x00, 0x00, 0x00, 0x00, 0x00, 0x00, 0x00, 0x00, 0x00, 0x00,
0x02, 0x35, 0xb7, 0xfc, 0xff, 0xff, 0xff, 0xff, 0xff, 0xff, 0xff, 0xff, 0xff, 0xff, 0xff, 0xff,
0xff, 0xff, 0xff, 0xff, 0xff, 0xff, 0xff, 0xff, 0xff, 0xff, 0xff, 0xff, 0xff, 0xff, 0xff, 0xff,
0xff, 0xff, 0xf7, 0x90, 0x11, 0x00, 0x00, 0x00, 0x18, 0xbb, 0xff, 0xff, 0xff, 0xff, 0xff, 0xff,
0xff, 0xff, 0xff, 0xff, 0xff, 0xff, 0xff, 0xff, 0xff, 0xb7, 0x11, 0x00, 0x00, 0x00, 0x00, 0x00,
0x00, 0x00, 0x00, 0x00, 0x00, 0x00, 0x00, 0x00, 0x00, 0x00, 0x00, 0x00, 0x00, 0x69, 0xf7, 0xff,
0xff, 0xff, 0xff, 0xff, 0xff, 0xff, 0xff, 0xff, 0xff, 0xff, 0xff, 0xff, 0xff, 0xfd, 0x57, 0x00,
0x02, 0x5b, 0xea, 0xff, 0xff, 0xff, 0xff, 0xff, 0xff, 0xff, 0xff, 0xff, 0xff, 0xff, 0xff, 0xff,
0xff, 0xff, 0xff, 0xff, 0xff, 0xff, 0xff, 0xff, 0xff, 0xff, 0xff, 0xdf, 0x0e, 0x00, 0x00, 0x00,
0x00, 0x00, 0x00, 0x00, 0x00, 0x00, 0x06, 0x90, 0xff, 0xff, 0xff, 0xff, 0xff, 0xff, 0xff, 0xff,
0xff, 0xff, 0xff, 0xff, 0xff, 0xff, 0xff, 0xdc, 0x2e, 0x00, 0x06, 0x79, 0xf8, 0xff, 0xff, 0xff,
0xff, 0xff, 0xff, 0xff, 0xff, 0xff, 0xff, 0xff, 0xff, 0xff, 0xff, 0xff, 0xff, 0xff, 0xff, 0xff,
0xff, 0xff, 0xff, 0xff, 0xff, 0xff, 0xfd, 0x8e, 0x0c, 0x00, 0x00, 0x00, 0x00, 0x00, 0x00, 0x00,
0x04, 0x4c, 0xe1, 0xff, 0xff, 0xff, 0xff, 0xff, 0xff, 0xff, 0xff, 0xff, 0xff, 0xff, 0xff, 0xff,
0xff, 0xff, 0xff, 0xff, 0xff, 0xff, 0xff, 0xff, 0xff, 0xff, 0xff, 0xff, 0xff, 0xff, 0xff, 0xfb,
0x88, 0x0b, 0x00, 0x00, 0x00, 0x00, 0x00, 0x00, 0x00, 0x00, 
/* -11- */
0x00, 0x00, 0x00, 0x00, 0x00, 0x00, 0x00, 0x00, 0x00, 0x00, 0x00, 0x00, 0x00, 0x00, 0x00, 0x10,
0x7b, 0xf0, 0xff, 0xff, 0xff, 0xff, 0xff, 0xff, 0xff, 0xff, 0xff, 0xff, 0xff, 0xff, 0xff, 0xff,
0xff, 0xff, 0xff, 0xff, 0xff, 0xff, 0xff, 0xff, 0xff, 0xff, 0xff, 0xff, 0xff, 0xff, 0xff, 0xff,
0xff, 0xff, 0xff, 0xff, 0xb7, 0x29, 0x00, 0x00, 0x17, 0xb9, 0xff, 0xff, 0xff, 0xff, 0xff, 0xff,
0xff, 0xff, 0xff, 0xff, 0xff, 0xff, 0xff, 0xff, 0xff, 0xb7, 0x11, 0x00, 0x00, 0x00, 0x00, 0x00,
0x00, 0x00, 0x00, 0x00, 0x00, 0x00, 0x00, 0x00, 0x00, 0x00, 0x00, 0x00, 0x00, 0x69, 0xf7, 0xff,
0xff, 0xff, 0xff, 0xff, 0xff, 0xff, 0xff, 0xff, 0xff, 0xff, 0xff, 0xff, 0xff, 0xfd, 0x54, 0x04,
0x6c, 0xef, 0xff, 0xff, 0xff, 0xff, 0xff, 0xff, 0xff, 0xff, 0xff, 0xff, 0xff, 0xff, 0xff, 0xff,
0xff, 0xff, 0xff, 0xff, 0xff, 0xff, 0xff, 0xff, 0xff, 0xff, 0xff, 0x72, 0x00, 0x00, 0x00, 0x00,
0x00, 0x00, 0x00, 0x00, 0x00, 0x00, 0x06, 0x90, 0xff, 0xff, 0xff, 0xff, 0xff, 0xff, 0xff, 0xff,
0xff, 0xff, 0xff, 0xff, 0xff, 0xff, 0xff, 0xdc, 0x2b, 0x0b, 0x8b, 0xff, 0xff, 0xff, 0xff, 0xff,
0xff, 0xff, 0xff, 0xff, 0xff, 0xff, 0xff, 0xff, 0xff, 0xff, 0xff, 0xff, 0xff, 0xff, 0xff, 0xff,
0xff, 0xff, 0xff, 0xff, 0xff, 0xff, 0xff, 0xff, 0xa5, 0x15, 0x00, 0x00, 0x00, 0x00, 0x00, 0x0b,
0x7a, 0xf7, 0xff, 0xff, 0xff, 0xff, 0xff, 0xff, 0xff, 0xff, 0xff, 0xff, 0xff, 0xff, 0xff, 0xff,
0xff, 0xff, 0xff, 0xff, 0xff, 0xff, 0xff, 0xff, 0xff, 0xff, 0xff, 0xff, 0xff, 0xff, 0xff, 0xff,
0xff, 0xa6, 0x19, 0x00, 0x00, 0x00, 0x00, 0x00, 0x00, 0x00, 
/* -12- */
0x00, 0x00, 0x00, 0x00, 0x00, 0x00, 0x00, 0x00, 0x00, 0x00, 0x00, 0x00, 0x00, 0x00, 0x2d, 0xaa,
0xff, 0xff, 0xff, 0xff, 0xff, 0xff, 0xff, 0xff, 0xff, 0xff, 0xff, 0xff, 0xff, 0xff, 0xff, 0xff,
0xff, 0xff, 0xff, 0xff, 0xff, 0xff, 0xff, 0xff, 0xff, 0xff, 0xff, 0xff, 0xff, 0xff, 0xff, 0xff,
0xff, 0xff, 0xff, 0xff, 0xff, 0xca, 0x3a, 0x00, 0x16, 0xb8, 0xff, 0xff, 0xff, 0xff, 0xff, 0xff,
0xff, 0xff, 0xff, 0xff, 0xff, 0xff, 0xff, 0xff, 0xff, 0xb7, 0x11, 0x00, 0x00, 0x00, 0x00, 0x00,
0x00, 0x00, 0x00, 0x00, 0x00, 0x00, 0x00, 0x00, 0x00, 0x00, 0x00, 0x00, 0x00, 0x69, 0xf7, 0xff,
0xff, 0xff, 0xff, 0xff, 0xff, 0xff, 0xff, 0xff, 0xff, 0xff, 0xff, 0xff, 0xff, 0xfb, 0x54, 0x69,
0xf4, 0xff, 0xff, 0xff, 0xff, 0xff, 0xff, 0xff, 0xff, 0xff, 0xff, 0xff, 0xff, 0xff, 0xff, 0xff,
0xff, 0xff, 0xff, 0xff, 0xff, 0xff, 0xff, 0xff, 0xff, 0xff, 0xe4, 0x20, 0x00, 0x00, 0x00, 0x00,
0x00, 0x00, 0x00, 0x00, 0x00, 0x00, 0x06, 0x90, 0xff, 0xff, 0xff, 0xff, 0xff, 0xff, 0xff, 0xff,
0xff, 0xff, 0xff, 0xff, 0xff, 0xff, 0xff, 0xda, 0x32, 0x88, 0xff, 0xff, 0xff, 0xff, 0xff, 0xff,
0xff, 0xff, 0xff, 0xff, 0xff, 0xff, 0xff, 0xff, 0xff, 0xff, 0xff, 0xff, 0xff, 0xff, 0xff, 0xff,
0xff, 0xff, 0xff, 0xff, 0xff, 0xff, 0xff, 0xff, 0xff, 0x9e, 0x11, 0x00, 0x00, 0x00, 0x0c, 0x8b,
0xfa, 0xff, 0xff, 0xff, 0xff, 0xff, 0xff, 0xff, 0xff, 0xff, 0xff, 0xff, 0xff, 0xff, 0xff, 0xff,
0xff, 0xff, 0xff, 0xff, 0xff, 0xff, 0xff, 0xff, 0xff, 0xff, 0xff, 0xff, 0xff, 0xff, 0xff, 0xff,
0xff, 0xff, 0xb0, 0x17, 0x00, 0x00, 0x00, 0x00, 0x00, 0x00, 
/* -13- */
0x00, 0x00, 0x00, 0x00, 0x00, 0x00, 0x00, 0x00, 0x00, 0x00, 0x00, 0x00, 0x00, 0x52, 0xd4, 0xff,
0xff, 0xff, 0xff, 0xff, 0xff, 0xff, 0xff, 0xff, 0xff, 0xff, 0xff, 0xff, 0xff, 0xff, 0xff, 0xff,
0xff, 0xff, 0xff, 0xff, 0xff, 0xff, 0xff, 0xff, 0xff, 0xff, 0xff, 0xff, 0xff, 0xff, 0xff, 0xff,
0xff, 0xff, 0xff, 0xff, 0xff, 0xff, 0xdb, 0x3a, 0x10, 0xb6, 0xff, 0xff, 0xff, 0xff, 0xff, 0xff,
0xff, 0xff, 0xff, 0xff, 0xff, 0xff, 0xff, 0xff, 0xff, 0xb7, 0x11, 0x00, 0x00, 0x00, 0x00, 0x00,
0x00, 0x00, 0x00, 0x00, 0x00, 0x00, 0x00, 0x00, 0x00, 0x00, 0x00, 0x00, 0x00, 0x69, 0xf7, 0xff,
0xff, 0xff, 0xff, 0xff, 0xff, 0xff, 0xff, 0xff, 0xff, 0xff, 0xff, 0xff, 0xff, 0xfc, 0xb3, 0xee,
0xff, 0xff, 0xff, 0xff, 0xff, 0xff, 0xff, 0xff, 0xff, 0xff, 0xff, 0xff, 0xff, 0xff, 0xff, 0xff,
0xff, 0xff, 0xff, 0xff, 0xff, 0xff, 0xff, 0xff, 0xff, 0xff, 0x83, 0x04, 0x00, 0x00, 0x00, 0x00,
0x00, 0x00, 0x00, 0x00, 0x00, 0x00, 0x06, 0x90, 0xff, 0xff, 0xff, 0xff, 0xff, 0xff, 0xff, 0xff,
0xff, 0xff, 0xff, 0xff, 0xff, 0xff, 0xff, 0xdd, 0xac, 0xf8, 0xff, 0xff, 0xff, 0xff, 0xff, 0xff,
0xff, 0xff, 0xff, 0xff, 0xff, 0xff, 0xff, 0xff, 0xff, 0xff, 0xff, 0xff, 0xff, 0xff, 0xff, 0xff,
0xff, 0xff, 0xff, 0xff, 0xff, 0xff, 0xff, 0xff, 0xff, 0xfa, 0x82, 0x06, 0x00, 0x08, 0x8f, 0xfa,
0xff, 0xff, 0xff, 0xff, 0xff, 0xff, 0xff, 0xff, 0xff, 0xff, 0xff, 0xff, 0xff, 0xff, 0xff, 0xff,
0xff, 0xff, 0xff, 0xff, 0xff, 0xff, 0xff, 0xff, 0xff, 0xff, 0xff, 0xff, 0xff, 0xff, 0xff, 0xff,
0xff, 0xff, 0xff, 0xa1, 0x0d, 0x00, 0x00, 0x00, 0x00, 0x00, 
/* -14- */
0x00, 0x00, 0x00, 0x00, 0x00, 0x00, 0x00, 0x00, 0x00, 0x00, 0x00, 0x00, 0x59, 0xea, 0xff, 0xff,
0xff, 0xff, 0xff, 0xff, 0xff, 0xff, 0xff, 0xff, 0xff, 0xff, 0xff, 0xff, 0xff, 0xff, 0xff, 0xff,
0xff, 0xff, 0xff, 0xff, 0xff, 0xff, 0xff, 0xff, 0xff, 0xff, 0xff, 0xff, 0xff, 0xff, 0xff, 0xff,
0xff, 0xff, 0xff, 0xff, 0xff, 0xff, 0xff, 0xd1, 0x3e, 0xb0, 0xff, 0xff, 0xff, 0xff, 0xff, 0xff,
0xff, 0xff, 0xff, 0xff, 0xff, 0xff, 0xff, 0xff, 0xff, 0xb7, 0x11, 0x00, 0x00, 0x00, 0x00, 0x00,
0x00, 0x00, 0x00, 0x00, 0x00, 0x00, 0x00, 0x00, 0x00, 0x00, 0x00, 0x00, 0x00, 0x69, 0xf7, 0xff,
0xff, 0xff, 0xff, 0xff, 0xff, 0xff, 0xff, 0xff, 0xff, 0xff, 0xff, 0xff, 0xff, 0xff, 0xfe, 0xff,
0xff, 0xff, 0xff, 0xff, 0xff, 0xff, 0xff, 0xff, 0xff, 0xff, 0xff, 0xff, 0xff, 0xff, 0xff, 0xff,
0xff, 0xff, 0xff, 0xff, 0xff, 0xff, 0xff, 0xff, 0xff, 0xe6, 0x37, 0x00, 0x00, 0x00, 0x00, 0x00,
0x00, 0x00, 0x00, 0x00, 0x00, 0x00, 0x06, 0x90, 0xff, 0xff, 0xff, 0xff, 0xff, 0xff, 0xff, 0xff,
0xff, 0xff, 0xff, 0xff, 0xff, 0xff, 0xff, 0xfa, 0xff, 0xff, 0xff, 0xff, 0xff, 0xff, 0xff, 0xff,
0xff, 0xff, 0xff, 0xff, 0xff, 0xff, 0xff, 0xff, 0xff, 0xff, 0xff, 0xff, 0xff, 0xff, 0xff, 0xff,
0xff, 0xff, 0xff, 0xff, 0xff, 0xff, 0xff, 0xff, 0xff, 0xff, 0xf6, 0x4c, 0x00, 0x72, 0xfb, 0xff,
0xff, 0xff, 0xff, 0xff, 0xff, 0xff, 0xff, 0xff, 0xff, 0xff, 0xff, 0xff, 0xff, 0xff, 0xff, 0xff,
0xff, 0xff, 0xff, 0xff, 0xff, 0xff, 0xff, 0xff, 0xff, 0xff, 0xff, 0xff, 0xff, 0xff, 0xff, 0xff,
0xff, 0xff, 0xff, 0xfd, 0x7e, 0x00, 0x00, 0x00, 0x00, 0x00, 
/* -15- */
0x00, 0x00, 0x00, 0x00, 0x00, 0x00, 0x00, 0x00, 0x00, 0x00, 0x00, 0x63, 0xf3, 0xff, 0xff, 0xff,
0xff, 0xff, 0xff, 0xff, 0xff, 0xff, 0xff, 0xff, 0xff, 0xff, 0xff, 0xff, 0xff, 0xff, 0xff, 0xff,
0xff, 0xff, 0xff, 0xff, 0xff, 0xff, 0xff, 0xff, 0xff, 0xff, 0xff, 0xff, 0xff, 0xff, 0xff, 0xff,
0xff, 0xff, 0xff, 0xff, 0xff, 0xff, 0xff, 0xff, 0xd1, 0xc9, 0xff, 0xff, 0xff, 0xff, 0xff, 0xff,
0xff, 0xff, 0xff, 0xff, 0xff, 0xff, 0xff, 0xff, 0xff, 0xb7, 0x11, 0x00, 0x00, 0x00, 0x00, 0x00,
0x00, 0x00, 0x00, 0x00, 0x00, 0x00, 0x00, 0x00, 0x00, 0x00, 0x00, 0x00, 0x00, 0x69, 0xf7, 0xff,
0xff, 0xff, 0xff, 0xff, 0xff, 0xff, 0xff, 0xff, 0xff, 0xff, 0xff, 0xff, 0xff, 0xff, 0xff, 0xff,
0xff, 0xff, 0xff, 0xff, 0xff, 0xff, 0xff, 0xff, 0xff, 0xff, 0xff, 0xff, 0xff, 0xff, 0xff, 0xff,
0xff, 0xff, 0xff, 0xff, 0xff, 0xff, 0xff, 0xff, 0xff, 0x9d, 0x07, 0x00, 0x00, 0x00, 0x00, 0x00,
0x00, 0x00, 0x00, 0x00, 0x00, 0x00, 0x06, 0x90, 0xff, 0xff, 0xff, 0xff, 0xff, 0xff, 0xff, 0xff,
0xff, 0xff, 0xff, 0xff, 0xff, 0xff, 0xff, 0xff, 0xff, 0xff, 0xff, 0xff, 0xff, 0xff, 0xff, 0xff,
0xff, 0xff, 0xff, 0xff, 0xff, 0xff, 0xff, 0xff, 0xff, 0xff, 0xff, 0xff, 0xff, 0xff, 0xff, 0xff,
0xff, 0xff, 0xff, 0xff, 0xff, 0xff, 0xff, 0xff, 0xff, 0xff, 0xff, 0xca, 0x63, 0xf4, 0xff, 0xff,
0xff, 0xff, 0xff, 0xff, 0xff, 0xff, 0xff, 0xff, 0xff, 0xff, 0xff, 0xff, 0xff, 0xff, 0xff, 0xff,
0xff, 0xff, 0xff, 0xff, 0xff, 0xff, 0xff, 0xff, 0xff, 0xff, 0xff, 0xff, 0xff, 0xff, 0xff, 0xff,
0xff, 0xff, 0xff, 0xff, 0xf7, 0x40, 0x00, 0x00, 0x00, 0x00, 
/* -16- */
0x00, 0x00, 0x00, 0x00, 0x00, 0x00, 0x00, 0x00, 0x00, 0x00, 0x55, 0xf3, 0xff, 0xff, 0xff, 0xff,
0xff, 0xff, 0xff, 0xff, 0xff, 0xff, 0xff, 0xff, 0xff, 0xff, 0xff, 0xff, 0xff, 0xff, 0xff, 0xff,
0xff, 0xff, 0xff, 0xff, 0xff, 0xff, 0xff, 0xff, 0xff, 0xff, 0xff, 0xff, 0xff, 0xff, 0xff, 0xff,
0xff, 0xff, 0xff, 0xff, 0xff, 0xff, 0xff, 0xff, 0xff, 0xff, 0xff, 0xff, 0xff, 0xff, 0xff, 0xff,
0xff, 0xff, 0xff, 0xff, 0xff, 0xff, 0xff, 0xff, 0xff, 0xb7, 0x11, 0x00, 0x00, 0x00, 0x00, 0x00,
0x00, 0x00, 0x00, 0x00, 0x00, 0x00, 0x00, 0x00, 0x00, 0x00, 0x00, 0x00, 0x00, 0x69, 0xf7, 0xff,
0xff, 0xff, 0xff, 0xff, 0xff, 0xff, 0xff, 0xff, 0xff, 0xff, 0xff, 0xff, 0xff, 0xff, 0xff, 0xff,
0xff, 0xff, 0xff, 0xff, 0xff, 0xff, 0xff, 0xff, 0xff, 0xff, 0xff, 0xff, 0xff, 0xff, 0xff, 0xff,
0xff, 0xff, 0xff, 0xff, 0xff, 0xff, 0xff, 0xff, 0xf1, 0x50, 0x00, 0x00, 0x00, 0x00, 0x00, 0x00,
0x00, 0x00, 0x00, 0x00, 0x00, 0x00, 0x06, 0x90, 0xff, 0xff, 0xff, 0xff, 0xff, 0xff, 0xff, 0xff,
0xff, 0xff, 0xff, 0xff, 0xff, 0xff, 0xff, 0xff, 0xff, 0xff, 0xff, 0xff, 0xff, 0xff, 0xff, 0xff,
0xff, 0xff, 0xff, 0xff, 0xff, 0xff, 0xff, 0xff, 0xff, 0xff, 0xff, 0xff, 0xff, 0xff, 0xff, 0xff,
0xff, 0xff, 0xff, 0xff, 0xff, 0xff, 0xff, 0xff, 0xff, 0xff, 0xff, 0xff, 0xfe, 0xff, 0xff, 0xff,
0xff, 0xff, 0xff, 0xff, 0xff, 0xff, 0xff, 0xff, 0xff, 0xff, 0xff, 0xff, 0xff, 0xff, 0xff, 0xff,
0xff, 0xff, 0xff, 0xff, 0xff, 0xff, 0xff, 0xff, 0xff, 0xff, 0xff, 0xff, 0xff, 0xff, 0xff, 0xff,
0xff, 0xff, 0xff, 0xff, 0xff, 0xcd, 0x12, 0x00, 0x00, 0x00, 
/* -17- */
0x00, 0x00, 0x00, 0x00, 0x00, 0x00, 0x00, 0x00, 0x00, 0x45, 0xe9, 0xff, 0xff, 0xff, 0xff, 0xff,
0xff, 0xff, 0xff, 0xff, 0xff, 0xff, 0xff, 0xff, 0xff, 0xff, 0xff, 0xff, 0xff, 0xff, 0xff, 0xff,
0xff, 0xff, 0xff, 0xff, 0xff, 0xff, 0xff, 0xff, 0xff, 0xff, 0xff, 0xff, 0xff, 0xff, 0xff, 0xff,
0xff, 0xff, 0xff, 0xff, 0xff, 0xff, 0xff, 0xff, 0xff, 0xff, 0xff, 0xff, 0xff, 0xff, 0xff, 0xff,
0xff, 0xff, 0xff, 0xff, 0xff, 0xff, 0xff, 0xff, 0xff, 0xb7, 0x11, 0x00, 0x00, 0x00, 0x00, 0x00,
0x00, 0x00, 0x00, 0x00, 0x00, 0x00, 0x00, 0x00, 0x00, 0x00, 0x00, 0x00, 0x00, 0x69, 0xf7, 0xff,
0xff, 0xff, 0xff, 0xff, 0xff, 0xff, 0xff, 0xff, 0xff, 0xff, 0xff, 0xff, 0xff, 0xff, 0xff, 0xff,
0xff, 0xff, 0xff, 0xff, 0xff, 0xff, 0xff, 0xff, 0xff, 0xff, 0xff, 0xff, 0xff, 0xff, 0xff, 0xff,
0xff, 0xff, 0xff, 0xff, 0xff, 0xff, 0xff, 0xff, 0xb9, 0x0e, 0x00, 0x00, 0x00, 0x00, 0x00, 0x00,
0x00, 0x00, 0x00, 0x00, 0x00, 0x00, 0x06, 0x91, 0xff, 0xff, 0xff, 0xff, 0xff, 0xff, 0xff, 0xff,
0xff, 0xff, 0xff, 0xff, 0xff, 0xff, 0xff, 0xff, 0xff, 0xff, 0xff, 0xff, 0xff, 0xff, 0xff, 0xff,
0xff, 0xff, 0xff, 0xff, 0xff, 0xff, 0xff, 0xff, 0xff, 0xff, 0xff, 0xff, 0xff, 0xff, 0xff, 0xff,
0xff, 0xff, 0xff, 0xff, 0xff, 0xff, 0xff, 0xff, 0xff, 0xff, 0xff, 0xff, 0xff, 0xff, 0xff, 0xff,
0xff, 0xff, 0xff, 0xff, 0xff, 0xff, 0xff, 0xff, 0xff, 0xff, 0xff, 0xff, 0xff, 0xff, 0xff, 0xff,
0xff, 0xff, 0xff, 0xff, 0xff, 0xff, 0xff, 0xff, 0xff, 0xff, 0xff, 0xff, 0xff, 0xff, 0xff, 0xff,
0xff, 0xff, 0xff, 0xff, 0xff, 0xfa, 0x7a, 0x00, 0x00, 0x00, 
/* -18- */
0x00, 0x00, 0x00, 0x00, 0x00, 0x00, 0x00, 0x00, 0x2e, 0xd8, 0xff, 0xff, 0xff, 0xff, 0xff, 0xff,
0xff, 0xff, 0xff, 0xff, 0xff, 0xff, 0xff, 0xff, 0xff, 0xff, 0xff, 0xff, 0xff, 0xff, 0xff, 0xff,
0xff, 0xff, 0xff, 0xff, 0xff, 0xff, 0xff, 0xff, 0xff, 0xff, 0xff, 0xff, 0xff, 0xff, 0xff, 0xff,
0xff, 0xff, 0xff, 0xff, 0xff, 0xff, 0xff, 0xff, 0xff, 0xff, 0xff, 0xff, 0xff, 0xff, 0xff, 0xff,
0xff, 0xff, 0xff, 0xff, 0xff, 0xff, 0xff, 0xff, 0xff, 0xb7, 0x11, 0x00, 0x00, 0x00, 0x00, 0x00,
0x00, 0x00, 0x00, 0x00, 0x00, 0x00, 0x00, 0x00, 0x00, 0x00, 0x00, 0x00, 0x00, 0x69, 0xf7, 0xff,
0xff, 0xff, 0xff, 0xff, 0xff, 0xff, 0xff, 0xff, 0xff, 0xff, 0xff, 0xff, 0xff, 0xff, 0xff, 0xff,
0xff, 0xff, 0xff, 0xff, 0xff, 0xff, 0xff, 0xff, 0xff, 0xff, 0xff, 0xff, 0xff, 0xff, 0xff, 0xff,
0xff, 0xff, 0xff, 0xff, 0xff, 0xff, 0xff, 0xf5, 0x64, 0x00, 0x00, 0x00, 0x00, 0x00, 0x00, 0x00,
0x00, 0x00, 0x00, 0x00, 0x00, 0x00, 0x06, 0x90, 0xff, 0xff, 0xff, 0xff, 0xff, 0xff, 0xff, 0xff,
0xff, 0xff, 0xff, 0xff, 0xff, 0xff, 0xff, 0xff, 0xff, 0xff, 0xff, 0xff, 0xff, 0xff, 0xff, 0xff,
0xff, 0xff, 0xff, 0xff, 0xff, 0xff, 0xff, 0xff, 0xff, 0xff, 0xff, 0xff, 0xff, 0xff, 0xff, 0xff,
0xff, 0xff, 0xff, 0xff, 0xff, 0xff, 0xff, 0xff, 0xff, 0xff, 0xff, 0xff, 0xff, 0xff, 0xff, 0xff,
0xff, 0xff, 0xff, 0xff, 0xff, 0xff, 0xff, 0xff, 0xff, 0xff, 0xff, 0xff, 0xff, 0xff, 0xff, 0xff,
0xff, 0xff, 0xff, 0xff, 0xff, 0xff, 0xff, 0xff, 0xff, 0xff, 0xff, 0xff, 0xff, 0xff, 0xff, 0xff,
0xff, 0xff, 0xff, 0xff, 0xff, 0xff, 0xcd, 0x1f, 0x00, 0x00, 
/* -19- */
0x00, 0x00, 0x00, 0x00, 0x00, 0x00, 0x00, 0x0b, 0xad, 0xff, 0xff, 0xff, 0xff, 0xff, 0xff, 0xff,
0xff, 0xff, 0xff, 0xff, 0xff, 0xff, 0xff, 0xff, 0xff, 0xff, 0xff, 0xff, 0xff, 0xff, 0xff, 0xff,
0xff, 0xff, 0xff, 0xff, 0xff, 0xff, 0xff, 0xff, 0xff, 0xff, 0xff, 0xff, 0xff, 0xff, 0xff, 0xff,
0xff, 0xff, 0xff, 0xff, 0xff, 0xff, 0xff, 0xff, 0xff, 0xff, 0xff, 0xff, 0xff, 0xff, 0xff, 0xff,
0xff, 0xff, 0xff, 0xff, 0xff, 0xff, 0xff, 0xff, 0xff, 0xb7, 0x11, 0x00, 0x00, 0x00, 0x00, 0x00,
0x00, 0x00, 0x00, 0x00, 0x00, 0x00, 0x00, 0x00, 0x00, 0x00, 0x00, 0x00, 0x00, 0x69, 0xf7, 0xff,
0xff, 0xff, 0xff, 0xff, 0xff, 0xff, 0xff, 0xff, 0xff, 0xff, 0xff, 0xff, 0xff, 0xff, 0xff, 0xff,
0xff, 0xff, 0xff, 0xff, 0xff, 0xff, 0xff, 0xff, 0xff, 0xff, 0xff, 0xff, 0xff, 0xff, 0xff, 0xff,
0xff, 0xff, 0xff, 0xff, 0xff, 0xff, 0xff, 0xd4, 0x0a, 0x00, 0x00, 0x00, 0x00, 0x00, 0x00, 0x00,
0x00, 0x00, 0x00, 0x00, 0x00, 0x00, 0x06, 0x91, 0xff, 0xff, 0xff, 0xff, 0xff, 0xff, 0xff, 0xff,
0xff, 0xff, 0xff, 0xff, 0xff, 0xff, 0xff, 0xff, 0xff, 0xff, 0xff, 0xff, 0xff, 0xff, 0xff, 0xff,
0xff, 0xff, 0xff, 0xff, 0xff, 0xff, 0xff, 0xff, 0xff, 0xff, 0xff, 0xff, 0xff, 0xff, 0xff, 0xff,
0xff, 0xff, 0xff, 0xff, 0xff, 0xff, 0xff, 0xff, 0xff, 0xff, 0xff, 0xff, 0xff, 0xff, 0xff, 0xff,
0xff, 0xff, 0xff, 0xff, 0xff, 0xff, 0xff, 0xff, 0xff, 0xff, 0xff, 0xff, 0xff, 0xff, 0xff, 0xff,
0xff, 0xff, 0xff, 0xff, 0xff, 0xff, 0xff, 0xff, 0xff, 0xff, 0xff, 0xff, 0xff, 0xff, 0xff, 0xff,
0xff, 0xff, 0xff, 0xff, 0xff, 0xff, 0xfb, 0x69, 0x00, 0x00, 
/* -20- */
0x00, 0x00, 0x00, 0x00, 0x00, 0x00, 0x02, 0x76, 0xff, 0xff, 0xff, 0xff, 0xff, 0xff, 0xff, 0xff,
0xff, 0xff, 0xff, 0xff, 0xff, 0xff, 0xff, 0xff, 0xff, 0xff, 0xff, 0xff, 0xff, 0xff, 0xff, 0xff,
0xf8, 0xec, 0xe1, 0xc1, 0xac, 0xa0, 0xa0, 0xab, 0xc6, 0xe2, 0xed, 0xf8, 0xff, 0xff, 0xff, 0xff,
0xff, 0xff, 0xff, 0xff, 0xff, 0xff, 0xff, 0xff, 0xff, 0xff, 0xff, 0xff, 0xff, 0xff, 0xff, 0xff,
0xff, 0xff, 0xff, 0xff, 0xff, 0xff, 0xff, 0xff, 0xff, 0xb7, 0x11, 0x00, 0x00, 0x00, 0x00, 0x00,
0x00, 0x00, 0x00, 0x00, 0x00, 0x00, 0x00, 0x00, 0x00, 0x00, 0x00, 0x00, 0x00, 0x69, 0xf7, 0xff,
0xff, 0xff, 0xff, 0xff, 0xff, 0xff, 0xff, 0xff, 0xff, 0xff, 0xff, 0xff, 0xff, 0xff, 0xff, 0xff,
0xff, 0xff, 0xff, 0xff, 0xff, 0xff, 0xff, 0xff, 0xff, 0xff, 0xff, 0xfe, 0xfe, 0xff, 0xff, 0xff,
0xff, 0xff, 0xff, 0xff, 0xff, 0xff, 0xff, 0x71, 0x00, 0x00, 0x00, 0x00, 0x00, 0x00, 0x00, 0x00,
0x00, 0x00, 0x00, 0x00, 0x00, 0x00, 0x06, 0x91, 0xff, 0xff, 0xff, 0xff, 0xff, 0xff, 0xff, 0xff,
0xff, 0xff, 0xff, 0xff, 0xff, 0xff, 0xff, 0xff, 0xff, 0xff, 0xff, 0xff, 0xff, 0xff, 0xff, 0xff,
0xff, 0xee, 0xd8, 0xac, 0x92, 0x8c, 0x91, 0xb4, 0xe2, 0xf7, 0xff, 0xff, 0xff, 0xff, 0xff, 0xff,
0xff, 0xff, 0xff, 0xff, 0xff, 0xff, 0xff, 0xff, 0xff, 0xff, 0xff, 0xff, 0xff, 0xff, 0xff, 0xff,
0xff, 0xff, 0xff, 0xff, 0xff, 0xff, 0xff, 0xff, 0xff, 0xfe, 0xed, 0xd8, 0xae, 0x95, 0x8c, 0x99,
0xc3, 0xe9, 0xfb, 0xff, 0xff, 0xff, 0xff, 0xff, 0xff, 0xff, 0xff, 0xff, 0xff, 0xff, 0xff, 0xff,
0xff, 0xff, 0xff, 0xff, 0xff, 0xff, 0xff, 0xa8, 0x0c, 0x00, 
/* -21- */
0x00, 0x00, 0x00, 0x00, 0x00, 0x00, 0x36, 0xe1, 0xff, 0xff, 0xff, 0xff, 0xff, 0xff, 0xff, 0xff,
0xff, 0xff, 0xff, 0xff, 0xff, 0xff, 0xff, 0xff, 0xff, 0xff, 0xff, 0xff, 0xff, 0xff, 0xdd, 0xac,
0x69, 0x2b, 0x01, 0x00, 0x00, 0x00, 0x00, 0x00, 0x00, 0x03, 0x2e, 0x68, 0xac, 0xd9, 0xff, 0xff,
0xff, 0xff, 0xff, 0xff, 0xff, 0xff, 0xff, 0xff, 0xff, 0xff, 0xff, 0xff, 0xff, 0xff, 0xff, 0xff,
0xff, 0xff, 0xff, 0xff, 0xff, 0xff, 0xff, 0xff, 0xff, 0xb7, 0x11, 0x00, 0x00, 0x00, 0x00, 0x00,
0x00, 0x00, 0x00, 0x00, 0x00, 0x00, 0x00, 0x00, 0x00, 0x00, 0x00, 0x00, 0x00, 0x69, 0xf7, 0xff,
0xff, 0xff, 0xff, 0xff, 0xff, 0xff, 0xff, 0xff, 0xff, 0xff, 0xff, 0xff, 0xff, 0xff, 0xff, 0xff,
0xff, 0xff, 0xff, 0xff, 0xff, 0xff, 0xff, 0xfc, 0xdb, 0xbf, 0xa0, 0x86, 0x86, 0x8c, 0x9c, 0xb0,
0xc9, 0xe0, 0xff, 0xff, 0xff, 0xff, 0xe6, 0x14, 0x00, 0x00, 0x00, 0x00, 0x00, 0x00, 0x00, 0x00,
0x00, 0x00, 0x00, 0x00, 0x00, 0x00, 0x06, 0x91, 0xff, 0xff, 0xff, 0xff, 0xff, 0xff, 0xff, 0xff,
0xff, 0xff, 0xff, 0xff, 0xff, 0xff, 0xff, 0xff, 0xff, 0xff, 0xff, 0xff, 0xff, 0xff, 0xff, 0xd8,
0x8f, 0x36, 0x01, 0x00, 0x00, 0x00, 0x00, 0x00, 0x0e, 0x61, 0xc5, 0xfd, 0xff, 0xff, 0xff, 0xff,
0xff, 0xff, 0xff, 0xff, 0xff, 0xff, 0xff, 0xff, 0xff, 0xff, 0xff, 0xff, 0xff, 0xff, 0xff, 0xff,
0xff, 0xff, 0xff, 0xff, 0xff, 0xff, 0xff, 0xff, 0xd1, 0x85, 0x2f, 0x00, 0x00, 0x00, 0x00, 0x00,
0x00, 0x1d, 0x78, 0xd5, 0xff, 0xff, 0xff, 0xff, 0xff, 0xff, 0xff, 0xff, 0xff, 0xff, 0xff, 0xff,
0xff, 0xff, 0xff, 0xff, 0xff, 0xff, 0xff, 0xe1, 0x30, 0x00, 
/* -22- */
0x00, 0x00, 0x00, 0x00, 0x00, 0x06, 0x9e, 0xff, 0xff, 0xff, 0xff, 0xff, 0xff, 0xff, 0xff, 0xff,
0xff, 0xff, 0xff, 0xff, 0xff, 0xff, 0xff, 0xff, 0xff, 0xff, 0xff, 0xff, 0xd9, 0x83, 0x32, 0x00,
0x00, 0x00, 0x00, 0x00, 0x00, 0x00, 0x00, 0x00, 0x00, 0x00, 0x00, 0x00, 0x00, 0x2a, 0x78, 0xca,
0xff, 0xff, 0xff, 0xff, 0xff, 0xff, 0xff, 0xff, 0xff, 0xff, 0xff, 0xff, 0xff, 0xff, 0xff, 0xff,
0xff, 0xff, 0xff, 0xff, 0xff, 0xff, 0xff, 0xff, 0xff, 0xb7, 0x11, 0x00, 0x00, 0x00, 0x00, 0x00,
0x00, 0x00, 0x00, 0x00, 0x00, 0x00, 0x00, 0x00, 0x00, 0x00, 0x00, 0x00, 0x00, 0x69, 0xf7, 0xff,
0xff, 0xff, 0xff, 0xff, 0xff, 0xff, 0xff, 0xff, 0xff, 0xff, 0xff, 0xff, 0xff, 0xff, 0xff, 0xff,
0xff, 0xff, 0xff, 0xff, 0xff, 0xfe, 0xba, 0x6e, 0x2e, 0x00, 0x00, 0x00, 0x00, 0x00, 0x00, 0x00,
0x0c, 0x37, 0x74, 0xb5, 0xf8, 0xff, 0x80, 0x00, 0x00, 0x00, 0x00, 0x00, 0x00, 0x00, 0x00, 0x00,
0x00, 0x00, 0x00, 0x00, 0x00, 0x00, 0x06, 0x91, 0xff, 0xff, 0xff, 0xff, 0xff, 0xff, 0xff, 0xff,
0xff, 0xff, 0xff, 0xff, 0xff, 0xff, 0xff, 0xff, 0xff, 0xff, 0xff, 0xff, 0xff, 0xf5, 0x95, 0x28,
0x00, 0x00, 0x00, 0x00, 0x00, 0x00, 0x00, 0x00, 0x00, 0x00, 0x13, 0x86, 0xf3, 0xff, 0xff, 0xff,
0xff, 0xff, 0xff, 0xff, 0xff, 0xff, 0xff, 0xff, 0xff, 0xff, 0xff, 0xff, 0xff, 0xff, 0xff, 0xff,
0xff, 0xff, 0xff, 0xff, 0xff, 0xff, 0xed, 0x85, 0x1e, 0x00, 0x00, 0x00, 0x00, 0x00, 0x00, 0x00,
0x00, 0x00, 0x00, 0x27, 0xa3, 0xff, 0xff, 0xff, 0xff, 0xff, 0xff, 0xff, 0xff, 0xff, 0xff, 0xff,
0xff, 0xff, 0xff, 0xff, 0xff, 0xff, 0xff, 0xff, 0x58, 0x00, 
/* -23- */
0x00, 0x00, 0x00, 0x00, 0x00, 0x47, 0xf6, 0xff, 0xff, 0xff, 0xff, 0xff, 0xff, 0xff, 0xff, 0xff,
0xff, 0xff, 0xff, 0xff, 0xff, 0xff, 0xff, 0xff, 0xff, 0xff, 0xfb, 0x9a, 0x30, 0x00, 0x00, 0x00,
0x00, 0x00, 0x00, 0x00, 0x00, 0x00, 0x00, 0x00, 0x00, 0x00, 0x00, 0x00, 0x00, 0x00, 0x00, 0x24,
0x7c, 0xef, 0xff, 0xff, 0xff, 0xff, 0xff, 0xff, 0xff, 0xff, 0xff, 0xff, 0xff, 0xff, 0xff, 0xff,
0xff, 0xff, 0xff, 0xff, 0xff, 0xff, 0xff, 0xff, 0xff, 0xb7, 0x11, 0x00, 0x00, 0x00, 0x00, 0x00,
0x00, 0x00, 0x00, 0x00, 0x00, 0x00, 0x00, 0x00, 0x00, 0x00, 0x00, 0x00, 0x00, 0x69, 0xf7, 0xff,
0xff, 0xff, 0xff, 0xff, 0xff, 0xff, 0xff, 0xff, 0xff, 0xff, 0xff, 0xff, 0xff, 0xff, 0xff, 0xff,
0xff, 0xff, 0xff, 0xff, 0xe0, 0x66, 0x16, 0x00, 0x00, 0x00, 0x00, 0x00, 0x00, 0x00, 0x00, 0x00,
0x00, 0x00, 0x00, 0x12, 0x59, 0xac, 0x27, 0x00, 0x00, 0x00, 0x00, 0x00, 0x00, 0x00, 0x00, 0x00,
0x00, 0x00, 0x00, 0x00, 0x00, 0x00, 0x07, 0x92, 0xff, 0xff, 0xff, 0xff, 0xff, 0xff, 0xff, 0xff,
0xff, 0xff, 0xff, 0xff, 0xff, 0xff, 0xff, 0xff, 0xff, 0xff, 0xff, 0xff, 0xe7, 0x64, 0x02, 0x00,
0x00, 0x00, 0x00, 0x00, 0x00, 0x00, 0x00, 0x00, 0x00, 0x00, 0x00, 0x04, 0x75, 0xf8, 0xff, 0xff,
0xff, 0xff, 0xff, 0xff, 0xff, 0xff, 0xff, 0xff, 0xff, 0xff, 0xff, 0xff, 0xff, 0xff, 0xff, 0xff,
0xff, 0xff, 0xff, 0xff, 0xff, 0xda, 0x4f, 0x00, 0x00, 0x00, 0x00, 0x00, 0x00, 0x00, 0x00, 0x00,
0x00, 0x00, 0x00, 0x00, 0x0f, 0x96, 0xff, 0xff, 0xff, 0xff, 0xff, 0xff, 0xff, 0xff, 0xff, 0xff,
0xff, 0xff, 0xff, 0xff, 0xff, 0xff, 0xff, 0xff, 0x8d, 0x06, 
/* -24- */
0x00, 0x00, 0x00, 0x00, 0x02, 0xc0, 0xff, 0xff, 0xff, 0xff, 0xff, 0xff, 0xff, 0xff, 0xff, 0xff,
0xff, 0xff, 0xff, 0xff, 0xff, 0xff, 0xff, 0xff, 0xff, 0xef, 0x62, 0x0a, 0x00, 0x00, 0x00, 0x00,
0x00, 0x00, 0x00, 0x00, 0x00, 0x00, 0x00, 0x00, 0x00, 0x00, 0x00, 0x00, 0x00, 0x00, 0x00, 0x00,
0x01, 0x3d, 0xd0, 0xff, 0xff, 0xff, 0xff, 0xff, 0xff, 0xff, 0xff, 0xff, 0xff, 0xff, 0xff, 0xff,
0xff, 0xff, 0xff, 0xff, 0xff, 0xff, 0xff, 0xff, 0xff, 0xb7, 0x11, 0x00, 0x00, 0x00, 0x00, 0x00,
0x00, 0x00, 0x00, 0x00, 0x00, 0x00, 0x00, 0x00, 0x00, 0x00, 0x00, 0x00, 0x00, 0x69, 0xf7, 0xff,
0xff, 0xff, 0xff, 0xff, 0xff, 0xff, 0xff, 0xff, 0xff, 0xff, 0xff, 0xff, 0xff, 0xff, 0xff, 0xff,
0xff, 0xff, 0xff, 0xcb, 0x2f, 0x00, 0x00, 0x00, 0x00, 0x00, 0x00, 0x00, 0x00, 0x00, 0x00, 0x00,
0x00, 0x00, 0x00, 0x00, 0x00, 0x10, 0x02, 0x00, 0x00, 0x00, 0x00, 0x00, 0x00, 0x00, 0x00, 0x00,
0x00, 0x00, 0x00, 0x00, 0x00, 0x00, 0x07, 0x92, 0xff, 0xff, 0xff, 0xff, 0xff, 0xff, 0xff, 0xff,
0xff, 0xff, 0xff, 0xff, 0xff, 0xff, 0xff, 0xff, 0xff, 0xff, 0xff, 0xed, 0x5d, 0x00, 0x00, 0x00,
0x00, 0x00, 0x00, 0x00, 0x00, 0x00, 0x00, 0x00, 0x00, 0x00, 0x00, 0x00, 0x06, 0x9f, 0xff, 0xff,
0xff, 0xff, 0xff, 0xff, 0xff, 0xff, 0xff, 0xff, 0xff, 0xff, 0xff, 0xff, 0xff, 0xff, 0xff, 0xff,
0xff, 0xff, 0xff, 0xff, 0xde, 0x43, 0x00, 0x00, 0x00, 0x00, 0x00, 0x00, 0x00, 0x00, 0x00, 0x00,
0x00, 0x00, 0x00, 0x00, 0x00, 0x0e, 0xbf, 0xff, 0xff, 0xff, 0xff, 0xff, 0xff, 0xff, 0xff, 0xff,
0xff, 0xff, 0xff, 0xff, 0xff, 0xff, 0xff, 0xff, 0xbe, 0x13, 
/* -25- */
0x00, 0x00, 0x00, 0x00, 0x41, 0xfc, 0xff, 0xff, 0xff, 0xff, 0xff, 0xff, 0xff, 0xff, 0xff, 0xff,
0xff, 0xff, 0xff, 0xff, 0xff, 0xff, 0xff, 0xff, 0xe6, 0x44, 0x00, 0x00, 0x00, 0x00, 0x00, 0x00,
0x00, 0x00, 0x00, 0x00, 0x00, 0x00, 0x00, 0x00, 0x00, 0x00, 0x00, 0x00, 0x00, 0x00, 0x00, 0x00,
0x00, 0x00, 0x1e, 0xba, 0xff, 0xff, 0xff, 0xff, 0xff, 0xff, 0xff, 0xff, 0xff, 0xff, 0xff, 0xff,
0xff, 0xff, 0xff, 0xff, 0xff, 0xff, 0xff, 0xff, 0xff, 0xb7, 0x11, 0x00, 0x00, 0x00, 0x00, 0x00,
0x00, 0x00, 0x00, 0x00, 0x00, 0x00, 0x00, 0x00, 0x00, 0x00, 0x00, 0x00, 0x00, 0x69, 0xf7, 0xff,
0xff, 0xff, 0xff, 0xff, 0xff, 0xff, 0xff, 0xff, 0xff, 0xff, 0xff, 0xff, 0xff, 0xff, 0xff, 0xff,
0xff, 0xff, 0xce, 0x1d, 0x00, 0x00, 0x00, 0x00, 0x00, 0x00, 0x00, 0x00, 0x00, 0x00, 0x00, 0x00,
0x00, 0x00, 0x00, 0x00, 0x00, 0x00, 0x00, 0x00, 0x00, 0x00, 0x00, 0x00, 0x00, 0x00, 0x00, 0x00,
0x00, 0x00, 0x00, 0x00, 0x00, 0x00, 0x07, 0x92, 0xff, 0xff, 0xff, 0xff, 0xff, 0xff, 0xff, 0xff,
0xff, 0xff, 0xff, 0xff, 0xff, 0xff, 0xff, 0xff, 0xff, 0xff, 0xfe, 0x7e, 0x00, 0x00, 0x00, 0x00,
0x00, 0x00, 0x00, 0x00, 0x00, 0x00, 0x00, 0x00, 0x00, 0x00, 0x00, 0x00, 0x00, 0x17, 0xe8, 0xff,
0xff, 0xff, 0xff, 0xff, 0xff, 0xff, 0xff, 0xff, 0xff, 0xff, 0xff, 0xff, 0xff, 0xff, 0xff, 0xff,
0xff, 0xff, 0xff, 0xf4, 0x5e, 0x00, 0x00, 0x00, 0x00, 0x00, 0x00, 0x00, 0x00, 0x00, 0x00, 0x00,
0x00, 0x00, 0x00, 0x00, 0x00, 0x00, 0x36, 0xf8, 0xff, 0xff, 0xff, 0xff, 0xff, 0xff, 0xff, 0xff,
0xff, 0xff, 0xff, 0xff, 0xff, 0xff, 0xff, 0xff, 0xea, 0x1f, 
/* -26- */
0x00, 0x00, 0x00, 0x02, 0xae, 0xff, 0xff, 0xff, 0xff, 0xff, 0xff, 0xff, 0xff, 0xff, 0xff, 0xff,
0xff, 0xff, 0xff, 0xff, 0xff, 0xff, 0xff, 0xe6, 0x41, 0x00, 0x00, 0x00, 0x00, 0x00, 0x00, 0x00,
0x00, 0x00, 0x00, 0x00, 0x00, 0x00, 0x00, 0x00, 0x00, 0x00, 0x00, 0x00, 0x00, 0x00, 0x00, 0x00,
0x00, 0x00, 0x00, 0x1c, 0xb7, 0xff, 0xff, 0xff, 0xff, 0xff, 0xff, 0xff, 0xff, 0xff, 0xff, 0xff,
0xff, 0xff, 0xff, 0xff, 0xff, 0xff, 0xff, 0xff, 0xff, 0xb7, 0x11, 0x00, 0x00, 0x00, 0x00, 0x00,
0x00, 0x00, 0x00, 0x00, 0x00, 0x00, 0x00, 0x00, 0x00, 0x00, 0x00, 0x00, 0x00, 0x69, 0xf7, 0xff,
0xff, 0xff, 0xff, 0xff, 0xff, 0xff, 0xff, 0xff, 0xff, 0xff, 0xff, 0xff, 0xff, 0xff, 0xff, 0xff,
0xff, 0xe5, 0x34, 0x00, 0x00, 0x00, 0x00, 0x00, 0x00, 0x00, 0x00, 0x00, 0x00, 0x00, 0x00, 0x00,
0x00, 0x00, 0x00, 0x00, 0x00, 0x00, 0x00, 0x00, 0x00, 0x00, 0x00, 0x00, 0x00, 0x00, 0x00, 0x00,
0x00, 0x00, 0x00, 0x00, 0x00, 0x00, 0x07, 0x93, 0xff, 0xff, 0xff, 0xff, 0xff, 0xff, 0xff, 0xff,
0xff, 0xff, 0xff, 0xff, 0xff, 0xff, 0xff, 0xff, 0xff, 0xff, 0xc2, 0x0a, 0x00, 0x00, 0x00, 0x00,
0x00, 0x00, 0x00, 0x00, 0x00, 0x00, 0x00, 0x00, 0x00, 0x00, 0x00, 0x00, 0x00, 0x00, 0x83, 0xff,
0xff, 0xff, 0xff, 0xff, 0xff, 0xff, 0xff, 0xff, 0xff, 0xff, 0xff, 0xff, 0xff, 0xff, 0xff, 0xff,
0xff, 0xff, 0xfd, 0xa2, 0x03, 0x00, 0x00, 0x00, 0x00, 0x00, 0x00, 0x00, 0x00, 0x00, 0x00, 0x00,
0x00, 0x00, 0x00, 0x00, 0x00, 0x00, 0x0a, 0xa4, 0xff, 0xff, 0xff, 0xff, 0xff, 0xff, 0xff, 0xff,
0xff, 0xff, 0xff, 0xff, 0xff, 0xff, 0xff, 0xff, 0xff, 0x30, 
/* -27- */
0x00, 0x00, 0x00, 0x30, 0xeb, 0xff, 0xff, 0xff, 0xff, 0xff, 0xff, 0xff, 0xff, 0xff, 0xff, 0xff,
0xff, 0xff, 0xff, 0xff, 0xff, 0xff, 0xee, 0x57, 0x00, 0x00, 0x00, 0x00, 0x00, 0x00, 0x00, 0x00,
0x00, 0x00, 0x00, 0x00, 0x00, 0x00, 0x00, 0x00, 0x00, 0x00, 0x00, 0x00, 0x00, 0x00, 0x00, 0x00,
0x00, 0x00, 0x00, 0x00, 0x29, 0xce, 0xff, 0xff, 0xff, 0xff, 0xff, 0xff, 0xff, 0xff, 0xff, 0xff,
0xff, 0xff, 0xff, 0xff, 0xff, 0xff, 0xff, 0xff, 0xff, 0xb7, 0x11, 0x00, 0x00, 0x00, 0x00, 0x00,
0x00, 0x00, 0x00, 0x00, 0x00, 0x00, 0x00, 0x00, 0x00, 0x00, 0x00, 0x00, 0x00, 0x69, 0xf7, 0xff,
0xff, 0xff, 0xff, 0xff, 0xff, 0xff, 0xff, 0xff, 0xff, 0xff, 0xff, 0xff, 0xff, 0xff, 0xff, 0xff,
0xf8, 0x64, 0x00, 0x00, 0x00, 0x00, 0x00, 0x00, 0x00, 0x00, 0x00, 0x00, 0x00, 0x00, 0x00, 0x00,
0x00, 0x00, 0x00, 0x00, 0x00, 0x00, 0x00, 0x00, 0x00, 0x00, 0x00, 0x00, 0x00, 0x00, 0x00, 0x00,
0x00, 0x00, 0x00, 0x00, 0x00, 0x00, 0x07, 0x92, 0xff, 0xff, 0xff, 0xff, 0xff, 0xff, 0xff, 0xff,
0xff, 0xff, 0xff, 0xff, 0xff, 0xff, 0xff, 0xff, 0xff, 0xfc, 0x43, 0x00, 0x00, 0x00, 0x00, 0x00,
0x00, 0x00, 0x00, 0x00, 0x00, 0x00, 0x00, 0x00, 0x00, 0x00, 0x00, 0x00, 0x00, 0x00, 0x2e, 0xf5,
0xff, 0xff, 0xff, 0xff, 0xff, 0xff, 0xff, 0xff, 0xff, 0xff, 0xff, 0xff, 0xff, 0xff, 0xff, 0xff,
0xff, 0xff, 0xe9, 0x2d, 0x00, 0x00, 0x00, 0x00, 0x00, 0x00, 0x00, 0x00, 0x00, 0x00, 0x00, 0x00,
0x00, 0x00, 0x00, 0x00, 0x00, 0x00, 0x00, 0x55, 0xfb, 0xff, 0xff, 0xff, 0xff, 0xff, 0xff, 0xff,
0xff, 0xff, 0xff, 0xff, 0xff, 0xff, 0xff, 0xff, 0xff, 0x57, 
/* -28- */
0x00, 0x00, 0x00, 0x83, 0xfc, 0xff, 0xff, 0xff, 0xff, 0xff, 0xff, 0xff, 0xff, 0xff, 0xff, 0xff,
0xff, 0xff, 0xff, 0xff, 0xff, 0xfc, 0x86, 0x06, 0x00, 0x00, 0x00, 0x00, 0x00, 0x00, 0x00, 0x00,
0x00, 0x00, 0x00, 0x00, 0x00, 0x00, 0x00, 0x00, 0x00, 0x00, 0x00, 0x00, 0x00, 0x00, 0x00, 0x00,
0x00, 0x00, 0x00, 0x00, 0x00, 0x42, 0xed, 0xff, 0xff, 0xff, 0xff, 0xff, 0xff, 0xff, 0xff, 0xff,
0xff, 0xff, 0xff, 0xff, 0xff, 0xff, 0xff, 0xff, 0xff, 0xb7, 0x11, 0x00, 0x00, 0x00, 0x00, 0x00,
0x00, 0x00, 0x00, 0x00, 0x00, 0x00, 0x00, 0x00, 0x00, 0x00, 0x00, 0x00, 0x00, 0x69, 0xf7, 0xff,
0xff, 0xff, 0xff, 0xff, 0xff, 0xff, 0xff, 0xff, 0xff, 0xff, 0xff, 0xff, 0xff, 0xff, 0xff, 0xff,
0xb6, 0x10, 0x00, 0x00, 0x00, 0x00, 0x00, 0x00, 0x00, 0x00, 0x00, 0x00, 0x00, 0x00, 0x00, 0x00,
0x00, 0x00, 0x00, 0x00, 0x00, 0x00, 0x00, 0x00, 0x00, 0x00, 0x00, 0x00, 0x00, 0x00, 0x00, 0x00,
0x00, 0x00, 0x00, 0x00, 0x00, 0x00, 0x07, 0x93, 0xff, 0xff, 0xff, 0xff, 0xff, 0xff, 0xff, 0xff,
0xff, 0xff, 0xff, 0xff, 0xff, 0xff, 0xff, 0xff, 0xff, 0xc0, 0x03, 0x00, 0x00, 0x00, 0x00, 0x00,
0x00, 0x00, 0x00, 0x00, 0x00, 0x00, 0x00, 0x00, 0x00, 0x00, 0x00, 0x00, 0x00, 0x00, 0x11, 0xc1,
0xff, 0xff, 0xff, 0xff, 0xff, 0xff, 0xff, 0xff, 0xff, 0xff, 0xff, 0xff, 0xff, 0xff, 0xff, 0xff,
0xff, 0xff, 0xa3, 0x00, 0x00, 0x00, 0x00, 0x00, 0x00, 0x00, 0x00, 0x00, 0x00, 0x00, 0x00, 0x00,
0x00, 0x00, 0x00, 0x00, 0x00, 0x00, 0x00, 0x2b, 0xda, 0xff, 0xff, 0xff, 0xff, 0xff, 0xff, 0xff,
0xff, 0xff, 0xff, 0xff, 0xff, 0xff, 0xff, 0xff, 0xff, 0x77, 
/* -29- */
0x00, 0x00, 0x0b, 0xbd, 0xff, 0xff, 0xff, 0xff, 0xff, 0xff, 0xff, 0xff, 0xff, 0xff, 0xff, 0xff,
0xff, 0xff, 0xff, 0xff, 0xff, 0xc5, 0x12, 0x00, 0x00, 0x00, 0x00, 0x00, 0x00, 0x00, 0x00, 0x00,
0x00, 0x00, 0x00, 0x00, 0x00, 0x00, 0x00, 0x00, 0x00, 0x00, 0x00, 0x00, 0x00, 0x00, 0x00, 0x00,
0x00, 0x00, 0x00, 0x00, 0x00, 0x00, 0x80, 0xff, 0xff, 0xff, 0xff, 0xff, 0xff, 0xff, 0xff, 0xff,
0xff, 0xff, 0xff, 0xff, 0xff, 0xff, 0xff, 0xff, 0xff, 0xb7, 0x11, 0x00, 0x00, 0x00, 0x00, 0x00,
0x00, 0x00, 0x00, 0x00, 0x00, 0x00, 0x00, 0x00, 0x00, 0x00, 0x00, 0x00, 0x00, 0x69, 0xf7, 0xff,
0xff, 0xff, 0xff, 0xff, 0xff, 0xff, 0xff, 0xff, 0xff, 0xff, 0xff, 0xff, 0xff, 0xff, 0xff, 0xf2,
0x5a, 0x00, 0x00, 0x00, 0x00, 0x00, 0x00, 0x00, 0x00, 0x00, 0x00, 0x00, 0x00, 0x00, 0x00, 0x00,
0x00, 0x00, 0x00, 0x00, 0x00, 0x00, 0x00, 0x00, 0x00, 0x00, 0x00, 0x00, 0x00, 0x00, 0x00, 0x00,
0x00, 0x00, 0x00, 0x00, 0x00, 0x00, 0x07, 0x93, 0xff, 0xff, 0xff, 0xff, 0xff, 0xff, 0xff, 0xff,
0xff, 0xff, 0xff, 0xff, 0xff, 0xff, 0xff, 0xff, 0xff, 0x61, 0x00, 0x00, 0x00, 0x00, 0x00, 0x00,
0x00, 0x00, 0x00, 0x00, 0x00, 0x00, 0x00, 0x00, 0x00, 0x00, 0x00, 0x00, 0x00, 0x00, 0x06, 0x90,
0xff, 0xff, 0xff, 0xff, 0xff, 0xff, 0xff, 0xff, 0xff, 0xff, 0xff, 0xff, 0xff, 0xff, 0xff, 0xff,
0xff, 0xfd, 0x44, 0x00, 0x00, 0x00, 0x00, 0x00, 0x00, 0x00, 0x00, 0x00, 0x00, 0x00, 0x00, 0x00,
0x00, 0x00, 0x00, 0x00, 0x00, 0x00, 0x00, 0x13, 0xb3, 0xff, 0xff, 0xff, 0xff, 0xff, 0xff, 0xff,
0xff, 0xff, 0xff, 0xff, 0xff, 0xff, 0xff, 0xff, 0xff, 0x8f, 
/* -30- */
0x00, 0x00, 0x3e, 0xe4, 0xff, 0xff, 0xff, 0xff, 0xff, 0xff, 0xff, 0xff, 0xff, 0xff, 0xff, 0xff,
0xff, 0xff, 0xff, 0xff, 0xf3, 0x52, 0x00, 0x00, 0x00, 0x00, 0x00, 0x00, 0x00, 0x00, 0x00, 0x00,
0x00, 0x00, 0x00, 0x00, 0x00, 0x00, 0x00, 0x00, 0x00, 0x00, 0x00, 0x00, 0x00, 0x00, 0x00, 0x00,
0x00, 0x00, 0x00, 0x00, 0x00, 0x00, 0x0e, 0xd9, 0xff, 0xff, 0xff, 0xff, 0xff, 0xff, 0xff, 0xff,
0xff, 0xff, 0xff, 0xff, 0xff, 0xff, 0xff, 0xff, 0xff, 0xb7, 0x11, 0x00, 0x00, 0x00, 0x00, 0x00,
0x00, 0x00, 0x00, 0x00, 0x00, 0x00, 0x00, 0x00, 0x00, 0x00, 0x00, 0x00, 0x00, 0x69, 0xf7, 0xff,
0xff, 0xff, 0xff, 0xff, 0xff, 0xff, 0xff, 0xff, 0xff, 0xff, 0xff, 0xff, 0xff, 0xff, 0xff, 0xc8,
0x17, 0x00, 0x00, 0x00, 0x00, 0x00, 0x00, 0x00, 0x00, 0x00, 0x00, 0x00, 0x00, 0x00, 0x00, 0x00,
0x00, 0x00, 0x00, 0x00, 0x00, 0x00, 0x00, 0x00, 0x00, 0x00, 0x00, 0x00, 0x00, 0x00, 0x00, 0x00,
0x00, 0x00, 0x00, 0x00, 0x00, 0x00, 0x07, 0x93, 0xff, 0xff, 0xff, 0xff, 0xff, 0xff, 0xff, 0xff,
0xff, 0xff, 0xff, 0xff, 0xff, 0xff, 0xff, 0xff, 0xf6, 0x24, 0x00, 0x00, 0x00, 0x00, 0x00, 0x00,
0x00, 0x00, 0x00, 0x00, 0x00, 0x00, 0x00, 0x00, 0x00, 0x00, 0x00, 0x00, 0x00, 0x00, 0x00, 0x65,
0xff, 0xff, 0xff, 0xff, 0xff, 0xff, 0xff, 0xff, 0xff, 0xff, 0xff, 0xff, 0xff, 0xff, 0xff, 0xff,
0xff, 0xe7, 0x09, 0x00, 0x00, 0x00, 0x00, 0x00, 0x00, 0x00, 0x00, 0x00, 0x00, 0x00, 0x00, 0x00,
0x00, 0x00, 0x00, 0x00, 0x00, 0x00, 0x00, 0x01, 0x92, 0xff, 0xff, 0xff, 0xff, 0xff, 0xff, 0xff,
0xff, 0xff, 0xff, 0xff, 0xff, 0xff, 0xff, 0xff, 0xff, 0xa6, 
/* -31- */
0x00, 0x00, 0x70, 0xff, 0xff, 0xff, 0xff, 0xff, 0xff, 0xff, 0xff, 0xff, 0xff, 0xff, 0xff, 0xff,
0xff, 0xff, 0xff, 0xff, 0xba, 0x00, 0x00, 0x00, 0x00, 0x00, 0x00, 0x00, 0x00, 0x00, 0x00, 0x00,
0x00, 0x00, 0x00, 0x00, 0x00, 0x00, 0x00, 0x00, 0x00, 0x00, 0x00, 0x00, 0x00, 0x00, 0x00, 0x00,
0x00, 0x00, 0x00, 0x00, 0x00, 0x00, 0x00, 0x5e, 0xff, 0xff, 0xff, 0xff, 0xff, 0xff, 0xff, 0xff,
0xff, 0xff, 0xff, 0xff, 0xff, 0xff, 0xff, 0xff, 0xff, 0xb7, 0x11, 0x00, 0x00, 0x00, 0x00, 0x00,
0x00, 0x00, 0x00, 0x00, 0x00, 0x00, 0x00, 0x00, 0x00, 0x00, 0x00, 0x00, 0x00, 0x69, 0xf7, 0xff,
0xff, 0xff, 0xff, 0xff, 0xff, 0xff, 0xff, 0xff, 0xff, 0xff, 0xff, 0xff, 0xff, 0xff, 0xfe, 0x90,
0x00, 0x00, 0x00, 0x00, 0x00, 0x00, 0x00, 0x00, 0x00, 0x00, 0x00, 0x00, 0x00, 0x00, 0x00, 0x00,
0x00, 0x00, 0x00, 0x00, 0x00, 0x00, 0x00, 0x00, 0x00, 0x00, 0x00, 0x00, 0x00, 0x00, 0x00, 0x00,
0x00, 0x00, 0x00, 0x00, 0x00, 0x00, 0x07, 0x93, 0xff, 0xff, 0xff, 0xff, 0xff, 0xff, 0xff, 0xff,
0xff, 0xff, 0xff, 0xff, 0xff, 0xff, 0xff, 0xff, 0xc1, 0x13, 0x00, 0x00, 0x00, 0x00, 0x00, 0x00,
0x00, 0x00, 0x00, 0x00, 0x00, 0x00, 0x00, 0x00, 0x00, 0x00, 0x00, 0x00, 0x00, 0x00, 0x00, 0x4b,
0xff, 0xff, 0xff, 0xff, 0xff, 0xff, 0xff, 0xff, 0xff, 0xff, 0xff, 0xff, 0xff, 0xff, 0xff, 0xff,
0xff, 0xaa, 0x02, 0x00, 0x00, 0x00, 0x00, 0x00, 0x00, 0x00, 0x00, 0x00, 0x00, 0x00, 0x00, 0x00,
0x00, 0x00, 0x00, 0x00, 0x00, 0x00, 0x00, 0x00, 0x7b, 0xff, 0xff, 0xff, 0xff, 0xff, 0xff, 0xff,
0xff, 0xff, 0xff, 0xff, 0xff, 0xff, 0xff, 0xff, 0xff, 0xb6, 
/* -32- */
0x00, 0x05, 0x98, 0xff, 0xff, 0xff, 0xff, 0xff, 0xff, 0xff, 0xff, 0xff, 0xff, 0xff, 0xff, 0xff,
0xff, 0xff, 0xff, 0xfd, 0x45, 0x00, 0x00, 0x00, 0x00, 0x00, 0x00, 0x00, 0x00, 0x00, 0x00, 0x00,
0x00, 0x00, 0x00, 0x00, 0x00, 0x00, 0x00, 0x00, 0x00, 0x00, 0x00, 0x00, 0x00, 0x00, 0x00, 0x00,
0x00, 0x00, 0x00, 0x00, 0x00, 0x00, 0x00, 0x17, 0xd7, 0xff, 0xff, 0xff, 0xff, 0xff, 0xff, 0xff,
0xff, 0xff, 0xff, 0xff, 0xff, 0xff, 0xff, 0xff, 0xff, 0xb7, 0x11, 0x00, 0x00, 0x00, 0x00, 0x00,
0x00, 0x00, 0x00, 0x00, 0x00, 0x00, 0x00, 0x00, 0x00, 0x00, 0x00, 0x00, 0x00, 0x69, 0xf7, 0xff,
0xff, 0xff, 0xff, 0xff, 0xff, 0xff, 0xff, 0xff, 0xff, 0xff, 0xff, 0xff, 0xff, 0xff, 0xf2, 0x53,
0x00, 0x00, 0x00, 0x00, 0x00, 0x00, 0x00, 0x00, 0x00, 0x00, 0x00, 0x00, 0x00, 0x00, 0x00, 0x00,
0x00, 0x00, 0x00, 0x00, 0x00, 0x00, 0x00, 0x00, 0x00, 0x00, 0x00, 0x00, 0x00, 0x00, 0x00, 0x00,
0x00, 0x00, 0x00, 0x00, 0x00, 0x00, 0x07, 0x93, 0xff, 0xff, 0xff, 0xff, 0xff, 0xff, 0xff, 0xff,
0xff, 0xff, 0xff, 0xff, 0xff, 0xff, 0xff, 0xff, 0x96, 0x07, 0x00, 0x00, 0x00, 0x00, 0x00, 0x00,
0x00, 0x00, 0x00, 0x00, 0x00, 0x00, 0x00, 0x00, 0x00, 0x00, 0x00, 0x00, 0x00, 0x00, 0x00, 0x40,
0xf8, 0xff, 0xff, 0xff, 0xff, 0xff, 0xff, 0xff, 0xff, 0xff, 0xff, 0xff, 0xff, 0xff, 0xff, 0xff,
0xff, 0x76, 0x00, 0x00, 0x00, 0x00, 0x00, 0x00, 0x00, 0x00, 0x00, 0x00, 0x00, 0x00, 0x00, 0x00,
0x00, 0x00, 0x00, 0x00, 0x00, 0x00, 0x00, 0x00, 0x6a, 0xfd, 0xff, 0xff, 0xff, 0xff, 0xff, 0xff,
0xff, 0xff, 0xff, 0xff, 0xff, 0xff, 0xff, 0xff, 0xff, 0xbe, 
/* -33- */
0x00, 0x1b, 0xc0, 0xff, 0xff, 0xff, 0xff, 0xff, 0xff, 0xff, 0xff, 0xff, 0xff, 0xff, 0xff, 0xff,
0xff, 0xff, 0xff, 0xce, 0x05, 0x00, 0x00, 0x00, 0x00, 0x00, 0x00, 0x00, 0x00, 0x00, 0x00, 0x00,
0x00, 0x00, 0x00, 0x00, 0x00, 0x00, 0x00, 0x00, 0x00, 0x00, 0x00, 0x00, 0x00, 0x00, 0x00, 0x00,
0x00, 0x00, 0x00, 0x00, 0x00, 0x00, 0x00, 0x04, 0x7b, 0xff, 0xff, 0xff, 0xff, 0xff, 0xff, 0xff,
0xff, 0xff, 0xff, 0xff, 0xff, 0xff, 0xff, 0xff, 0xff, 0xb7, 0x11, 0x00, 0x00, 0x00, 0x00, 0x00,
0x00, 0x00, 0x00, 0x00, 0x00, 0x00, 0x00, 0x00, 0x00, 0x00, 0x00, 0x00, 0x00, 0x69, 0xf7, 0xff,
0xff, 0xff, 0xff, 0xff, 0xff, 0xff, 0xff, 0xff, 0xff, 0xff, 0xff, 0xff, 0xff, 0xff, 0xe4, 0x1d,
0x00, 0x00, 0x00, 0x00, 0x00, 0x00, 0x00, 0x00, 0x00, 0x00, 0x00, 0x00, 0x00, 0x00, 0x00, 0x00,
0x00, 0x00, 0x00, 0x00, 0x00, 0x00, 0x00, 0x00, 0x00, 0x00, 0x00, 0x00, 0x00, 0x00, 0x00, 0x00,
0x00, 0x00, 0x00, 0x00, 0x00, 0x00, 0x07, 0x93, 0xff, 0xff, 0xff, 0xff, 0xff, 0xff, 0xff, 0xff,
0xff, 0xff, 0xff, 0xff, 0xff, 0xff, 0xff, 0xff, 0x6f, 0x00, 0x00, 0x00, 0x00, 0x00, 0x00, 0x00,
0x00, 0x00, 0x00, 0x00, 0x00, 0x00, 0x00, 0x00, 0x00, 0x00, 0x00, 0x00, 0x00, 0x00, 0x00, 0x35,
0xe6, 0xff, 0xff, 0xff, 0xff, 0xff, 0xff, 0xff, 0xff, 0xff, 0xff, 0xff, 0xff, 0xff, 0xff, 0xff,
0xff, 0x4c, 0x00, 0x00, 0x00, 0x00, 0x00, 0x00, 0x00, 0x00, 0x00, 0x00, 0x00, 0x00, 0x00, 0x00,
0x00, 0x00, 0x00, 0x00, 0x00, 0x00, 0x00, 0x00, 0x59, 0xf5, 0xff, 0xff, 0xff, 0xff, 0xff, 0xff,
0xff, 0xff, 0xff, 0xff, 0xff, 0xff, 0xff, 0xff, 0xff, 0xc7, 
/* -34- */
0x00, 0x35, 0xe7, 0xff, 0xff, 0xff, 0xff, 0xff, 0xff, 0xff, 0xff, 0xff, 0xff, 0xff, 0xff, 0xff,
0xff, 0xff, 0xff, 0x72, 0x00, 0x00, 0x00, 0x00, 0x00, 0x00, 0x00, 0x00, 0x00, 0x00, 0x00, 0x00,
0x00, 0x00, 0x00, 0x00, 0x00, 0x00, 0x00, 0x00, 0x00, 0x00, 0x00, 0x00, 0x00, 0x00, 0x00, 0x00,
0x00, 0x00, 0x00, 0x00, 0x00, 0x00, 0x00, 0x00, 0x40, 0xf3, 0xff, 0xff, 0xff, 0xff, 0xff, 0xff,
0xff, 0xff, 0xff, 0xff, 0xff, 0xff, 0xff, 0xff, 0xff, 0xb7, 0x11, 0x00, 0x00, 0x00, 0x00, 0x00,
0x00, 0x00, 0x00, 0x00, 0x00, 0x00, 0x00, 0x00, 0x00, 0x00, 0x00, 0x00, 0x00, 0x69, 0xf7, 0xff,
0xff, 0xff, 0xff, 0xff, 0xff, 0xff, 0xff, 0xff, 0xff, 0xff, 0xff, 0xff, 0xff, 0xff, 0xd3, 0x01,
0x00, 0x00, 0x00, 0x00, 0x00, 0x00, 0x00, 0x00, 0x00, 0x00, 0x00, 0x00, 0x00, 0x00, 0x00, 0x00,
0x00, 0x00, 0x00, 0x00, 0x00, 0x00, 0x00, 0x00, 0x00, 0x00, 0x00, 0x00, 0x00, 0x00, 0x00, 0x00,
0x00, 0x00, 0x00, 0x00, 0x00, 0x00, 0x07, 0x93, 0xff, 0xff, 0xff, 0xff, 0xff, 0xff, 0xff, 0xff,
0xff, 0xff, 0xff, 0xff, 0xff, 0xff, 0xff, 0xff, 0x53, 0x00, 0x00, 0x00, 0x00, 0x00, 0x00, 0x00,
0x00, 0x00, 0x00, 0x00, 0x00, 0x00, 0x00, 0x00, 0x00, 0x00, 0x00, 0x00, 0x00, 0x00, 0x00, 0x2b,
0xd7, 0xff, 0xff, 0xff, 0xff, 0xff, 0xff, 0xff, 0xff, 0xff, 0xff, 0xff, 0xff, 0xff, 0xff, 0xff,
0xff, 0x32, 0x00, 0x00, 0x00, 0x00, 0x00, 0x00, 0x00, 0x00, 0x00, 0x00, 0x00, 0x00, 0x00, 0x00,
0x00, 0x00, 0x00, 0x00, 0x00, 0x00, 0x00, 0x00, 0x4a, 0xea, 0xff, 0xff, 0xff, 0xff, 0xff, 0xff,
0xff, 0xff, 0xff, 0xff, 0xff, 0xff, 0xff, 0xff, 0xff, 0xce, 
/* -35- */
0x00, 0x49, 0xff, 0xff, 0xff, 0xff, 0xff, 0xff, 0xff, 0xff, 0xff, 0xff, 0xff, 0xff, 0xff, 0xff,
0xff, 0xff, 0xfc, 0x2b, 0x00, 0x00, 0x00, 0x00, 0x00, 0x00, 0x00, 0x00, 0x00, 0x00, 0x00, 0x00,
0x00, 0x00, 0x00, 0x00, 0x00, 0x00, 0x00, 0x00, 0x00, 0x00, 0x00, 0x00, 0x00, 0x00, 0x00, 0x00,
0x00, 0x00, 0x00, 0x00, 0x00, 0x00, 0x00, 0x00, 0x1d, 0xc4, 0xff, 0xff, 0xff, 0xff, 0xff, 0xff,
0xff, 0xff, 0xff, 0xff, 0xff, 0xff, 0xff, 0xff, 0xff, 0xb7, 0x11, 0x00, 0x00, 0x00, 0x00, 0x00,
0x00, 0x00, 0x00, 0x00, 0x00, 0x00, 0x00, 0x00, 0x00, 0x00, 0x00, 0x00, 0x00, 0x69, 0xf7, 0xff,
0xff, 0xff, 0xff, 0xff, 0xff, 0xff, 0xff, 0xff, 0xff, 0xff, 0xff, 0xff, 0xff, 0xff, 0xb1, 0x00,
0x00, 0x00, 0x00, 0x00, 0x00, 0x00, 0x00, 0x00, 0x00, 0x00, 0x00, 0x00, 0x00, 0x00, 0x00, 0x00,
0x00, 0x00, 0x00, 0x00, 0x00, 0x00, 0x00, 0x00, 0x00, 0x00, 0x00, 0x00, 0x00, 0x00, 0x00, 0x00,
0x00, 0x00, 0x00, 0x00, 0x00, 0x00, 0x07, 0x93, 0xff, 0xff, 0xff, 0xff, 0xff, 0xff, 0xff, 0xff,
0xff, 0xff, 0xff, 0xff, 0xff, 0xff, 0xff, 0xfb, 0x44, 0x00, 0x00, 0x00, 0x00, 0x00, 0x00, 0x00,
0x00, 0x00, 0x00, 0x00, 0x00, 0x00, 0x00, 0x00, 0x00, 0x00, 0x00, 0x00, 0x00, 0x00, 0x00, 0x27,
0xd1, 0xff, 0xff, 0xff, 0xff, 0xff, 0xff, 0xff, 0xff, 0xff, 0xff, 0xff, 0xff, 0xff, 0xff, 0xff,
0xfc, 0x23, 0x00, 0x00, 0x00, 0x00, 0x00, 0x00, 0x00, 0x00, 0x00, 0x00, 0x00, 0x00, 0x00, 0x00,
0x00, 0x00, 0x00, 0x00, 0x00, 0x00, 0x00, 0x00, 0x44, 0xe7, 0xff, 0xff, 0xff, 0xff, 0xff, 0xff,
0xff, 0xff, 0xff, 0xff, 0xff, 0xff, 0xff, 0xff, 0xff, 0xcf, 
/* -36- */
0x00, 0x61, 0xff, 0xff, 0xff, 0xff, 0xff, 0xff, 0xff, 0xff, 0xff, 0xff, 0xff, 0xff, 0xff, 0xff,
0xff, 0xff, 0xc7, 0x14, 0x00, 0x00, 0x00, 0x00, 0x00, 0x00, 0x00, 0x00, 0x00, 0x00, 0x00, 0x00,
0x00, 0x00, 0x00, 0x00, 0x00, 0x00, 0x00, 0x00, 0x00, 0x00, 0x00, 0x00, 0x00, 0x00, 0x00, 0x00,
0x00, 0x00, 0x00, 0x00, 0x00, 0x00, 0x00, 0x00, 0x05, 0x9a, 0xff, 0xff, 0xff, 0xff, 0xff, 0xff,
0xff, 0xff, 0xff, 0xff, 0xff, 0xff, 0xff, 0xff, 0xff, 0xb7, 0x11, 0x00, 0x00, 0x00, 0x00, 0x00,
0x00, 0x00, 0x00, 0x00, 0x00, 0x00, 0x00, 0x00, 0x00, 0x00, 0x00, 0x00, 0x00, 0x69, 0xf7, 0xff,
0xff, 0xff, 0xff, 0xff, 0xff, 0xff, 0xff, 0xff, 0xff, 0xff, 0xff, 0xff, 0xff, 0xff, 0x93, 0x00,
0x00, 0x00, 0x00, 0x00, 0x00, 0x00, 0x00, 0x00, 0x00, 0x00, 0x00, 0x00, 0x00, 0x00, 0x00, 0x00,
0x00, 0x00, 0x00, 0x00, 0x00, 0x00, 0x00, 0x00, 0x00, 0x00, 0x00, 0x00, 0x00, 0x00, 0x00, 0x00,
0x00, 0x00, 0x00, 0x00, 0x00, 0x00, 0x07, 0x94, 0xff, 0xff, 0xff, 0xff, 0xff, 0xff, 0xff, 0xff,
0xff, 0xff, 0xff, 0xff, 0xff, 0xff, 0xff, 0xee, 0x3a, 0x00, 0x00, 0x00, 0x00, 0x00, 0x00, 0x00,
0x00, 0x00, 0x00, 0x00, 0x00, 0x00, 0x00, 0x00, 0x00, 0x00, 0x00, 0x00, 0x00, 0x00, 0x00, 0x24,
0xcc, 0xff, 0xff, 0xff, 0xff, 0xff, 0xff, 0xff, 0xff, 0xff, 0xff, 0xff, 0xff, 0xff, 0xff, 0xff,
0xe6, 0x1d, 0x00, 0x00, 0x00, 0x00, 0x00, 0x00, 0x00, 0x00, 0x00, 0x00, 0x00, 0x00, 0x00, 0x00,
0x00, 0x00, 0x00, 0x00, 0x00, 0x00, 0x00, 0x00, 0x3f, 0xe3, 0xff, 0xff, 0xff, 0xff, 0xff, 0xff,
0xff, 0xff, 0xff, 0xff, 0xff, 0xff, 0xff, 0xff, 0xff, 0xcf, 
/* -37- */
0x02, 0x7f, 0xff, 0xff, 0xff, 0xff, 0xff, 0xff, 0xff, 0xff, 0xff, 0xff, 0xff, 0xff, 0xff, 0xff,
0xff, 0xff, 0x95, 0x07, 0x00, 0x00, 0x00, 0x00, 0x00, 0x00, 0x00, 0x00, 0x00, 0x00, 0x00, 0x00,
0x00, 0x00, 0x00, 0x00, 0x00, 0x00, 0x00, 0x00, 0x00, 0x00, 0x00, 0x00, 0x00, 0x00, 0x00, 0x00,
0x00, 0x00, 0x00, 0x00, 0x00, 0x00, 0x00, 0x00, 0x00, 0x74, 0xfe, 0xff, 0xff, 0xff, 0xff, 0xff,
0xff, 0xff, 0xff, 0xff, 0xff, 0xff, 0xff, 0xff, 0xff, 0xb7, 0x11, 0x00, 0x00, 0x00, 0x00, 0x00,
0x00, 0x00, 0x00, 0x00, 0x00, 0x00, 0x00, 0x00, 0x00, 0x00, 0x00, 0x00, 0x00, 0x69, 0xf7, 0xff,
0xff, 0xff, 0xff, 0xff, 0xff, 0xff, 0xff, 0xff, 0xff, 0xff, 0xff, 0xff, 0xff, 0xff, 0x80, 0x00,
0x00, 0x00, 0x00, 0x00, 0x00, 0x00, 0x00, 0x00, 0x00, 0x00, 0x00, 0x00, 0x00, 0x00, 0x00, 0x00,
0x00, 0x00, 0x00, 0x00, 0x00, 0x00, 0x00, 0x00, 0x00, 0x00, 0x00, 0x00, 0x00, 0x00, 0x00, 0x00,
0x00, 0x00, 0x00, 0x00, 0x00, 0x00, 0x07, 0x94, 0xff, 0xff, 0xff, 0xff, 0xff, 0xff, 0xff, 0xff,
0xff, 0xff, 0xff, 0xff, 0xff, 0xff, 0xff, 0xe3, 0x33, 0x00, 0x00, 0x00, 0x00, 0x00, 0x00, 0x00,
0x00, 0x00, 0x00, 0x00, 0x00, 0x00, 0x00, 0x00, 0x00, 0x00, 0x00, 0x00, 0x00, 0x00, 0x00, 0x21,
0xc7, 0xff, 0xff, 0xff, 0xff, 0xff, 0xff, 0xff, 0xff, 0xff, 0xff, 0xff, 0xff, 0xff, 0xff, 0xff,
0xd3, 0x18, 0x00, 0x00, 0x00, 0x00, 0x00, 0x00, 0x00, 0x00, 0x00, 0x00, 0x00, 0x00, 0x00, 0x00,
0x00, 0x00, 0x00, 0x00, 0x00, 0x00, 0x00, 0x00, 0x3a, 0xe0, 0xff, 0xff, 0xff, 0xff, 0xff, 0xff,
0xff, 0xff, 0xff, 0xff, 0xff, 0xff, 0xff, 0xff, 0xff, 0xcf, 
/* -38- */
0x0a, 0x9c, 0xff, 0xff, 0xff, 0xff, 0xff, 0xff, 0xff, 0xff, 0xff, 0xff, 0xff, 0xff, 0xff, 0xff,
0xff, 0xff, 0x69, 0x00, 0x00, 0x00, 0x00, 0x00, 0x00, 0x00, 0x00, 0x00, 0x00, 0x00, 0x00, 0x00,
0x00, 0x00, 0x00, 0x00, 0x00, 0x00, 0x00, 0x00, 0x00, 0x00, 0x00, 0x00, 0x00, 0x00, 0x00, 0x00,
0x00, 0x00, 0x00, 0x00, 0x00, 0x00, 0x00, 0x00, 0x00, 0x55, 0xf3, 0xff, 0xff, 0xff, 0xff, 0xff,
0xff, 0xff, 0xff, 0xff, 0xff, 0xff, 0xff, 0xff, 0xff, 0xb7, 0x11, 0x00, 0x00, 0x00, 0x00, 0x00,
0x00, 0x00, 0x00, 0x00, 0x00, 0x00, 0x00, 0x00, 0x00, 0x00, 0x00, 0x00, 0x00, 0x69, 0xf7, 0xff,
0xff, 0xff, 0xff, 0xff, 0xff, 0xff, 0xff, 0xff, 0xff, 0xff, 0xff, 0xff, 0xff, 0xfe, 0x73, 0x00,
0x00, 0x00, 0x00, 0x00, 0x00, 0x00, 0x00, 0x00, 0x00, 0x00, 0x00, 0x00, 0x00, 0x00, 0x00, 0x00,
0x00, 0x00, 0x00, 0x00, 0x00, 0x00, 0x00, 0x00, 0x00, 0x00, 0x00, 0x00, 0x00, 0x00, 0x00, 0x00,
0x00, 0x00, 0x00, 0x00, 0x00, 0x00, 0x07, 0x94, 0xff, 0xff, 0xff, 0xff, 0xff, 0xff, 0xff, 0xff,
0xff, 0xff, 0xff, 0xff, 0xff, 0xff, 0xff, 0xde, 0x30, 0x00, 0x00, 0x00, 0x00, 0x00, 0x00, 0x00,
0x00, 0x00, 0x00, 0x00, 0x00, 0x00, 0x00, 0x00, 0x00, 0x00, 0x00, 0x00, 0x00, 0x00, 0x00, 0x1d,
0xc3, 0xff, 0xff, 0xff, 0xff, 0xff, 0xff, 0xff, 0xff, 0xff, 0xff, 0xff, 0xff, 0xff, 0xff, 0xff,
0xc9, 0x15, 0x00, 0x00, 0x00, 0x00, 0x00, 0x00, 0x00, 0x00, 0x00, 0x00, 0x00, 0x00, 0x00, 0x00,
0x00, 0x00, 0x00, 0x00, 0x00, 0x00, 0x00, 0x00, 0x36, 0xdd, 0xff, 0xff, 0xff, 0xff, 0xff, 0xff,
0xff, 0xff, 0xff, 0xff, 0xff, 0xff, 0xff, 0xff, 0xff, 0xcf, 
/* -39- */
0x0f, 0xaf, 0xff, 0xff, 0xff, 0xff, 0xff, 0xff, 0xff, 0xff, 0xff, 0xff, 0xff, 0xff, 0xff, 0xff,
0xff, 0xff, 0x4c, 0x00, 0x00, 0x00, 0x00, 0x00, 0x00, 0x00, 0x00, 0x00, 0x00, 0x00, 0x00, 0x00,
0x00, 0x00, 0x00, 0x00, 0x00, 0x00, 0x00, 0x00, 0x00, 0x00, 0x00, 0x00, 0x00, 0x00, 0x00, 0x00,
0x00, 0x00, 0x00, 0x00, 0x00, 0x00, 0x00, 0x00, 0x00, 0x3f, 0xe3, 0xff, 0xff, 0xff, 0xff, 0xff,
0xff, 0xff, 0xff, 0xff, 0xff, 0xff, 0xff, 0xff, 0xff, 0xb7, 0x11, 0x00, 0x00, 0x00, 0x00, 0x00,
0x00, 0x00, 0x00, 0x00, 0x00, 0x00, 0x00, 0x00, 0x00, 0x00, 0x00, 0x00, 0x00, 0x69, 0xf7, 0xff,
0xff, 0xff, 0xff, 0xff, 0xff, 0xff, 0xff, 0xff, 0xff, 0xff, 0xff, 0xff, 0xff, 0xfe, 0x6e, 0x00,
0x00, 0x00, 0x00, 0x00, 0x00, 0x00, 0x00, 0x00, 0x00, 0x00, 0x00, 0x00, 0x00, 0x00, 0x00, 0x00,
0x00, 0x00, 0x00, 0x00, 0x00, 0x00, 0x00, 0x00, 0x00, 0x00, 0x00, 0x00, 0x00, 0x00, 0x00, 0x00,
0x00, 0x00, 0x00, 0x00, 0x00, 0x00, 0x07, 0x94, 0xff, 0xff, 0xff, 0xff, 0xff, 0xff, 0xff, 0xff,
0xff, 0xff, 0xff, 0xff, 0xff, 0xff, 0xff, 0xdb, 0x2d, 0x00, 0x00, 0x00, 0x00, 0x00, 0x00, 0x00,
0x00, 0x00, 0x00, 0x00, 0x00, 0x00, 0x00, 0x00, 0x00, 0x00, 0x00, 0x00, 0x00, 0x00, 0x00, 0x1a,
0xbe, 0xff, 0xff, 0xff, 0xff, 0xff, 0xff, 0xff, 0xff, 0xff, 0xff, 0xff, 0xff, 0xff, 0xff, 0xff,
0xc5, 0x14, 0x00, 0x00, 0x00, 0x00, 0x00, 0x00, 0x00, 0x00, 0x00, 0x00, 0x00, 0x00, 0x00, 0x00,
0x00, 0x00, 0x00, 0x00, 0x00, 0x00, 0x00, 0x00, 0x31, 0xda, 0xff, 0xff, 0xff, 0xff, 0xff, 0xff,
0xff, 0xff, 0xff, 0xff, 0xff, 0xff, 0xff, 0xff, 0xff, 0xcf, 
/* -40- */
0x12, 0xb9, 0xff, 0xff, 0xff, 0xff, 0xff, 0xff, 0xff, 0xff, 0xff, 0xff, 0xff, 0xff, 0xff, 0xff,
0xff, 0xf2, 0x3d, 0x00, 0x00, 0x00, 0x00, 0x00, 0x00, 0x00, 0x00, 0x00, 0x00, 0x00, 0x00, 0x00,
0x00, 0x00, 0x00, 0x00, 0x00, 0x00, 0x00, 0x00, 0x00, 0x00, 0x00, 0x00, 0x00, 0x00, 0x00, 0x00,
0x00, 0x00, 0x00, 0x00, 0x00, 0x00, 0x00, 0x00, 0x00, 0x2a, 0xd5, 0xff, 0xff, 0xff, 0xff, 0xff,
0xff, 0xff, 0xff, 0xff, 0xff, 0xff, 0xff, 0xff, 0xff, 0xb7, 0x11, 0x00, 0x00, 0x00, 0x00, 0x00,
0x00, 0x00, 0x00, 0x00, 0x00, 0x00, 0x00, 0x00, 0x00, 0x00, 0x00, 0x00, 0x00, 0x69, 0xf7, 0xff,
0xff, 0xff, 0xff, 0xff, 0xff, 0xff, 0xff, 0xff, 0xff, 0xff, 0xff, 0xff, 0xff, 0xfe, 0x6a, 0x00,
0x00, 0x00, 0x00, 0x00, 0x00, 0x00, 0x00, 0x00, 0x00, 0x00, 0x00, 0x00, 0x00, 0x00, 0x00, 0x00,
0x00, 0x00, 0x00, 0x00, 0x00, 0x00, 0x00, 0x00, 0x00, 0x00, 0x00, 0x00, 0x00, 0x00, 0x00, 0x00,
0x00, 0x00, 0x00, 0x00, 0x00, 0x00, 0x07, 0x95, 0xff, 0xff, 0xff, 0xff, 0xff, 0xff, 0xff, 0xff,
0xff, 0xff, 0xff, 0xff, 0xff, 0xff, 0xff, 0xd7, 0x2b, 0x00, 0x00, 0x00, 0x00, 0x00, 0x00, 0x00,
0x00, 0x00, 0x00, 0x00, 0x00, 0x00, 0x00, 0x00, 0x00, 0x00, 0x00, 0x00, 0x00, 0x00, 0x00, 0x1a,
0xbd, 0xff, 0xff, 0xff, 0xff, 0xff, 0xff, 0xff, 0xff, 0xff, 0xff, 0xff, 0xff, 0xff, 0xff, 0xff,
0xc1, 0x13, 0x00, 0x00, 0x00, 0x00, 0x00, 0x00, 0x00, 0x00, 0x00, 0x00, 0x00, 0x00, 0x00, 0x00,
0x00, 0x00, 0x00, 0x00, 0x00, 0x00, 0x00, 0x00, 0x30, 0xd9, 0xff, 0xff, 0xff, 0xff, 0xff, 0xff,
0xff, 0xff, 0xff, 0xff, 0xff, 0xff, 0xff, 0xff, 0xff, 0xcf, 
/* -41- */
0x14, 0xc3, 0xff, 0xff, 0xff, 0xff, 0xff, 0xff, 0xff, 0xff, 0xff, 0xff, 0xff, 0xff, 0xff, 0xff,
0xff, 0xe2, 0x32, 0x00, 0x00, 0x00, 0x00, 0x00, 0x00, 0x00, 0x00, 0x00, 0x00, 0x00, 0x00, 0x00,
0x00, 0x00, 0x00, 0x00, 0x00, 0x00, 0x00, 0x00, 0x00, 0x00, 0x00, 0x00, 0x00, 0x00, 0x00, 0x00,
0x00, 0x00, 0x00, 0x00, 0x00, 0x00, 0x00, 0x00, 0x00, 0x1f, 0xce, 0xff, 0xff, 0xff, 0xff, 0xff,
0xff, 0xff, 0xff, 0xff, 0xff, 0xff, 0xff, 0xff, 0xff, 0xb7, 0x11, 0x00, 0x00, 0x00, 0x00, 0x00,
0x00, 0x00, 0x00, 0x00, 0x00, 0x00, 0x00, 0x00, 0x00, 0x00, 0x00, 0x00, 0x00, 0x69, 0xf7, 0xff,
0xff, 0xff, 0xff, 0xff, 0xff, 0xff, 0xff, 0xff, 0xff, 0xff, 0xff, 0xff, 0xff, 0xfe, 0x66, 0x00,
0x00, 0x00, 0x00, 0x00, 0x00, 0x00, 0x00, 0x00, 0x00, 0x00, 0x00, 0x00, 0x00, 0x00, 0x00, 0x00,
0x00, 0x00, 0x00, 0x00, 0x00, 0x00, 0x00, 0x00, 0x00, 0x00, 0x00, 0x00, 0x00, 0x00, 0x00, 0x00,
0x00, 0x00, 0x00, 0x00, 0x00, 0x00, 0x07, 0x95, 0xff, 0xff, 0xff, 0xff, 0xff, 0xff, 0xff, 0xff,
0xff, 0xff, 0xff, 0xff, 0xff, 0xff, 0xff, 0xd4, 0x29, 0x00, 0x00, 0x00, 0x00, 0x00, 0x00, 0x00,
0x00, 0x00, 0x00, 0x00, 0x00, 0x00, 0x00, 0x00, 0x00, 0x00, 0x00, 0x00, 0x00, 0x00, 0x00, 0x1a,
0xbd, 0xff, 0xff, 0xff, 0xff, 0xff, 0xff, 0xff, 0xff, 0xff, 0xff, 0xff, 0xff, 0xff, 0xff, 0xff,
0xbc, 0x12, 0x00, 0x00, 0x00, 0x00, 0x00, 0x00, 0x00, 0x00, 0x00, 0x00, 0x00, 0x00, 0x00, 0x00,
0x00, 0x00, 0x00, 0x00, 0x00, 0x00, 0x00, 0x00, 0x30, 0xd9, 0xff, 0xff, 0xff, 0xff, 0xff, 0xff,
0xff, 0xff, 0xff, 0xff, 0xff, 0xff, 0xff, 0xff, 0xff, 0xcf, 
/* -42- */
0x17, 0xcc, 0xff, 0xff, 0xff, 0xff, 0xff, 0xff, 0xff, 0xff, 0xff, 0xff, 0xff, 0xff, 0xff, 0xff,
0xff, 0xdb, 0x2e, 0x00, 0x00, 0x00, 0x00, 0x00, 0x00, 0x00, 0x00, 0x00, 0x00, 0x00, 0x00, 0x00,
0x00, 0x00, 0x00, 0x00, 0x00, 0x00, 0x00, 0x00, 0x00, 0x00, 0x00, 0x00, 0x00, 0x00, 0x00, 0x00,
0x00, 0x00, 0x00, 0x00, 0x00, 0x00, 0x00, 0x00, 0x00, 0x17, 0xc9, 0xff, 0xff, 0xff, 0xff, 0xff,
0xff, 0xff, 0xff, 0xff, 0xff, 0xff, 0xff, 0xff, 0xff, 0xb7, 0x11, 0x00, 0x00, 0x00, 0x00, 0x00,
0x00, 0x00, 0x00, 0x00, 0x00, 0x00, 0x00, 0x00, 0x00, 0x00, 0x00, 0x00, 0x00, 0x69, 0xf7, 0xff,
0xff, 0xff, 0xff, 0xff, 0xff, 0xff, 0xff, 0xff, 0xff, 0xff, 0xff, 0xff, 0xff, 0xfd, 0x64, 0x00,
0x00, 0x00, 0x00, 0x00, 0x00, 0x00, 0x00, 0x00, 0x00, 0x00, 0x00, 0x00, 0x00, 0x00, 0x00, 0x00,
0x00, 0x00, 0x00, 0x00, 0x00, 0x00, 0x00, 0x00, 0x00, 0x00, 0x00, 0x00, 0x00, 0x00, 0x00, 0x00,
0x00, 0x00, 0x00, 0x00, 0x00, 0x00, 0x07, 0x95, 0xff, 0xff, 0xff, 0xff, 0xff, 0xff, 0xff, 0xff,
0xff, 0xff, 0xff, 0xff, 0xff, 0xff, 0xff, 0xd2, 0x28, 0x00, 0x00, 0x00, 0x00, 0x00, 0x00, 0x00,
0x00, 0x00, 0x00, 0x00, 0x00, 0x00, 0x00, 0x00, 0x00, 0x00, 0x00, 0x00, 0x00, 0x00, 0x00, 0x1a,
0xbd, 0xff, 0xff, 0xff, 0xff, 0xff, 0xff, 0xff, 0xff, 0xff, 0xff, 0xff, 0xff, 0xff, 0xff, 0xff,
0xb9, 0x11, 0x00, 0x00, 0x00, 0x00, 0x00, 0x00, 0x00, 0x00, 0x00, 0x00, 0x00, 0x00, 0x00, 0x00,
0x00, 0x00, 0x00, 0x00, 0x00, 0x00, 0x00, 0x00, 0x30, 0xd9, 0xff, 0xff, 0xff, 0xff, 0xff, 0xff,
0xff, 0xff, 0xff, 0xff, 0xff, 0xff, 0xff, 0xff, 0xff, 0xcf, 
/* -43- */
0x18, 0xd0, 0xff, 0xff, 0xff, 0xff, 0xff, 0xff, 0xff, 0xff, 0xff, 0xff, 0xff, 0xff, 0xff, 0xff,
0xff, 0xd6, 0x2a, 0x00, 0x00, 0x00, 0x00, 0x00, 0x00, 0x00, 0x00, 0x00, 0x00, 0x00, 0x00, 0x00,
0x00, 0x00, 0x00, 0x00, 0x00, 0x00, 0x00, 0x00, 0x00, 0x00, 0x00, 0x00, 0x00, 0x00, 0x00, 0x00,
0x00, 0x00, 0x00, 0x00, 0x00, 0x00, 0x00, 0x00, 0x00, 0x12, 0xc5, 0xff, 0xff, 0xff, 0xff, 0xff,
0xff, 0xff, 0xff, 0xff, 0xff, 0xff, 0xff, 0xff, 0xff, 0xb7, 0x11, 0x00, 0x00, 0x00, 0x00, 0x00,
0x00, 0x00, 0x00, 0x00, 0x00, 0x00, 0x00, 0x00, 0x00, 0x00, 0x00, 0x00, 0x00, 0x69, 0xf7, 0xff,
0xff, 0xff, 0xff, 0xff, 0xff, 0xff, 0xff, 0xff, 0xff, 0xff, 0xff, 0xff, 0xff, 0xfd, 0x64, 0x00,
0x00, 0x00, 0x00, 0x00, 0x00, 0x00, 0x00, 0x00, 0x00, 0x00, 0x00, 0x00, 0x00, 0x00, 0x00, 0x00,
0x00, 0x00, 0x00, 0x00, 0x00, 0x00, 0x00, 0x00, 0x00, 0x00, 0x00, 0x00, 0x00, 0x00, 0x00, 0x00,
0x00, 0x00, 0x00, 0x00, 0x00, 0x00, 0x08, 0x95, 0xff, 0xff, 0xff, 0xff, 0xff, 0xff, 0xff, 0xff,
0xff, 0xff, 0xff, 0xff, 0xff, 0xff, 0xff, 0xd1, 0x27, 0x00, 0x00, 0x00, 0x00, 0x00, 0x00, 0x00,
0x00, 0x00, 0x00, 0x00, 0x00, 0x00, 0x00, 0x00, 0x00, 0x00, 0x00, 0x00, 0x00, 0x00, 0x00, 0x1a,
0xbd, 0xff, 0xff, 0xff, 0xff, 0xff, 0xff, 0xff, 0xff, 0xff, 0xff, 0xff, 0xff, 0xff, 0xff, 0xff,
0xb9, 0x11, 0x00, 0x00, 0x00, 0x00, 0x00, 0x00, 0x00, 0x00, 0x00, 0x00, 0x00, 0x00, 0x00, 0x00,
0x00, 0x00, 0x00, 0x00, 0x00, 0x00, 0x00, 0x00, 0x30, 0xd9, 0xff, 0xff, 0xff, 0xff, 0xff, 0xff,
0xff, 0xff, 0xff, 0xff, 0xff, 0xff, 0xff, 0xff, 0xff, 0xcf, 
/* -44- */
0x15, 0xc9, 0xff, 0xff, 0xff, 0xff, 0xff, 0xff, 0xff, 0xff, 0xff, 0xff, 0xff, 0xff, 0xff, 0xff,
0xff, 0xd9, 0x2c, 0x00, 0x00, 0x00, 0x00, 0x00, 0x00, 0x00, 0x00, 0x00, 0x00, 0x00, 0x00, 0x00,
0x00, 0x00, 0x00, 0x00, 0x00, 0x00, 0x00, 0x00, 0x00, 0x00, 0x00, 0x00, 0x00, 0x00, 0x00, 0x00,
0x00, 0x00, 0x00, 0x00, 0x00, 0x00, 0x00, 0x00, 0x00, 0x16, 0xc8, 0xff, 0xff, 0xff, 0xff, 0xff,
0xff, 0xff, 0xff, 0xff, 0xff, 0xff, 0xff, 0xff, 0xff, 0xb7, 0x11, 0x00, 0x00, 0x00, 0x00, 0x00,
0x00, 0x00, 0x00, 0x00, 0x00, 0x00, 0x00, 0x00, 0x00, 0x00, 0x00, 0x00, 0x00, 0x69, 0xf7, 0xff,
0xff, 0xff, 0xff, 0xff, 0xff, 0xff, 0xff, 0xff, 0xff, 0xff, 0xff, 0xff, 0xff, 0xfd, 0x64, 0x00,
0x00, 0x00, 0x00, 0x00, 0x00, 0x00, 0x00, 0x00, 0x00, 0x00, 0x00, 0x00, 0x00, 0x00, 0x00, 0x00,
0x00, 0x00, 0x00, 0x00, 0x00, 0x00, 0x00, 0x00, 0x00, 0x00, 0x00, 0x00, 0x00, 0x00, 0x00, 0x00,
0x00, 0x00, 0x00, 0x00, 0x00, 0x00, 0x08, 0x95, 0xff, 0xff, 0xff, 0xff, 0xff, 0xff, 0xff, 0xff,
0xff, 0xff, 0xff, 0xff, 0xff, 0xff, 0xff, 0xd1, 0x27, 0x00, 0x00, 0x00, 0x00, 0x00, 0x00, 0x00,
0x00, 0x00, 0x00, 0x00, 0x00, 0x00, 0x00, 0x00, 0x00, 0x00, 0x00, 0x00, 0x00, 0x00, 0x00, 0x1a,
0xbd, 0xff, 0xff, 0xff, 0xff, 0xff, 0xff, 0xff, 0xff, 0xff, 0xff, 0xff, 0xff, 0xff, 0xff, 0xff,
0xb9, 0x11, 0x00, 0x00, 0x00, 0x00, 0x00, 0x00, 0x00, 0x00, 0x00, 0x00, 0x00, 0x00, 0x00, 0x00,
0x00, 0x00, 0x00, 0x00, 0x00, 0x00, 0x00, 0x00, 0x30, 0xd9, 0xff, 0xff, 0xff, 0xff, 0xff, 0xff,
0xff, 0xff, 0xff, 0xff, 0xff, 0xff, 0xff, 0xff, 0xff, 0xcf, 
/* -45- */
0x14, 0xc0, 0xff, 0xff, 0xff, 0xff, 0xff, 0xff, 0xff, 0xff, 0xff, 0xff, 0xff, 0xff, 0xff, 0xff,
0xff, 0xe1, 0x32, 0x00, 0x00, 0x00, 0x00, 0x00, 0x00, 0x00, 0x00, 0x00, 0x00, 0x00, 0x00, 0x00,
0x00, 0x00, 0x00, 0x00, 0x00, 0x00, 0x00, 0x00, 0x00, 0x00, 0x00, 0x00, 0x00, 0x00, 0x00, 0x00,
0x00, 0x00, 0x00, 0x00, 0x00, 0x00, 0x00, 0x00, 0x00, 0x1d, 0xcc, 0xff, 0xff, 0xff, 0xff, 0xff,
0xff, 0xff, 0xff, 0xff, 0xff, 0xff, 0xff, 0xff, 0xff, 0xb7, 0x11, 0x00, 0x00, 0x00, 0x00, 0x00,
0x00, 0x00, 0x00, 0x00, 0x00, 0x00, 0x00, 0x00, 0x00, 0x00, 0x00, 0x00, 0x00, 0x69, 0xf7, 0xff,
0xff, 0xff, 0xff, 0xff, 0xff, 0xff, 0xff, 0xff, 0xff, 0xff, 0xff, 0xff, 0xff, 0xfd, 0x64, 0x00,
0x00, 0x00, 0x00, 0x00, 0x00, 0x00, 0x00, 0x00, 0x00, 0x00, 0x00, 0x00, 0x00, 0x00, 0x00, 0x00,
0x00, 0x00, 0x00, 0x00, 0x00, 0x00, 0x00, 0x00, 0x00, 0x00, 0x00, 0x00, 0x00, 0x00, 0x00, 0x00,
0x00, 0x00, 0x00, 0x00, 0x00, 0x00, 0x08, 0x95, 0xff, 0xff, 0xff, 0xff, 0xff, 0xff, 0xff, 0xff,
0xff, 0xff, 0xff, 0xff, 0xff, 0xff, 0xff, 0xd1, 0x27, 0x00, 0x00, 0x00, 0x00, 0x00, 0x00, 0x00,
0x00, 0x00, 0x00, 0x00, 0x00, 0x00, 0x00, 0x00, 0x00, 0x00, 0x00, 0x00, 0x00, 0x00, 0x00, 0x1a,
0xbd, 0xff, 0xff, 0xff, 0xff, 0xff, 0xff, 0xff, 0xff, 0xff, 0xff, 0xff, 0xff, 0xff, 0xff, 0xff,
0xb9, 0x11, 0x00, 0x00, 0x00, 0x00, 0x00, 0x00, 0x00, 0x00, 0x00, 0x00, 0x00, 0x00, 0x00, 0x00,
0x00, 0x00, 0x00, 0x00, 0x00, 0x00, 0x00, 0x00, 0x30, 0xd9, 0xff, 0xff, 0xff, 0xff, 0xff, 0xff,
0xff, 0xff, 0xff, 0xff, 0xff, 0xff, 0xff, 0xff, 0xff, 0xcf, 
/* -46- */
0x12, 0xb8, 0xff, 0xff, 0xff, 0xff, 0xff, 0xff, 0xff, 0xff, 0xff, 0xff, 0xff, 0xff, 0xff, 0xff,
0xff, 0xf1, 0x3c, 0x00, 0x00, 0x00, 0x00, 0x00, 0x00, 0x00, 0x00, 0x00, 0x00, 0x00, 0x00, 0x00,
0x00, 0x00, 0x00, 0x00, 0x00, 0x00, 0x00, 0x00, 0x00, 0x00, 0x00, 0x00, 0x00, 0x00, 0x00, 0x00,
0x00, 0x00, 0x00, 0x00, 0x00, 0x00, 0x00, 0x00, 0x00, 0x27, 0xd3, 0xff, 0xff, 0xff, 0xff, 0xff,
0xff, 0xff, 0xff, 0xff, 0xff, 0xff, 0xff, 0xff, 0xff, 0xb7, 0x11, 0x00, 0x00, 0x00, 0x00, 0x00,
0x00, 0x00, 0x00, 0x00, 0x00, 0x00, 0x00, 0x00, 0x00, 0x00, 0x00, 0x00, 0x00, 0x69, 0xf7, 0xff,
0xff, 0xff, 0xff, 0xff, 0xff, 0xff, 0xff, 0xff, 0xff, 0xff, 0xff, 0xff, 0xff, 0xfd, 0x64, 0x00,
0x00, 0x00, 0x00, 0x00, 0x00, 0x00, 0x00, 0x00, 0x00, 0x00, 0x00, 0x00, 0x00, 0x00, 0x00, 0x00,
0x00, 0x00, 0x00, 0x00, 0x00, 0x00, 0x00, 0x00, 0x00, 0x00, 0x00, 0x00, 0x00, 0x00, 0x00, 0x00,
0x00, 0x00, 0x00, 0x00, 0x00, 0x00, 0x08, 0x95, 0xff, 0xff, 0xff, 0xff, 0xff, 0xff, 0xff, 0xff,
0xff, 0xff, 0xff, 0xff, 0xff, 0xff, 0xff, 0xd1, 0x27, 0x00, 0x00, 0x00, 0x00, 0x00, 0x00, 0x00,
0x00, 0x00, 0x00, 0x00, 0x00, 0x00, 0x00, 0x00, 0x00, 0x00, 0x00, 0x00, 0x00, 0x00, 0x00, 0x1a,
0xbd, 0xff, 0xff, 0xff, 0xff, 0xff, 0xff, 0xff, 0xff, 0xff, 0xff, 0xff, 0xff, 0xff, 0xff, 0xff,
0xb9, 0x11, 0x00, 0x00, 0x00, 0x00, 0x00, 0x00, 0x00, 0x00, 0x00, 0x00, 0x00, 0x00, 0x00, 0x00,
0x00, 0x00, 0x00, 0x00, 0x00, 0x00, 0x00, 0x00, 0x30, 0xd9, 0xff, 0xff, 0xff, 0xff, 0xff, 0xff,
0xff, 0xff, 0xff, 0xff, 0xff, 0xff, 0xff, 0xff, 0xff, 0xcf, 
/* -47- */
0x0d, 0xa7, 0xff, 0xff, 0xff, 0xff, 0xff, 0xff, 0xff, 0xff, 0xff, 0xff, 0xff, 0xff, 0xff, 0xff,
0xff, 0xff, 0x49, 0x00, 0x00, 0x00, 0x00, 0x00, 0x00, 0x00, 0x00, 0x00, 0x00, 0x00, 0x00, 0x00,
0x00, 0x00, 0x00, 0x00, 0x00, 0x00, 0x00, 0x00, 0x00, 0x00, 0x00, 0x00, 0x00, 0x00, 0x00, 0x00,
0x00, 0x00, 0x00, 0x00, 0x00, 0x00, 0x00, 0x00, 0x00, 0x3b, 0xe0, 0xff, 0xff, 0xff, 0xff, 0xff,
0xff, 0xff, 0xff, 0xff, 0xff, 0xff, 0xff, 0xff, 0xff, 0xb7, 0x11, 0x00, 0x00, 0x00, 0x00, 0x00,
0x00, 0x00, 0x00, 0x00, 0x00, 0x00, 0x00, 0x00, 0x00, 0x00, 0x00, 0x00, 0x00, 0x69, 0xf7, 0xff,
0xff, 0xff, 0xff, 0xff, 0xff, 0xff, 0xff, 0xff, 0xff, 0xff, 0xff, 0xff, 0xff, 0xfd, 0x64, 0x00,
0x00, 0x00, 0x00, 0x00, 0x00, 0x00, 0x00, 0x00, 0x00, 0x00, 0x00, 0x00, 0x00, 0x00, 0x00, 0x00,
0x00, 0x00, 0x00, 0x00, 0x00, 0x00, 0x00, 0x00, 0x00, 0x00, 0x00, 0x00, 0x00, 0x00, 0x00, 0x00,
0x00, 0x00, 0x00, 0x00, 0x00, 0x00, 0x08, 0x95, 0xff, 0xff, 0xff, 0xff, 0xff, 0xff, 0xff, 0xff,
0xff, 0xff, 0xff, 0xff, 0xff, 0xff, 0xff, 0xd1, 0x27, 0x00, 0x00, 0x00, 0x00, 0x00, 0x00, 0x00,
0x00, 0x00, 0x00, 0x00, 0x00, 0x00, 0x00, 0x00, 0x00, 0x00, 0x00, 0x00, 0x00, 0x00, 0x00, 0x1a,
0xbd, 0xff, 0xff, 0xff, 0xff, 0xff, 0xff, 0xff, 0xff, 0xff, 0xff, 0xff, 0xff, 0xff, 0xff, 0xff,
0xb9, 0x11, 0x00, 0x00, 0x00, 0x00, 0x00, 0x00, 0x00, 0x00, 0x00, 0x00, 0x00, 0x00, 0x00, 0x00,
0x00, 0x00, 0x00, 0x00, 0x00, 0x00, 0x00, 0x00, 0x30, 0xd9, 0xff, 0xff, 0xff, 0xff, 0xff, 0xff,
0xff, 0xff, 0xff, 0xff, 0xff, 0xff, 0xff, 0xff, 0xff, 0xcf, 
/* -48- */
0x05, 0x8c, 0xff, 0xff, 0xff, 0xff, 0xff, 0xff, 0xff, 0xff, 0xff, 0xff, 0xff, 0xff, 0xff, 0xff,
0xff, 0xff, 0x66, 0x00, 0x00, 0x00, 0x00, 0x00, 0x00, 0x00, 0x00, 0x00, 0x00, 0x00, 0x00, 0x00,
0x00, 0x00, 0x00, 0x00, 0x00, 0x00, 0x00, 0x00, 0x00, 0x00, 0x00, 0x00, 0x00, 0x00, 0x00, 0x00,
0x00, 0x00, 0x00, 0x00, 0x00, 0x00, 0x00, 0x00, 0x00, 0x52, 0xf0, 0xff, 0xff, 0xff, 0xff, 0xff,
0xff, 0xff, 0xff, 0xff, 0xff, 0xff, 0xff, 0xff, 0xff, 0xb7, 0x11, 0x00, 0x00, 0x00, 0x00, 0x00,
0x00, 0x00, 0x00, 0x00, 0x00, 0x00, 0x00, 0x00, 0x00, 0x00, 0x00, 0x00, 0x00, 0x69, 0xf7, 0xff,
0xff, 0xff, 0xff, 0xff, 0xff, 0xff, 0xff, 0xff, 0xff, 0xff, 0xff, 0xff, 0xff, 0xfd, 0x64, 0x00,
0x00, 0x00, 0x00, 0x00, 0x00, 0x00, 0x00, 0x00, 0x00, 0x00, 0x00, 0x00, 0x00, 0x00, 0x00, 0x00,
0x00, 0x00, 0x00, 0x00, 0x00, 0x00, 0x00, 0x00, 0x00, 0x00, 0x00, 0x00, 0x00, 0x00, 0x00, 0x00,
0x00, 0x00, 0x00, 0x00, 0x00, 0x00, 0x08, 0x96, 0xff, 0xff, 0xff, 0xff, 0xff, 0xff, 0xff, 0xff,
0xff, 0xff, 0xff, 0xff, 0xff, 0xff, 0xff, 0xd1, 0x27, 0x00, 0x00, 0x00, 0x00, 0x00, 0x00, 0x00,
0x00, 0x00, 0x00, 0x00, 0x00, 0x00, 0x00, 0x00, 0x00, 0x00, 0x00, 0x00, 0x00, 0x00, 0x00, 0x1a,
0xbd, 0xff, 0xff, 0xff, 0xff, 0xff, 0xff, 0xff, 0xff, 0xff, 0xff, 0xff, 0xff, 0xff, 0xff, 0xff,
0xb9, 0x11, 0x00, 0x00, 0x00, 0x00, 0x00, 0x00, 0x00, 0x00, 0x00, 0x00, 0x00, 0x00, 0x00, 0x00,
0x00, 0x00, 0x00, 0x00, 0x00, 0x00, 0x00, 0x00, 0x30, 0xd9, 0xff, 0xff, 0xff, 0xff, 0xff, 0xff,
0xff, 0xff, 0xff, 0xff, 0xff, 0xff, 0xff, 0xff, 0xff, 0xcf, 
/* -49- */
0x00, 0x71, 0xff, 0xff, 0xff, 0xff, 0xff, 0xff, 0xff, 0xff, 0xff, 0xff, 0xff, 0xff, 0xff, 0xff,
0xff, 0xff, 0x92, 0x07, 0x00, 0x00, 0x00, 0x00, 0x00, 0x00, 0x00, 0x00, 0x00, 0x00, 0x00, 0x00,
0x00, 0x00, 0x00, 0x00, 0x00, 0x00, 0x00, 0x00, 0x00, 0x00, 0x00, 0x00, 0x00, 0x00, 0x00, 0x00,
0x00, 0x00, 0x00, 0x00, 0x00, 0x00, 0x00, 0x00, 0x00, 0x70, 0xfd, 0xff, 0xff, 0xff, 0xff, 0xff,
0xff, 0xff, 0xff, 0xff, 0xff, 0xff, 0xff, 0xff, 0xff, 0xb7, 0x11, 0x00, 0x00, 0x00, 0x00, 0x00,
0x00, 0x00, 0x00, 0x00, 0x00, 0x00, 0x00, 0x00, 0x00, 0x00, 0x00, 0x00, 0x00, 0x69, 0xf7, 0xff,
0xff, 0xff, 0xff, 0xff, 0xff, 0xff, 0xff, 0xff, 0xff, 0xff, 0xff, 0xff, 0xff, 0xfd, 0x64, 0x00,
0x00, 0x00, 0x00, 0x00, 0x00, 0x00, 0x00, 0x00, 0x00, 0x00, 0x00, 0x00, 0x00, 0x00, 0x00, 0x00,
0x00, 0x00, 0x00, 0x00, 0x00, 0x00, 0x00, 0x00, 0x00, 0x00, 0x00, 0x00, 0x00, 0x00, 0x00, 0x00,
0x00, 0x00, 0x00, 0x00, 0x00, 0x00, 0x08, 0x96, 0xff, 0xff, 0xff, 0xff, 0xff, 0xff, 0xff, 0xff,
0xff, 0xff, 0xff, 0xff, 0xff, 0xff, 0xff, 0xd1, 0x27, 0x00, 0x00, 0x00, 0x00, 0x00, 0x00, 0x00,
0x00, 0x00, 0x00, 0x00, 0x00, 0x00, 0x00, 0x00, 0x00, 0x00, 0x00, 0x00, 0x00, 0x00, 0x00, 0x1a,
0xbd, 0xff, 0xff, 0xff, 0xff, 0xff, 0xff, 0xff, 0xff, 0xff, 0xff, 0xff, 0xff, 0xff, 0xff, 0xff,
0xb9, 0x11, 0x00, 0x00, 0x00, 0x00, 0x00, 0x00, 0x00, 0x00, 0x00, 0x00, 0x00, 0x00, 0x00, 0x00,
0x00, 0x00, 0x00, 0x00, 0x00, 0x00, 0x00, 0x00, 0x30, 0xd9, 0xff, 0xff, 0xff, 0xff, 0xff, 0xff,
0xff, 0xff, 0xff, 0xff, 0xff, 0xff, 0xff, 0xff, 0xff, 0xcf, 
/* -50- */
0x00, 0x57, 0xff, 0xff, 0xff, 0xff, 0xff, 0xff, 0xff, 0xff, 0xff, 0xff, 0xff, 0xff, 0xff, 0xff,
0xff, 0xff, 0xc6, 0x13, 0x00, 0x00, 0x00, 0x00, 0x00, 0x00, 0x00, 0x00, 0x00, 0x00, 0x00, 0x00,
0x00, 0x00, 0x00, 0x00, 0x00, 0x00, 0x00, 0x00, 0x00, 0x00, 0x00, 0x00, 0x00, 0x00, 0x00, 0x00,
0x00, 0x00, 0x00, 0x00, 0x00, 0x00, 0x00, 0x00, 0x01, 0x96, 0xff, 0xff, 0xff, 0xff, 0xff, 0xff,
0xff, 0xff, 0xff, 0xff, 0xff, 0xff, 0xff, 0xff, 0xff, 0xb7, 0x11, 0x00, 0x00, 0x00, 0x00, 0x00,
0x00, 0x00, 0x00, 0x00, 0x00, 0x00, 0x00, 0x00, 0x00, 0x00, 0x00, 0x00, 0x00, 0x69, 0xf7, 0xff,
0xff, 0xff, 0xff, 0xff, 0xff, 0xff, 0xff, 0xff, 0xff, 0xff, 0xff, 0xff, 0xff, 0xfd, 0x64, 0x00,
0x00, 0x00, 0x00, 0x00, 0x00, 0x00, 0x00, 0x00, 0x00, 0x00, 0x00, 0x00, 0x00, 0x00, 0x00, 0x00,
0x00, 0x00, 0x00, 0x00, 0x00, 0x00, 0x00, 0x00, 0x00, 0x00, 0x00, 0x00, 0x00, 0x00, 0x00, 0x00,
0x00, 0x00, 0x00, 0x00, 0x00, 0x00, 0x08, 0x96, 0xff, 0xff, 0xff, 0xff, 0xff, 0xff, 0xff, 0xff,
0xff, 0xff, 0xff, 0xff, 0xff, 0xff, 0xff, 0xd1, 0x27, 0x00, 0x00, 0x00, 0x00, 0x00, 0x00, 0x00,
0x00, 0x00, 0x00, 0x00, 0x00, 0x00, 0x00, 0x00, 0x00, 0x00, 0x00, 0x00, 0x00, 0x00, 0x00, 0x1a,
0xbd, 0xff, 0xff, 0xff, 0xff, 0xff, 0xff, 0xff, 0xff, 0xff, 0xff, 0xff, 0xff, 0xff, 0xff, 0xff,
0xb9, 0x11, 0x00, 0x00, 0x00, 0x00, 0x00, 0x00, 0x00, 0x00, 0x00, 0x00, 0x00, 0x00, 0x00, 0x00,
0x00, 0x00, 0x00, 0x00, 0x00, 0x00, 0x00, 0x00, 0x30, 0xd9, 0xff, 0xff, 0xff, 0xff, 0xff, 0xff,
0xff, 0xff, 0xff, 0xff, 0xff, 0xff, 0xff, 0xff, 0xff, 0xcf, 
/* -51- */
0x00, 0x3e, 0xf3, 0xff, 0xff, 0xff, 0xff, 0xff, 0xff, 0xff, 0xff, 0xff, 0xff, 0xff, 0xff, 0xff,
0xff, 0xff, 0xfb, 0x2b, 0x00, 0x00, 0x00, 0x00, 0x00, 0x00, 0x00, 0x00, 0x00, 0x00, 0x00, 0x00,
0x00, 0x00, 0x00, 0x00, 0x00, 0x00, 0x00, 0x00, 0x00, 0x00, 0x00, 0x00, 0x00, 0x00, 0x00, 0x00,
0x00, 0x00, 0x00, 0x00, 0x00, 0x00, 0x00, 0x00, 0x1b, 0xc1, 0xff, 0xff, 0xff, 0xff, 0xff, 0xff,
0xff, 0xff, 0xff, 0xff, 0xff, 0xff, 0xff, 0xff, 0xff, 0xb7, 0x11, 0x00, 0x00, 0x00, 0x00, 0x00,
0x00, 0x00, 0x00, 0x00, 0x00, 0x00, 0x00, 0x00, 0x00, 0x00, 0x00, 0x00, 0x00, 0x69, 0xf7, 0xff,
0xff, 0xff, 0xff, 0xff, 0xff, 0xff, 0xff, 0xff, 0xff, 0xff, 0xff, 0xff, 0xff, 0xfd, 0x64, 0x00,
0x00, 0x00, 0x00, 0x00, 0x00, 0x00, 0x00, 0x00, 0x00, 0x00, 0x00, 0x00, 0x00, 0x00, 0x00, 0x00,
0x00, 0x00, 0x00, 0x00, 0x00, 0x00, 0x00, 0x00, 0x00, 0x00, 0x00, 0x00, 0x00, 0x00, 0x00, 0x00,
0x00, 0x00, 0x00, 0x00, 0x00, 0x00, 0x08, 0x96, 0xff, 0xff, 0xff, 0xff, 0xff, 0xff, 0xff, 0xff,
0xff, 0xff, 0xff, 0xff, 0xff, 0xff, 0xff, 0xd1, 0x27, 0x00, 0x00, 0x00, 0x00, 0x00, 0x00, 0x00,
0x00, 0x00, 0x00, 0x00, 0x00, 0x00, 0x00, 0x00, 0x00, 0x00, 0x00, 0x00, 0x00, 0x00, 0x00, 0x1a,
0xbd, 0xff, 0xff, 0xff, 0xff, 0xff, 0xff, 0xff, 0xff, 0xff, 0xff, 0xff, 0xff, 0xff, 0xff, 0xff,
0xb9, 0x11, 0x00, 0x00, 0x00, 0x00, 0x00, 0x00, 0x00, 0x00, 0x00, 0x00, 0x00, 0x00, 0x00, 0x00,
0x00, 0x00, 0x00, 0x00, 0x00, 0x00, 0x00, 0x00, 0x30, 0xd9, 0xff, 0xff, 0xff, 0xff, 0xff, 0xff,
0xff, 0xff, 0xff, 0xff, 0xff, 0xff, 0xff, 0xff, 0xff, 0xcf, 
/* -52- */
0x00, 0x26, 0xd0, 0xff, 0xff, 0xff, 0xff, 0xff, 0xff, 0xff, 0xff, 0xff, 0xff, 0xff, 0xff, 0xff,
0xff, 0xff, 0xff, 0x71, 0x00, 0x00, 0x00, 0x00, 0x00, 0x00, 0x00, 0x00, 0x00, 0x00, 0x00, 0x00,
0x00, 0x00, 0x00, 0x00, 0x00, 0x00, 0x00, 0x00, 0x00, 0x00, 0x00, 0x00, 0x00, 0x00, 0x00, 0x00,
0x00, 0x00, 0x00, 0x00, 0x00, 0x00, 0x00, 0x00, 0x40, 0xf1, 0xff, 0xff, 0xff, 0xff, 0xff, 0xff,
0xff, 0xff, 0xff, 0xff, 0xff, 0xff, 0xff, 0xff, 0xff, 0xb7, 0x11, 0x00, 0x00, 0x00, 0x00, 0x00,
0x00, 0x00, 0x00, 0x00, 0x00, 0x00, 0x00, 0x00, 0x00, 0x00, 0x00, 0x00, 0x00, 0x69, 0xf7, 0xff,
0xff, 0xff, 0xff, 0xff, 0xff, 0xff, 0xff, 0xff, 0xff, 0xff, 0xff, 0xff, 0xff, 0xfd, 0x64, 0x00,
0x00, 0x00, 0x00, 0x00, 0x00, 0x00, 0x00, 0x00, 0x00, 0x00, 0x00, 0x00, 0x00, 0x00, 0x00, 0x00,
0x00, 0x00, 0x00, 0x00, 0x00, 0x00, 0x00, 0x00, 0x00, 0x00, 0x00, 0x00, 0x00, 0x00, 0x00, 0x00,
0x00, 0x00, 0x00, 0x00, 0x00, 0x00, 0x08, 0x96, 0xff, 0xff, 0xff, 0xff, 0xff, 0xff, 0xff, 0xff,
0xff, 0xff, 0xff, 0xff, 0xff, 0xff, 0xff, 0xd1, 0x27, 0x00, 0x00, 0x00, 0x00, 0x00, 0x00, 0x00,
0x00, 0x00, 0x00, 0x00, 0x00, 0x00, 0x00, 0x00, 0x00, 0x00, 0x00, 0x00, 0x00, 0x00, 0x00, 0x1a,
0xbd, 0xff, 0xff, 0xff, 0xff, 0xff, 0xff, 0xff, 0xff, 0xff, 0xff, 0xff, 0xff, 0xff, 0xff, 0xff,
0xb9, 0x11, 0x00, 0x00, 0x00, 0x00, 0x00, 0x00, 0x00, 0x00, 0x00, 0x00, 0x00, 0x00, 0x00, 0x00,
0x00, 0x00, 0x00, 0x00, 0x00, 0x00, 0x00, 0x00, 0x30, 0xd9, 0xff, 0xff, 0xff, 0xff, 0xff, 0xff,
0xff, 0xff, 0xff, 0xff, 0xff, 0xff, 0xff, 0xff, 0xff, 0xcf, 
/* -53- */
0x00, 0x0e, 0xad, 0xff, 0xff, 0xff, 0xff, 0xff, 0xff, 0xff, 0xff, 0xff, 0xff, 0xff, 0xff, 0xff,
0xff, 0xff, 0xff, 0xd1, 0x05, 0x00, 0x00, 0x00, 0x00, 0x00, 0x00, 0x00, 0x00, 0x00, 0x00, 0x00,
0x00, 0x00, 0x00, 0x00, 0x00, 0x00, 0x00, 0x00, 0x00, 0x00, 0x00, 0x00, 0x00, 0x00, 0x00, 0x00,
0x00, 0x00, 0x00, 0x00, 0x00, 0x00, 0x00, 0x04, 0x7c, 0xff, 0xff, 0xff, 0xff, 0xff, 0xff, 0xff,
0xff, 0xff, 0xff, 0xff, 0xff, 0xff, 0xff, 0xff, 0xff, 0xb7, 0x11, 0x00, 0x00, 0x00, 0x00, 0x00,
0x00, 0x00, 0x00, 0x00, 0x00, 0x00, 0x00, 0x00, 0x00, 0x00, 0x00, 0x00, 0x00, 0x69, 0xf7, 0xff,
0xff, 0xff, 0xff, 0xff, 0xff, 0xff, 0xff, 0xff, 0xff, 0xff, 0xff, 0xff, 0xff, 0xfd, 0x64, 0x00,
0x00, 0x00, 0x00, 0x00, 0x00, 0x00, 0x00, 0x00, 0x00, 0x00, 0x00, 0x00, 0x00, 0x00, 0x00, 0x00,
0x00, 0x00, 0x00, 0x00, 0x00, 0x00, 0x00, 0x00, 0x00, 0x00, 0x00, 0x00, 0x00, 0x00, 0x00, 0x00,
0x00, 0x00, 0x00, 0x00, 0x00, 0x00, 0x08, 0x97, 0xff, 0xff, 0xff, 0xff, 0xff, 0xff, 0xff, 0xff,
0xff, 0xff, 0xff, 0xff, 0xff, 0xff, 0xff, 0xd1, 0x27, 0x00, 0x00, 0x00, 0x00, 0x00, 0x00, 0x00,
0x00, 0x00, 0x00, 0x00, 0x00, 0x00, 0x00, 0x00, 0x00, 0x00, 0x00, 0x00, 0x00, 0x00, 0x00, 0x1a,
0xbd, 0xff, 0xff, 0xff, 0xff, 0xff, 0xff, 0xff, 0xff, 0xff, 0xff, 0xff, 0xff, 0xff, 0xff, 0xff,
0xb9, 0x11, 0x00, 0x00, 0x00, 0x00, 0x00, 0x00, 0x00, 0x00, 0x00, 0x00, 0x00, 0x00, 0x00, 0x00,
0x00, 0x00, 0x00, 0x00, 0x00, 0x00, 0x00, 0x00, 0x30, 0xd9, 0xff, 0xff, 0xff, 0xff, 0xff, 0xff,
0xff, 0xff, 0xff, 0xff, 0xff, 0xff, 0xff, 0xff, 0xff, 0xcf, 
/* -54- */
0x00, 0x01, 0x85, 0xff, 0xff, 0xff, 0xff, 0xff, 0xff, 0xff, 0xff, 0xff, 0xff, 0xff, 0xff, 0xff,
0xff, 0xff, 0xff, 0xfd, 0x4a, 0x00, 0x00, 0x00, 0x00, 0x00, 0x00, 0x00, 0x00, 0x00, 0x00, 0x00,
0x00, 0x00, 0x00, 0x00, 0x00, 0x00, 0x00, 0x00, 0x00, 0x00, 0x00, 0x00, 0x00, 0x00, 0x00, 0x00,
0x00, 0x00, 0x00, 0x00, 0x00, 0x00, 0x00, 0x18, 0xd9, 0xff, 0xff, 0xff, 0xff, 0xff, 0xff, 0xff,
0xff, 0xff, 0xff, 0xff, 0xff, 0xff, 0xff, 0xff, 0xff, 0xb7, 0x11, 0x00, 0x00, 0x00, 0x00, 0x00,
0x00, 0x00, 0x00, 0x00, 0x00, 0x00, 0x00, 0x00, 0x00, 0x00, 0x00, 0x00, 0x00, 0x69, 0xf7, 0xff,
0xff, 0xff, 0xff, 0xff, 0xff, 0xff, 0xff, 0xff, 0xff, 0xff, 0xff, 0xff, 0xff, 0xfd, 0x64, 0x00,
0x00, 0x00, 0x00, 0x00, 0x00, 0x00, 0x00, 0x00, 0x00, 0x00, 0x00, 0x00, 0x00, 0x00, 0x00, 0x00,
0x00, 0x00, 0x00, 0x00, 0x00, 0x00, 0x00, 0x00, 0x00, 0x00, 0x00, 0x00, 0x00, 0x00, 0x00, 0x00,
0x00, 0x00, 0x00, 0x00, 0x00, 0x00, 0x08, 0x97, 0xff, 0xff, 0xff, 0xff, 0xff, 0xff, 0xff, 0xff,
0xff, 0xff, 0xff, 0xff, 0xff, 0xff, 0xff, 0xd1, 0x27, 0x00, 0x00, 0x00, 0x00, 0x00, 0x00, 0x00,
0x00, 0x00, 0x00, 0x00, 0x00, 0x00, 0x00, 0x00, 0x00, 0x00, 0x00, 0x00, 0x00, 0x00, 0x00, 0x1a,
0xbd, 0xff, 0xff, 0xff, 0xff, 0xff, 0xff, 0xff, 0xff, 0xff, 0xff, 0xff, 0xff, 0xff, 0xff, 0xff,
0xb9, 0x11, 0x00, 0x00, 0x00, 0x00, 0x00, 0x00, 0x00, 0x00, 0x00, 0x00, 0x00, 0x00, 0x00, 0x00,
0x00, 0x00, 0x00, 0x00, 0x00, 0x00, 0x00, 0x00, 0x30, 0xd9, 0xff, 0xff, 0xff, 0xff, 0xff, 0xff,
0xff, 0xff, 0xff, 0xff, 0xff, 0xff, 0xff, 0xff, 0xff, 0xcf, 
/* -55- */
0x00, 0x00, 0x54, 0xf1, 0xff, 0xff, 0xff, 0xff, 0xff, 0xff, 0xff, 0xff, 0xff, 0xff, 0xff, 0xff,
0xff, 0xff, 0xff, 0xff, 0xbf, 0x01, 0x00, 0x00, 0x00, 0x00, 0x00, 0x00, 0x00, 0x00, 0x00, 0x00,
0x00, 0x00, 0x00, 0x00, 0x00, 0x00, 0x00, 0x00, 0x00, 0x00, 0x00, 0x00, 0x00, 0x00, 0x00, 0x00,
0x00, 0x00, 0x00, 0x00, 0x00, 0x00, 0x00, 0x64, 0xff, 0xff, 0xff, 0xff, 0xff, 0xff, 0xff, 0xff,
0xff, 0xff, 0xff, 0xff, 0xff, 0xff, 0xff, 0xff, 0xff, 0xb7, 0x11, 0x00, 0x00, 0x00, 0x00, 0x00,
0x00, 0x00, 0x00, 0x00, 0x00, 0x00, 0x00, 0x00, 0x00, 0x00, 0x00, 0x00, 0x00, 0x69, 0xf7, 0xff,
0xff, 0xff, 0xff, 0xff, 0xff, 0xff, 0xff, 0xff, 0xff, 0xff, 0xff, 0xff, 0xff, 0xfd, 0x64, 0x00,
0x00, 0x00, 0x00, 0x00, 0x00, 0x00, 0x00, 0x00, 0x00, 0x00, 0x00, 0x00, 0x00, 0x00, 0x00, 0x00,
0x00, 0x00, 0x00, 0x00, 0x00, 0x00, 0x00, 0x00, 0x00, 0x00, 0x00, 0x00, 0x00, 0x00, 0x00, 0x00,
0x00, 0x00, 0x00, 0x00, 0x00, 0x00, 0x08, 0x97, 0xff, 0xff, 0xff, 0xff, 0xff, 0xff, 0xff, 0xff,
0xff, 0xff, 0xff, 0xff, 0xff, 0xff, 0xff, 0xd1, 0x27, 0x00, 0x00, 0x00, 0x00, 0x00, 0x00, 0x00,
0x00, 0x00, 0x00, 0x00, 0x00, 0x00, 0x00, 0x00, 0x00, 0x00, 0x00, 0x00, 0x00, 0x00, 0x00, 0x1a,
0xbd, 0xff, 0xff, 0xff, 0xff, 0xff, 0xff, 0xff, 0xff, 0xff, 0xff, 0xff, 0xff, 0xff, 0xff, 0xff,
0xb9, 0x11, 0x00, 0x00, 0x00, 0x00, 0x00, 0x00, 0x00, 0x00, 0x00, 0x00, 0x00, 0x00, 0x00, 0x00,
0x00, 0x00, 0x00, 0x00, 0x00, 0x00, 0x00, 0x00, 0x30, 0xd9, 0xff, 0xff, 0xff, 0xff, 0xff, 0xff,
0xff, 0xff, 0xff, 0xff, 0xff, 0xff, 0xff, 0xff, 0xff, 0xcf, 
/* -56- */
0x00, 0x00, 0x20, 0xd1, 0xff, 0xff, 0xff, 0xff, 0xff, 0xff, 0xff, 0xff, 0xff, 0xff, 0xff, 0xff,
0xff, 0xff, 0xff, 0xff, 0xf3, 0x59, 0x00, 0x00, 0x00, 0x00, 0x00, 0x00, 0x00, 0x00, 0x00, 0x00,
0x00, 0x00, 0x00, 0x00, 0x00, 0x00, 0x00, 0x00, 0x00, 0x00, 0x00, 0x00, 0x00, 0x00, 0x00, 0x00,
0x00, 0x00, 0x00, 0x00, 0x00, 0x00, 0x13, 0xdd, 0xff, 0xff, 0xff, 0xff, 0xff, 0xff, 0xff, 0xff,
0xff, 0xff, 0xff, 0xff, 0xff, 0xff, 0xff, 0xff, 0xff, 0xb7, 0x11, 0x00, 0x00, 0x00, 0x00, 0x00,
0x00, 0x00, 0x00, 0x00, 0x00, 0x00, 0x00, 0x00, 0x00, 0x00, 0x00, 0x00, 0x00, 0x69, 0xf7, 0xff,
0xff, 0xff, 0xff, 0xff, 0xff, 0xff, 0xff, 0xff, 0xff, 0xff, 0xff, 0xff, 0xff, 0xfd, 0x64, 0x00,
0x00, 0x00, 0x00, 0x00, 0x00, 0x00, 0x00, 0x00, 0x00, 0x00, 0x00, 0x00, 0x00, 0x00, 0x00, 0x00,
0x00, 0x00, 0x00, 0x00, 0x00, 0x00, 0x00, 0x00, 0x00, 0x00, 0x00, 0x00, 0x00, 0x00, 0x00, 0x00,
0x00, 0x00, 0x00, 0x00, 0x00, 0x00, 0x08, 0x97, 0xff, 0xff, 0xff, 0xff, 0xff, 0xff, 0xff, 0xff,
0xff, 0xff, 0xff, 0xff, 0xff, 0xff, 0xff, 0xd1, 0x27, 0x00, 0x00, 0x00, 0x00, 0x00, 0x00, 0x00,
0x00, 0x00, 0x00, 0x00, 0x00, 0x00, 0x00, 0x00, 0x00, 0x00, 0x00, 0x00, 0x00, 0x00, 0x00, 0x1a,
0xbd, 0xff, 0xff, 0xff, 0xff, 0xff, 0xff, 0xff, 0xff, 0xff, 0xff, 0xff, 0xff, 0xff, 0xff, 0xff,
0xb9, 0x11, 0x00, 0x00, 0x00, 0x00, 0x00, 0x00, 0x00, 0x00, 0x00, 0x00, 0x00, 0x00, 0x00, 0x00,
0x00, 0x00, 0x00, 0x00, 0x00, 0x00, 0x00, 0x00, 0x30, 0xd9, 0xff, 0xff, 0xff, 0xff, 0xff, 0xff,
0xff, 0xff, 0xff, 0xff, 0xff, 0xff, 0xff, 0xff, 0xff, 0xcf, 
/* -57- */
0x00, 0x00, 0x00, 0xa7, 0xff, 0xff, 0xff, 0xff, 0xff, 0xff, 0xff, 0xff, 0xff, 0xff, 0xff, 0xff,
0xff, 0xff, 0xff, 0xff, 0xff, 0xca, 0x18, 0x00, 0x00, 0x00, 0x00, 0x00, 0x00, 0x00, 0x00, 0x00,
0x00, 0x00, 0x00, 0x00, 0x00, 0x00, 0x00, 0x00, 0x00, 0x00, 0x00, 0x00, 0x00, 0x00, 0x00, 0x00,
0x00, 0x00, 0x00, 0x00, 0x00, 0x00, 0x8b, 0xff, 0xff, 0xff, 0xff, 0xff, 0xff, 0xff, 0xff, 0xff,
0xff, 0xff, 0xff, 0xff, 0xff, 0xff, 0xff, 0xff, 0xff, 0xb7, 0x11, 0x00, 0x00, 0x00, 0x00, 0x00,
0x00, 0x00, 0x00, 0x00, 0x00, 0x00, 0x00, 0x00, 0x00, 0x00, 0x00, 0x00, 0x00, 0x69, 0xf7, 0xff,
0xff, 0xff, 0xff, 0xff, 0xff, 0xff, 0xff, 0xff, 0xff, 0xff, 0xff, 0xff, 0xff, 0xfd, 0x64, 0x00,
0x00, 0x00, 0x00, 0x00, 0x00, 0x00, 0x00, 0x00, 0x00, 0x00, 0x00, 0x00, 0x00, 0x00, 0x00, 0x00,
0x00, 0x00, 0x00, 0x00, 0x00, 0x00, 0x00, 0x00, 0x00, 0x00, 0x00, 0x00, 0x00, 0x00, 0x00, 0x00,
0x00, 0x00, 0x00, 0x00, 0x00, 0x00, 0x08, 0x98, 0xff, 0xff, 0xff, 0xff, 0xff, 0xff, 0xff, 0xff,
0xff, 0xff, 0xff, 0xff, 0xff, 0xff, 0xff, 0xd1, 0x27, 0x00, 0x00, 0x00, 0x00, 0x00, 0x00, 0x00,
0x00, 0x00, 0x00, 0x00, 0x00, 0x00, 0x00, 0x00, 0x00, 0x00, 0x00, 0x00, 0x00, 0x00, 0x00, 0x1a,
0xbd, 0xff, 0xff, 0xff, 0xff, 0xff, 0xff, 0xff, 0xff, 0xff, 0xff, 0xff, 0xff, 0xff, 0xff, 0xff,
0xb9, 0x11, 0x00, 0x00, 0x00, 0x00, 0x00, 0x00, 0x00, 0x00, 0x00, 0x00, 0x00, 0x00, 0x00, 0x00,
0x00, 0x00, 0x00, 0x00, 0x00, 0x00, 0x00, 0x00, 0x30, 0xd9, 0xff, 0xff, 0xff, 0xff, 0xff, 0xff,
0xff, 0xff, 0xff, 0xff, 0xff, 0xff, 0xff, 0xff, 0xff, 0xcf, 
/* -58- */
0x00, 0x00, 0x00, 0x5a, 0xf5, 0xff, 0xff, 0xff, 0xff, 0xff, 0xff, 0xff, 0xff, 0xff, 0xff, 0xff,
0xff, 0xff, 0xff, 0xff, 0xff, 0xfc, 0x8f, 0x09, 0x00, 0x00, 0x00, 0x00, 0x00, 0x00, 0x00, 0x00,
0x00, 0x00, 0x00, 0x00, 0x00, 0x00, 0x00, 0x00, 0x00, 0x00, 0x00, 0x00, 0x00, 0x00, 0x00, 0x00,
0x00, 0x00, 0x00, 0x00, 0x00, 0x51, 0xf3, 0xff, 0xff, 0xff, 0xff, 0xff, 0xff, 0xff, 0xff, 0xff,
0xff, 0xff, 0xff, 0xff, 0xff, 0xff, 0xff, 0xff, 0xff, 0xb7, 0x11, 0x00, 0x00, 0x00, 0x00, 0x00,
0x00, 0x00, 0x00, 0x00, 0x00, 0x00, 0x00, 0x00, 0x00, 0x00, 0x00, 0x00, 0x00, 0x69, 0xf7, 0xff,
0xff, 0xff, 0xff, 0xff, 0xff, 0xff, 0xff, 0xff, 0xff, 0xff, 0xff, 0xff, 0xff, 0xfd, 0x64, 0x00,
0x00, 0x00, 0x00, 0x00, 0x00, 0x00, 0x00, 0x00, 0x00, 0x00, 0x00, 0x00, 0x00, 0x00, 0x00, 0x00,
0x00, 0x00, 0x00, 0x00, 0x00, 0x00, 0x00, 0x00, 0x00, 0x00, 0x00, 0x00, 0x00, 0x00, 0x00, 0x00,
0x00, 0x00, 0x00, 0x00, 0x00, 0x00, 0x08, 0x98, 0xff, 0xff, 0xff, 0xff, 0xff, 0xff, 0xff, 0xff,
0xff, 0xff, 0xff, 0xff, 0xff, 0xff, 0xff, 0xd1, 0x27, 0x00, 0x00, 0x00, 0x00, 0x00, 0x00, 0x00,
0x00, 0x00, 0x00, 0x00, 0x00, 0x00, 0x00, 0x00, 0x00, 0x00, 0x00, 0x00, 0x00, 0x00, 0x00, 0x1a,
0xbd, 0xff, 0xff, 0xff, 0xff, 0xff, 0xff, 0xff, 0xff, 0xff, 0xff, 0xff, 0xff, 0xff, 0xff, 0xff,
0xb9, 0x11, 0x00, 0x00, 0x00, 0x00, 0x00, 0x00, 0x00, 0x00, 0x00, 0x00, 0x00, 0x00, 0x00, 0x00,
0x00, 0x00, 0x00, 0x00, 0x00, 0x00, 0x00, 0x00, 0x30, 0xd9, 0xff, 0xff, 0xff, 0xff, 0xff, 0xff,
0xff, 0xff, 0xff, 0xff, 0xff, 0xff, 0xff, 0xff, 0xff, 0xcf, 
/* -59- */
0x00, 0x00, 0x00, 0x0c, 0xd7, 0xff, 0xff, 0xff, 0xff, 0xff, 0xff, 0xff, 0xff, 0xff, 0xff, 0xff,
0xff, 0xff, 0xff, 0xff, 0xff, 0xff, 0xf3, 0x60, 0x00, 0x00, 0x00, 0x00, 0x00, 0x00, 0x00, 0x00,
0x00, 0x00, 0x00, 0x00, 0x00, 0x00, 0x00, 0x00, 0x00, 0x00, 0x00, 0x00, 0x00, 0x00, 0x00, 0x00,
0x00, 0x00, 0x00, 0x00, 0x36, 0xd9, 0xff, 0xff, 0xff, 0xff, 0xff, 0xff, 0xff, 0xff, 0xff, 0xff,
0xff, 0xff, 0xff, 0xff, 0xff, 0xff, 0xff, 0xff, 0xff, 0xb7, 0x11, 0x00, 0x00, 0x00, 0x00, 0x00,
0x00, 0x00, 0x00, 0x00, 0x00, 0x00, 0x00, 0x00, 0x00, 0x00, 0x00, 0x00, 0x00, 0x69, 0xf7, 0xff,
0xff, 0xff, 0xff, 0xff, 0xff, 0xff, 0xff, 0xff, 0xff, 0xff, 0xff, 0xff, 0xff, 0xfd, 0x64, 0x00,
0x00, 0x00, 0x00, 0x00, 0x00, 0x00, 0x00, 0x00, 0x00, 0x00, 0x00, 0x00, 0x00, 0x00, 0x00, 0x00,
0x00, 0x00, 0x00, 0x00, 0x00, 0x00, 0x00, 0x00, 0x00, 0x00, 0x00, 0x00, 0x00, 0x00, 0x00, 0x00,
0x00, 0x00, 0x00, 0x00, 0x00, 0x00, 0x08, 0x98, 0xff, 0xff, 0xff, 0xff, 0xff, 0xff, 0xff, 0xff,
0xff, 0xff, 0xff, 0xff, 0xff, 0xff, 0xff, 0xd1, 0x27, 0x00, 0x00, 0x00, 0x00, 0x00, 0x00, 0x00,
0x00, 0x00, 0x00, 0x00, 0x00, 0x00, 0x00, 0x00, 0x00, 0x00, 0x00, 0x00, 0x00, 0x00, 0x00, 0x1a,
0xbd, 0xff, 0xff, 0xff, 0xff, 0xff, 0xff, 0xff, 0xff, 0xff, 0xff, 0xff, 0xff, 0xff, 0xff, 0xff,
0xb9, 0x11, 0x00, 0x00, 0x00, 0x00, 0x00, 0x00, 0x00, 0x00, 0x00, 0x00, 0x00, 0x00, 0x00, 0x00,
0x00, 0x00, 0x00, 0x00, 0x00, 0x00, 0x00, 0x00, 0x30, 0xd9, 0xff, 0xff, 0xff, 0xff, 0xff, 0xff,
0xff, 0xff, 0xff, 0xff, 0xff, 0xff, 0xff, 0xff, 0xff, 0xcf, 
/* -60- */
0x00, 0x00, 0x00, 0x00, 0x87, 0xff, 0xff, 0xff, 0xff, 0xff, 0xff, 0xff, 0xff, 0xff, 0xff, 0xff,
0xff, 0xff, 0xff, 0xff, 0xff, 0xff, 0xff, 0xf1, 0x4b, 0x00, 0x00, 0x00, 0x00, 0x00, 0x00, 0x00,
0x00, 0x00, 0x00, 0x00, 0x00, 0x00, 0x00, 0x00, 0x00, 0x00, 0x00, 0x00, 0x00, 0x00, 0x00, 0x00,
0x00, 0x00, 0x00, 0x27, 0xc4, 0xff, 0xff, 0xff, 0xff, 0xff, 0xff, 0xff, 0xff, 0xff, 0xff, 0xff,
0xff, 0xff, 0xff, 0xff, 0xff, 0xff, 0xff, 0xff, 0xff, 0xb7, 0x11, 0x00, 0x00, 0x00, 0x00, 0x00,
0x00, 0x00, 0x00, 0x00, 0x00, 0x00, 0x00, 0x00, 0x00, 0x00, 0x00, 0x00, 0x00, 0x69, 0xf7, 0xff,
0xff, 0xff, 0xff, 0xff, 0xff, 0xff, 0xff, 0xff, 0xff, 0xff, 0xff, 0xff, 0xff, 0xfd, 0x64, 0x00,
0x00, 0x00, 0x00, 0x00, 0x00, 0x00, 0x00, 0x00, 0x00, 0x00, 0x00, 0x00, 0x00, 0x00, 0x00, 0x00,
0x00, 0x00, 0x00, 0x00, 0x00, 0x00, 0x00, 0x00, 0x00, 0x00, 0x00, 0x00, 0x00, 0x00, 0x00, 0x00,
0x00, 0x00, 0x00, 0x00, 0x00, 0x00, 0x08, 0x98, 0xff, 0xff, 0xff, 0xff, 0xff, 0xff, 0xff, 0xff,
0xff, 0xff, 0xff, 0xff, 0xff, 0xff, 0xff, 0xd1, 0x27, 0x00, 0x00, 0x00, 0x00, 0x00, 0x00, 0x00,
0x00, 0x00, 0x00, 0x00, 0x00, 0x00, 0x00, 0x00, 0x00, 0x00, 0x00, 0x00, 0x00, 0x00, 0x00, 0x1a,
0xbd, 0xff, 0xff, 0xff, 0xff, 0xff, 0xff, 0xff, 0xff, 0xff, 0xff, 0xff, 0xff, 0xff, 0xff, 0xff,
0xb9, 0x11, 0x00, 0x00, 0x00, 0x00, 0x00, 0x00, 0x00, 0x00, 0x00, 0x00, 0x00, 0x00, 0x00, 0x00,
0x00, 0x00, 0x00, 0x00, 0x00, 0x00, 0x00, 0x00, 0x30, 0xd9, 0xff, 0xff, 0xff, 0xff, 0xff, 0xff,
0xff, 0xff, 0xff, 0xff, 0xff, 0xff, 0xff, 0xff, 0xff, 0xcf, 
/* -61- */
0x00, 0x00, 0x00, 0x00, 0x20, 0xef, 0xff, 0xff, 0xff, 0xff, 0xff, 0xff, 0xff, 0xff, 0xff, 0xff,
0xff, 0xff, 0xff, 0xff, 0xff, 0xff, 0xff, 0xff, 0xee, 0x52, 0x01, 0x00, 0x00, 0x00, 0x00, 0x00,
0x00, 0x00, 0x00, 0x00, 0x00, 0x00, 0x00, 0x00, 0x00, 0x00, 0x00, 0x00, 0x00, 0x00, 0x00, 0x00,
0x00, 0x00, 0x31, 0xc9, 0xff, 0xff, 0xff, 0xff, 0xff, 0xff, 0xff, 0xff, 0xff, 0xff, 0xff, 0xff,
0xff, 0xff, 0xff, 0xff, 0xff, 0xff, 0xff, 0xff, 0xff, 0xb7, 0x11, 0x00, 0x00, 0x00, 0x00, 0x00,
0x00, 0x00, 0x00, 0x00, 0x00, 0x00, 0x00, 0x00, 0x00, 0x00, 0x00, 0x00, 0x00, 0x69, 0xf7, 0xff,
0xff, 0xff, 0xff, 0xff, 0xff, 0xff, 0xff, 0xff, 0xff, 0xff, 0xff, 0xff, 0xff, 0xfd, 0x64, 0x00,
0x00, 0x00, 0x00, 0x00, 0x00, 0x00, 0x00, 0x00, 0x00, 0x00, 0x00, 0x00, 0x00, 0x00, 0x00, 0x00,
0x00, 0x00, 0x00, 0x00, 0x00, 0x00, 0x00, 0x00, 0x00, 0x00, 0x00, 0x00, 0x00, 0x00, 0x00, 0x00,
0x00, 0x00, 0x00, 0x00, 0x00, 0x00, 0x08, 0x98, 0xff, 0xff, 0xff, 0xff, 0xff, 0xff, 0xff, 0xff,
0xff, 0xff, 0xff, 0xff, 0xff, 0xff, 0xff, 0xd1, 0x27, 0x00, 0x00, 0x00, 0x00, 0x00, 0x00, 0x00,
0x00, 0x00, 0x00, 0x00, 0x00, 0x00, 0x00, 0x00, 0x00, 0x00, 0x00, 0x00, 0x00, 0x00, 0x00, 0x1a,
0xbd, 0xff, 0xff, 0xff, 0xff, 0xff, 0xff, 0xff, 0xff, 0xff, 0xff, 0xff, 0xff, 0xff, 0xff, 0xff,
0xb9, 0x11, 0x00, 0x00, 0x00, 0x00, 0x00, 0x00, 0x00, 0x00, 0x00, 0x00, 0x00, 0x00, 0x00, 0x00,
0x00, 0x00, 0x00, 0x00, 0x00, 0x00, 0x00, 0x00, 0x30, 0xd9, 0xff, 0xff, 0xff, 0xff, 0xff, 0xff,
0xff, 0xff, 0xff, 0xff, 0xff, 0xff, 0xff, 0xff, 0xff, 0xcf, 
/* -62- */
0x00, 0x00, 0x00, 0x00, 0x00, 0x8a, 0xff, 0xff, 0xff, 0xff, 0xff, 0xff, 0xff, 0xff, 0xff, 0xff,
0xff, 0xff, 0xff, 0xff, 0xff, 0xff, 0xff, 0xff, 0xff, 0xf3, 0x73, 0x10, 0x00, 0x00, 0x00, 0x00,
0x00, 0x00, 0x00, 0x00, 0x00, 0x00, 0x00, 0x00, 0x00, 0x00, 0x00, 0x00, 0x00, 0x00, 0x00, 0x00,
0x04, 0x56, 0xdb, 0xff, 0xff, 0xff, 0xff, 0xff, 0xff, 0xff, 0xff, 0xff, 0xff, 0xff, 0xff, 0xff,
0xff, 0xff, 0xff, 0xff, 0xff, 0xff, 0xff, 0xff, 0xff, 0xb7, 0x11, 0x00, 0x00, 0x00, 0x00, 0x00,
0x00, 0x00, 0x00, 0x00, 0x00, 0x00, 0x00, 0x00, 0x00, 0x00, 0x00, 0x00, 0x00, 0x69, 0xf7, 0xff,
0xff, 0xff, 0xff, 0xff, 0xff, 0xff, 0xff, 0xff, 0xff, 0xff, 0xff, 0xff, 0xff, 0xfd, 0x64, 0x00,
0x00, 0x00, 0x00, 0x00, 0x00, 0x00, 0x00, 0x00, 0x00, 0x00, 0x00, 0x00, 0x00, 0x00, 0x00, 0x00,
0x00, 0x00, 0x00, 0x00, 0x00, 0x00, 0x00, 0x00, 0x00, 0x00, 0x00, 0x00, 0x00, 0x00, 0x00, 0x00,
0x00, 0x00, 0x00, 0x00, 0x00, 0x00, 0x08, 0x98, 0xff, 0xff, 0xff, 0xff, 0xff, 0xff, 0xff, 0xff,
0xff, 0xff, 0xff, 0xff, 0xff, 0xff, 0xff, 0xd1, 0x27, 0x00, 0x00, 0x00, 0x00, 0x00, 0x00, 0x00,
0x00, 0x00, 0x00, 0x00, 0x00, 0x00, 0x00, 0x00, 0x00, 0x00, 0x00, 0x00, 0x00, 0x00, 0x00, 0x1a,
0xbd, 0xff, 0xff, 0xff, 0xff, 0xff, 0xff, 0xff, 0xff, 0xff, 0xff, 0xff, 0xff, 0xff, 0xff, 0xff,
0xb9, 0x11, 0x00, 0x00, 0x00, 0x00, 0x00, 0x00, 0x00, 0x00, 0x00, 0x00, 0x00, 0x00, 0x00, 0x00,
0x00, 0x00, 0x00, 0x00, 0x00, 0x00, 0x00, 0x00, 0x30, 0xd9, 0xff, 0xff, 0xff, 0xff, 0xff, 0xff,
0xff, 0xff, 0xff, 0xff, 0xff, 0xff, 0xff, 0xff, 0xff, 0xcf, 
/* -63- */
0x00, 0x00, 0x00, 0x00, 0x00, 0x27, 0xe7, 0xff, 0xff, 0xff, 0xff, 0xff, 0xff, 0xff, 0xff, 0xff,
0xff, 0xff, 0xff, 0xff, 0xff, 0xff, 0xff, 0xff, 0xff, 0xff, 0xfe, 0xac, 0x3f, 0x00, 0x00, 0x00,
0x00, 0x00, 0x00, 0x00, 0x00, 0x00, 0x00, 0x00, 0x00, 0x00, 0x00, 0x00, 0x00, 0x00, 0x00, 0x31,
0x97, 0xf6, 0xff, 0xff, 0xff, 0xff, 0xff, 0xff, 0xff, 0xff, 0xff, 0xff, 0xff, 0xff, 0xff, 0xff,
0xff, 0xff, 0xff, 0xff, 0xff, 0xff, 0xff, 0xff, 0xff, 0xb7, 0x11, 0x00, 0x00, 0x00, 0x00, 0x00,
0x00, 0x00, 0x00, 0x00, 0x00, 0x00, 0x00, 0x00, 0x00, 0x00, 0x00, 0x00, 0x00, 0x69, 0xf7, 0xff,
0xff, 0xff, 0xff, 0xff, 0xff, 0xff, 0xff, 0xff, 0xff, 0xff, 0xff, 0xff, 0xff, 0xfd, 0x64, 0x00,
0x00, 0x00, 0x00, 0x00, 0x00, 0x00, 0x00, 0x00, 0x00, 0x00, 0x00, 0x00, 0x00, 0x00, 0x00, 0x00,
0x00, 0x00, 0x00, 0x00, 0x00, 0x00, 0x00, 0x00, 0x00, 0x00, 0x00, 0x00, 0x00, 0x00, 0x00, 0x00,
0x00, 0x00, 0x00, 0x00, 0x00, 0x00, 0x08, 0x98, 0xff, 0xff, 0xff, 0xff, 0xff, 0xff, 0xff, 0xff,
0xff, 0xff, 0xff, 0xff, 0xff, 0xff, 0xff, 0xd1, 0x27, 0x00, 0x00, 0x00, 0x00, 0x00, 0x00, 0x00,
0x00, 0x00, 0x00, 0x00, 0x00, 0x00, 0x00, 0x00, 0x00, 0x00, 0x00, 0x00, 0x00, 0x00, 0x00, 0x1a,
0xbd, 0xff, 0xff, 0xff, 0xff, 0xff, 0xff, 0xff, 0xff, 0xff, 0xff, 0xff, 0xff, 0xff, 0xff, 0xff,
0xb9, 0x11, 0x00, 0x00, 0x00, 0x00, 0x00, 0x00, 0x00, 0x00, 0x00, 0x00, 0x00, 0x00, 0x00, 0x00,
0x00, 0x00, 0x00, 0x00, 0x00, 0x00, 0x00, 0x00, 0x30, 0xd9, 0xff, 0xff, 0xff, 0xff, 0xff, 0xff,
0xff, 0xff, 0xff, 0xff, 0xff, 0xff, 0xff, 0xff, 0xff, 0xcf, 
/* -64- */
0x00, 0x00, 0x00, 0x00, 0x00, 0x03, 0x7c, 0xff, 0xff, 0xff, 0xff, 0xff, 0xff, 0xff, 0xff, 0xff,
0xff, 0xff, 0xff, 0xff, 0xff, 0xff, 0xff, 0xff, 0xff, 0xff, 0xff, 0xff, 0xe4, 0x99, 0x36, 0x00,
0x00, 0x00, 0x00, 0x00, 0x00, 0x00, 0x00, 0x00, 0x00, 0x00, 0x00, 0x00, 0x00, 0x2f, 0x91, 0xdc,
0xff, 0xff, 0xff, 0xff, 0xff, 0xff, 0xff, 0xff, 0xff, 0xff, 0xff, 0xff, 0xff, 0xff, 0xff, 0xff,
0xff, 0xff, 0xff, 0xff, 0xff, 0xff, 0xff, 0xff, 0xff, 0xb7, 0x11, 0x00, 0x00, 0x00, 0x00, 0x00,
0x00, 0x00, 0x00, 0x00, 0x00, 0x00, 0x00, 0x00, 0x00, 0x00, 0x00, 0x00, 0x00, 0x69, 0xf7, 0xff,
0xff, 0xff, 0xff, 0xff, 0xff, 0xff, 0xff, 0xff, 0xff, 0xff, 0xff, 0xff, 0xff, 0xfd, 0x64, 0x00,
0x00, 0x00, 0x00, 0x00, 0x00, 0x00, 0x00, 0x00, 0x00, 0x00, 0x00, 0x00, 0x00, 0x00, 0x00, 0x00,
0x00, 0x00, 0x00, 0x00, 0x00, 0x00, 0x00, 0x00, 0x00, 0x00, 0x00, 0x00, 0x00, 0x00, 0x00, 0x00,
0x00, 0x00, 0x00, 0x00, 0x00, 0x00, 0x08, 0x98, 0xff, 0xff, 0xff, 0xff, 0xff, 0xff, 0xff, 0xff,
0xff, 0xff, 0xff, 0xff, 0xff, 0xff, 0xff, 0xd1, 0x27, 0x00, 0x00, 0x00, 0x00, 0x00, 0x00, 0x00,
0x00, 0x00, 0x00, 0x00, 0x00, 0x00, 0x00, 0x00, 0x00, 0x00, 0x00, 0x00, 0x00, 0x00, 0x00, 0x1a,
0xbd, 0xff, 0xff, 0xff, 0xff, 0xff, 0xff, 0xff, 0xff, 0xff, 0xff, 0xff, 0xff, 0xff, 0xff, 0xff,
0xb9, 0x11, 0x00, 0x00, 0x00, 0x00, 0x00, 0x00, 0x00, 0x00, 0x00, 0x00, 0x00, 0x00, 0x00, 0x00,
0x00, 0x00, 0x00, 0x00, 0x00, 0x00, 0x00, 0x00, 0x30, 0xd9, 0xff, 0xff, 0xff, 0xff, 0xff, 0xff,
0xff, 0xff, 0xff, 0xff, 0xff, 0xff, 0xff, 0xff, 0xff, 0xcf, 
/* -65- */
0x00, 0x00, 0x00, 0x00, 0x00, 0x00, 0x1f, 0xc6, 0xff, 0xff, 0xff, 0xff, 0xff, 0xff, 0xff, 0xff,
0xff, 0xff, 0xff, 0xff, 0xff, 0xff, 0xff, 0xff, 0xff, 0xff, 0xff, 0xff, 0xff, 0xff, 0xed, 0xbf,
0x6f, 0x29, 0x0a, 0x06, 0x05, 0x04, 0x04, 0x05, 0x07, 0x0b, 0x2f, 0x70, 0xbf, 0xec, 0xff, 0xff,
0xff, 0xff, 0xff, 0xff, 0xff, 0xff, 0xff, 0xff, 0xff, 0xff, 0xff, 0xff, 0xff, 0xff, 0xff, 0xff,
0xff, 0xff, 0xff, 0xff, 0xff, 0xff, 0xff, 0xff, 0xff, 0xb7, 0x11, 0x00, 0x00, 0x00, 0x00, 0x00,
0x00, 0x00, 0x00, 0x00, 0x00, 0x00, 0x00, 0x00, 0x00, 0x00, 0x00, 0x00, 0x00, 0x69, 0xf7, 0xff,
0xff, 0xff, 0xff, 0xff, 0xff, 0xff, 0xff, 0xff, 0xff, 0xff, 0xff, 0xff, 0xff, 0xfd, 0x64, 0x00,
0x00, 0x00, 0x00, 0x00, 0x00, 0x00, 0x00, 0x00, 0x00, 0x00, 0x00, 0x00, 0x00, 0x00, 0x00, 0x00,
0x00, 0x00, 0x00, 0x00, 0x00, 0x00, 0x00, 0x00, 0x00, 0x00, 0x00, 0x00, 0x00, 0x00, 0x00, 0x00,
0x00, 0x00, 0x00, 0x00, 0x00, 0x00, 0x08, 0x98, 0xff, 0xff, 0xff, 0xff, 0xff, 0xff, 0xff, 0xff,
0xff, 0xff, 0xff, 0xff, 0xff, 0xff, 0xff, 0xd1, 0x27, 0x00, 0x00, 0x00, 0x00, 0x00, 0x00, 0x00,
0x00, 0x00, 0x00, 0x00, 0x00, 0x00, 0x00, 0x00, 0x00, 0x00, 0x00, 0x00, 0x00, 0x00, 0x00, 0x1a,
0xbd, 0xff, 0xff, 0xff, 0xff, 0xff, 0xff, 0xff, 0xff, 0xff, 0xff, 0xff, 0xff, 0xff, 0xff, 0xff,
0xb9, 0x11, 0x00, 0x00, 0x00, 0x00, 0x00, 0x00, 0x00, 0x00, 0x00, 0x00, 0x00, 0x00, 0x00, 0x00,
0x00, 0x00, 0x00, 0x00, 0x00, 0x00, 0x00, 0x00, 0x30, 0xd9, 0xff, 0xff, 0xff, 0xff, 0xff, 0xff,
0xff, 0xff, 0xff, 0xff, 0xff, 0xff, 0xff, 0xff, 0xff, 0xcf, 
/* -66- */
0x00, 0x00, 0x00, 0x00, 0x00, 0x00, 0x00, 0x5a, 0xf8, 0xff, 0xff, 0xff, 0xff, 0xff, 0xff, 0xff,
0xff, 0xff, 0xff, 0xff, 0xff, 0xff, 0xff, 0xff, 0xff, 0xff, 0xff, 0xff, 0xff, 0xff, 0xff, 0xff,
0xff, 0xfd, 0xea, 0xc3, 0xb0, 0xa0, 0xa3, 0xaf, 0xc9, 0xeb, 0xfd, 0xff, 0xff, 0xff, 0xff, 0xff,
0xff, 0xff, 0xff, 0xff, 0xff, 0xff, 0xff, 0xff, 0xff, 0xff, 0xff, 0xff, 0xff, 0xff, 0xff, 0xff,
0xff, 0xff, 0xff, 0xff, 0xff, 0xff, 0xff, 0xff, 0xff, 0xb7, 0x11, 0x00, 0x00, 0x00, 0x00, 0x00,
0x00, 0x00, 0x00, 0x00, 0x00, 0x00, 0x00, 0x00, 0x00, 0x00, 0x00, 0x00, 0x00, 0x69, 0xf7, 0xff,
0xff, 0xff, 0xff, 0xff, 0xff, 0xff, 0xff, 0xff, 0xff, 0xff, 0xff, 0xff, 0xff, 0xfd, 0x64, 0x00,
0x00, 0x00, 0x00, 0x00, 0x00, 0x00, 0x00, 0x00, 0x00, 0x00, 0x00, 0x00, 0x00, 0x00, 0x00, 0x00,
0x00, 0x00, 0x00, 0x00, 0x00, 0x00, 0x00, 0x00, 0x00, 0x00, 0x00, 0x00, 0x00, 0x00, 0x00, 0x00,
0x00, 0x00, 0x00, 0x00, 0x00, 0x00, 0x09, 0x99, 0xff, 0xff, 0xff, 0xff, 0xff, 0xff, 0xff, 0xff,
0xff, 0xff, 0xff, 0xff, 0xff, 0xff, 0xff, 0xd1, 0x27, 0x00, 0x00, 0x00, 0x00, 0x00, 0x00, 0x00,
0x00, 0x00, 0x00, 0x00, 0x00, 0x00, 0x00, 0x00, 0x00, 0x00, 0x00, 0x00, 0x00, 0x00, 0x00, 0x1a,
0xbd, 0xff, 0xff, 0xff, 0xff, 0xff, 0xff, 0xff, 0xff, 0xff, 0xff, 0xff, 0xff, 0xff, 0xff, 0xff,
0xb9, 0x11, 0x00, 0x00, 0x00, 0x00, 0x00, 0x00, 0x00, 0x00, 0x00, 0x00, 0x00, 0x00, 0x00, 0x00,
0x00, 0x00, 0x00, 0x00, 0x00, 0x00, 0x00, 0x00, 0x30, 0xd9, 0xff, 0xff, 0xff, 0xff, 0xff, 0xff,
0xff, 0xff, 0xff, 0xff, 0xff, 0xff, 0xff, 0xff, 0xff, 0xcf, 
/* -67- */
0x00, 0x00, 0x00, 0x00, 0x00, 0x00, 0x00, 0x07, 0x99, 0xff, 0xff, 0xff, 0xff, 0xff, 0xff, 0xff,
0xff, 0xff, 0xff, 0xff, 0xff, 0xff, 0xff, 0xff, 0xff, 0xff, 0xff, 0xff, 0xff, 0xff, 0xff, 0xff,
0xff, 0xff, 0xff, 0xff, 0xff, 0xff, 0xff, 0xff, 0xff, 0xff, 0xff, 0xff, 0xff, 0xff, 0xff, 0xff,
0xff, 0xff, 0xff, 0xff, 0xff, 0xff, 0xff, 0xff, 0xff, 0xff, 0xff, 0xff, 0xff, 0xff, 0xff, 0xff,
0xff, 0xff, 0xff, 0xff, 0xff, 0xff, 0xff, 0xff, 0xff, 0xb7, 0x11, 0x00, 0x00, 0x00, 0x00, 0x00,
0x00, 0x00, 0x00, 0x00, 0x00, 0x00, 0x00, 0x00, 0x00, 0x00, 0x00, 0x00, 0x00, 0x69, 0xf7, 0xff,
0xff, 0xff, 0xff, 0xff, 0xff, 0xff, 0xff, 0xff, 0xff, 0xff, 0xff, 0xff, 0xff, 0xfd, 0x64, 0x00,
0x00, 0x00, 0x00, 0x00, 0x00, 0x00, 0x00, 0x00, 0x00, 0x00, 0x00, 0x00, 0x00, 0x00, 0x00, 0x00,
0x00, 0x00, 0x00, 0x00, 0x00, 0x00, 0x00, 0x00, 0x00, 0x00, 0x00, 0x00, 0x00, 0x00, 0x00, 0x00,
0x00, 0x00, 0x00, 0x00, 0x00, 0x00, 0x09, 0x99, 0xff, 0xff, 0xff, 0xff, 0xff, 0xff, 0xff, 0xff,
0xff, 0xff, 0xff, 0xff, 0xff, 0xff, 0xff, 0xd1, 0x27, 0x00, 0x00, 0x00, 0x00, 0x00, 0x00, 0x00,
0x00, 0x00, 0x00, 0x00, 0x00, 0x00, 0x00, 0x00, 0x00, 0x00, 0x00, 0x00, 0x00, 0x00, 0x00, 0x1a,
0xbd, 0xff, 0xff, 0xff, 0xff, 0xff, 0xff, 0xff, 0xff, 0xff, 0xff, 0xff, 0xff, 0xff, 0xff, 0xff,
0xb9, 0x11, 0x00, 0x00, 0x00, 0x00, 0x00, 0x00, 0x00, 0x00, 0x00, 0x00, 0x00, 0x00, 0x00, 0x00,
0x00, 0x00, 0x00, 0x00, 0x00, 0x00, 0x00, 0x00, 0x30, 0xd9, 0xff, 0xff, 0xff, 0xff, 0xff, 0xff,
0xff, 0xff, 0xff, 0xff, 0xff, 0xff, 0xff, 0xff, 0xff, 0xcf, 
/* -68- */
0x00, 0x00, 0x00, 0x00, 0x00, 0x00, 0x00, 0x00, 0x1b, 0xc6, 0xff, 0xff, 0xff, 0xff, 0xff, 0xff,
0xff, 0xff, 0xff, 0xff, 0xff, 0xff, 0xff, 0xff, 0xff, 0xff, 0xff, 0xff, 0xff, 0xff, 0xff, 0xff,
0xff, 0xff, 0xff, 0xff, 0xff, 0xff, 0xff, 0xff, 0xff, 0xff, 0xff, 0xff, 0xff, 0xff, 0xff, 0xff,
0xff, 0xff, 0xff, 0xff, 0xff, 0xff, 0xff, 0xff, 0xff, 0xff, 0xff, 0xff, 0xff, 0xff, 0xff, 0xff,
0xff, 0xff, 0xff, 0xff, 0xff, 0xff, 0xff, 0xff, 0xff, 0xb7, 0x11, 0x00, 0x00, 0x00, 0x00, 0x00,
0x00, 0x00, 0x00, 0x00, 0x00, 0x00, 0x00, 0x00, 0x00, 0x00, 0x00, 0x00, 0x00, 0x69, 0xf7, 0xff,
0xff, 0xff, 0xff, 0xff, 0xff, 0xff, 0xff, 0xff, 0xff, 0xff, 0xff, 0xff, 0xff, 0xfd, 0x64, 0x00,
0x00, 0x00, 0x00, 0x00, 0x00, 0x00, 0x00, 0x00, 0x00, 0x00, 0x00, 0x00, 0x00, 0x00, 0x00, 0x00,
0x00, 0x00, 0x00, 0x00, 0x00, 0x00, 0x00, 0x00, 0x00, 0x00, 0x00, 0x00, 0x00, 0x00, 0x00, 0x00,
0x00, 0x00, 0x00, 0x00, 0x00, 0x00, 0x09, 0x99, 0xff, 0xff, 0xff, 0xff, 0xff, 0xff, 0xff, 0xff,
0xff, 0xff, 0xff, 0xff, 0xff, 0xff, 0xff, 0xd1, 0x27, 0x00, 0x00, 0x00, 0x00, 0x00, 0x00, 0x00,
0x00, 0x00, 0x00, 0x00, 0x00, 0x00, 0x00, 0x00, 0x00, 0x00, 0x00, 0x00, 0x00, 0x00, 0x00, 0x1a,
0xbd, 0xff, 0xff, 0xff, 0xff, 0xff, 0xff, 0xff, 0xff, 0xff, 0xff, 0xff, 0xff, 0xff, 0xff, 0xff,
0xb9, 0x11, 0x00, 0x00, 0x00, 0x00, 0x00, 0x00, 0x00, 0x00, 0x00, 0x00, 0x00, 0x00, 0x00, 0x00,
0x00, 0x00, 0x00, 0x00, 0x00, 0x00, 0x00, 0x00, 0x30, 0xd9, 0xff, 0xff, 0xff, 0xff, 0xff, 0xff,
0xff, 0xff, 0xff, 0xff, 0xff, 0xff, 0xff, 0xff, 0xff, 0xcf, 
/* -69- */
0x00, 0x00, 0x00, 0x00, 0x00, 0x00, 0x00, 0x00, 0x00, 0x32, 0xe9, 0xff, 0xff, 0xff, 0xff, 0xff,
0xff, 0xff, 0xff, 0xff, 0xff, 0xff, 0xff, 0xff, 0xff, 0xff, 0xff, 0xff, 0xff, 0xff, 0xff, 0xff,
0xff, 0xff, 0xff, 0xff, 0xff, 0xff, 0xff, 0xff, 0xff, 0xff, 0xff, 0xff, 0xff, 0xff, 0xff, 0xff,
0xff, 0xff, 0xff, 0xff, 0xff, 0xff, 0xff, 0xff, 0xff, 0xff, 0xff, 0xff, 0xff, 0xff, 0xff, 0xff,
0xff, 0xff, 0xff, 0xff, 0xff, 0xff, 0xff, 0xff, 0xff, 0xb7, 0x11, 0x00, 0x00, 0x00, 0x00, 0x00,
0x00, 0x00, 0x00, 0x00, 0x00, 0x00, 0x00, 0x00, 0x00, 0x00, 0x00, 0x00, 0x00, 0x69, 0xf7, 0xff,
0xff, 0xff, 0xff, 0xff, 0xff, 0xff, 0xff, 0xff, 0xff, 0xff, 0xff, 0xff, 0xff, 0xfd, 0x64, 0x00,
0x00, 0x00, 0x00, 0x00, 0x00, 0x00, 0x00, 0x00, 0x00, 0x00, 0x00, 0x00, 0x00, 0x00, 0x00, 0x00,
0x00, 0x00, 0x00, 0x00, 0x00, 0x00, 0x00, 0x00, 0x00, 0x00, 0x00, 0x00, 0x00, 0x00, 0x00, 0x00,
0x00, 0x00, 0x00, 0x00, 0x00, 0x00, 0x09, 0x99, 0xff, 0xff, 0xff, 0xff, 0xff, 0xff, 0xff, 0xff,
0xff, 0xff, 0xff, 0xff, 0xff, 0xff, 0xff, 0xd1, 0x27, 0x00, 0x00, 0x00, 0x00, 0x00, 0x00, 0x00,
0x00, 0x00, 0x00, 0x00, 0x00, 0x00, 0x00, 0x00, 0x00, 0x00, 0x00, 0x00, 0x00, 0x00, 0x00, 0x1a,
0xbd, 0xff, 0xff, 0xff, 0xff, 0xff, 0xff, 0xff, 0xff, 0xff, 0xff, 0xff, 0xff, 0xff, 0xff, 0xff,
0xb9, 0x11, 0x00, 0x00, 0x00, 0x00, 0x00, 0x00, 0x00, 0x00, 0x00, 0x00, 0x00, 0x00, 0x00, 0x00,
0x00, 0x00, 0x00, 0x00, 0x00, 0x00, 0x00, 0x00, 0x30, 0xd9, 0xff, 0xff, 0xff, 0xff, 0xff, 0xff,
0xff, 0xff, 0xff, 0xff, 0xff, 0xff, 0xff, 0xff, 0xff, 0xcf, 
/* -70- */
0x00, 0x00, 0x00, 0x00, 0x00, 0x00, 0x00, 0x00, 0x00, 0x00, 0x48, 0xef, 0xff, 0xff, 0xff, 0xff,
0xff, 0xff, 0xff, 0xff, 0xff, 0xff, 0xff, 0xff, 0xff, 0xff, 0xff, 0xff, 0xff, 0xff, 0xff, 0xff,
0xff, 0xff, 0xff, 0xff, 0xff, 0xff, 0xff, 0xff, 0xff, 0xff, 0xff, 0xff, 0xff, 0xff, 0xff, 0xff,
0xff, 0xff, 0xff, 0xff, 0xff, 0xff, 0xff, 0xff, 0xff, 0xff, 0xff, 0xff, 0xff, 0xff, 0xff, 0xff,
0xff, 0xff, 0xff, 0xff, 0xff, 0xff, 0xff, 0xff, 0xff, 0xb7, 0x11, 0x00, 0x00, 0x00, 0x00, 0x00,
0x00, 0x00, 0x00, 0x00, 0x00, 0x00, 0x00, 0x00, 0x00, 0x00, 0x00, 0x00, 0x00, 0x69, 0xf7, 0xff,
0xff, 0xff, 0xff, 0xff, 0xff, 0xff, 0xff, 0xff, 0xff, 0xff, 0xff, 0xff, 0xff, 0xfd, 0x64, 0x00,
0x00, 0x00, 0x00, 0x00, 0x00, 0x00, 0x00, 0x00, 0x00, 0x00, 0x00, 0x00, 0x00, 0x00, 0x00, 0x00,
0x00, 0x00, 0x00, 0x00, 0x00, 0x00, 0x00, 0x00, 0x00, 0x00, 0x00, 0x00, 0x00, 0x00, 0x00, 0x00,
0x00, 0x00, 0x00, 0x00, 0x00, 0x00, 0x09, 0x99, 0xff, 0xff, 0xff, 0xff, 0xff, 0xff, 0xff, 0xff,
0xff, 0xff, 0xff, 0xff, 0xff, 0xff, 0xff, 0xd1, 0x27, 0x00, 0x00, 0x00, 0x00, 0x00, 0x00, 0x00,
0x00, 0x00, 0x00, 0x00, 0x00, 0x00, 0x00, 0x00, 0x00, 0x00, 0x00, 0x00, 0x00, 0x00, 0x00, 0x1a,
0xbd, 0xff, 0xff, 0xff, 0xff, 0xff, 0xff, 0xff, 0xff, 0xff, 0xff, 0xff, 0xff, 0xff, 0xff, 0xff,
0xb9, 0x11, 0x00, 0x00, 0x00, 0x00, 0x00, 0x00, 0x00, 0x00, 0x00, 0x00, 0x00, 0x00, 0x00, 0x00,
0x00, 0x00, 0x00, 0x00, 0x00, 0x00, 0x00, 0x00, 0x30, 0xd9, 0xff, 0xff, 0xff, 0xff, 0xff, 0xff,
0xff, 0xff, 0xff, 0xff, 0xff, 0xff, 0xff, 0xff, 0xff, 0xcf, 
/* -71- */
0x00, 0x00, 0x00, 0x00, 0x00, 0x00, 0x00, 0x00, 0x00, 0x00, 0x00, 0x55, 0xf3, 0xff, 0xff, 0xff,
0xff, 0xff, 0xff, 0xff, 0xff, 0xff, 0xff, 0xff, 0xff, 0xff, 0xff, 0xff, 0xff, 0xff, 0xff, 0xff,
0xff, 0xff, 0xff, 0xff, 0xff, 0xff, 0xff, 0xff, 0xff, 0xff, 0xff, 0xff, 0xff, 0xff, 0xff, 0xff,
0xff, 0xff, 0xff, 0xff, 0xff, 0xff, 0xff, 0xff, 0xfe, 0xf7, 0xff, 0xff, 0xff, 0xff, 0xff, 0xff,
0xff, 0xff, 0xff, 0xff, 0xff, 0xff, 0xff, 0xff, 0xff, 0xb7, 0x11, 0x00, 0x00, 0x00, 0x00, 0x00,
0x00, 0x00, 0x00, 0x00, 0x00, 0x00, 0x00, 0x00, 0x00, 0x00, 0x00, 0x00, 0x00, 0x69, 0xf7, 0xff,
0xff, 0xff, 0xff, 0xff, 0xff, 0xff, 0xff, 0xff, 0xff, 0xff, 0xff, 0xff, 0xff, 0xfd, 0x64, 0x00,
0x00, 0x00, 0x00, 0x00, 0x00, 0x00, 0x00, 0x00, 0x00, 0x00, 0x00, 0x00, 0x00, 0x00, 0x00, 0x00,
0x00, 0x00, 0x00, 0x00, 0x00, 0x00, 0x00, 0x00, 0x00, 0x00, 0x00, 0x00, 0x00, 0x00, 0x00, 0x00,
0x00, 0x00, 0x00, 0x00, 0x00, 0x00, 0x09, 0x9a, 0xff, 0xff, 0xff, 0xff, 0xff, 0xff, 0xff, 0xff,
0xff, 0xff, 0xff, 0xff, 0xff, 0xff, 0xff, 0xd1, 0x27, 0x00, 0x00, 0x00, 0x00, 0x00, 0x00, 0x00,
0x00, 0x00, 0x00, 0x00, 0x00, 0x00, 0x00, 0x00, 0x00, 0x00, 0x00, 0x00, 0x00, 0x00, 0x00, 0x1a,
0xbd, 0xff, 0xff, 0xff, 0xff, 0xff, 0xff, 0xff, 0xff, 0xff, 0xff, 0xff, 0xff, 0xff, 0xff, 0xff,
0xb9, 0x11, 0x00, 0x00, 0x00, 0x00, 0x00, 0x00, 0x00, 0x00, 0x00, 0x00, 0x00, 0x00, 0x00, 0x00,
0x00, 0x00, 0x00, 0x00, 0x00, 0x00, 0x00, 0x00, 0x30, 0xd9, 0xff, 0xff, 0xff, 0xff, 0xff, 0xff,
0xff, 0xff, 0xff, 0xff, 0xff, 0xff, 0xff, 0xff, 0xff, 0xcf, 
/* -72- */
0x00, 0x00, 0x00, 0x00, 0x00, 0x00, 0x00, 0x00, 0x00, 0x00, 0x00, 0x00, 0x61, 0xe9, 0xff, 0xff,
0xff, 0xff, 0xff, 0xff, 0xff, 0xff, 0xff, 0xff, 0xff, 0xff, 0xff, 0xff, 0xff, 0xff, 0xff, 0xff,
0xff, 0xff, 0xff, 0xff, 0xff, 0xff, 0xff, 0xff, 0xff, 0xff, 0xff, 0xff, 0xff, 0xff, 0xff, 0xff,
0xff, 0xff, 0xff, 0xff, 0xff, 0xff, 0xff, 0xfa, 0x9e, 0xc5, 0xff, 0xff, 0xff, 0xff, 0xff, 0xff,
0xff, 0xff, 0xff, 0xff, 0xff, 0xff, 0xff, 0xff, 0xff, 0xb7, 0x11, 0x00, 0x00, 0x00, 0x00, 0x00,
0x00, 0x00, 0x00, 0x00, 0x00, 0x00, 0x00, 0x00, 0x00, 0x00, 0x00, 0x00, 0x00, 0x69, 0xf7, 0xff,
0xff, 0xff, 0xff, 0xff, 0xff, 0xff, 0xff, 0xff, 0xff, 0xff, 0xff, 0xff, 0xff, 0xfd, 0x64, 0x00,
0x00, 0x00, 0x00, 0x00, 0x00, 0x00, 0x00, 0x00, 0x00, 0x00, 0x00, 0x00, 0x00, 0x00, 0x00, 0x00,
0x00, 0x00, 0x00, 0x00, 0x00, 0x00, 0x00, 0x00, 0x00, 0x00, 0x00, 0x00, 0x00, 0x00, 0x00, 0x00,
0x00, 0x00, 0x00, 0x00, 0x00, 0x00, 0x09, 0x9a, 0xff, 0xff, 0xff, 0xff, 0xff, 0xff, 0xff, 0xff,
0xff, 0xff, 0xff, 0xff, 0xff, 0xff, 0xff, 0xd1, 0x27, 0x00, 0x00, 0x00, 0x00, 0x00, 0x00, 0x00,
0x00, 0x00, 0x00, 0x00, 0x00, 0x00, 0x00, 0x00, 0x00, 0x00, 0x00, 0x00, 0x00, 0x00, 0x00, 0x1a,
0xbd, 0xff, 0xff, 0xff, 0xff, 0xff, 0xff, 0xff, 0xff, 0xff, 0xff, 0xff, 0xff, 0xff, 0xff, 0xff,
0xb9, 0x11, 0x00, 0x00, 0x00, 0x00, 0x00, 0x00, 0x00, 0x00, 0x00, 0x00, 0x00, 0x00, 0x00, 0x00,
0x00, 0x00, 0x00, 0x00, 0x00, 0x00, 0x00, 0x00, 0x30, 0xd9, 0xff, 0xff, 0xff, 0xff, 0xff, 0xff,
0xff, 0xff, 0xff, 0xff, 0xff, 0xff, 0xff, 0xff, 0xff, 0xcf, 
/* -73- */
0x00, 0x00, 0x00, 0x00, 0x00, 0x00, 0x00, 0x00, 0x00, 0x00, 0x00, 0x00, 0x00, 0x4e, 0xe0, 0xff,
0xff, 0xff, 0xff, 0xff, 0xff, 0xff, 0xff, 0xff, 0xff, 0xff, 0xff, 0xff, 0xff, 0xff, 0xff, 0xff,
0xff, 0xff, 0xff, 0xff, 0xff, 0xff, 0xff, 0xff, 0xff, 0xff, 0xff, 0xff, 0xff, 0xff, 0xff, 0xff,
0xff, 0xff, 0xff, 0xff, 0xff, 0xff, 0xff, 0x80, 0x20, 0xbd, 0xff, 0xff, 0xff, 0xff, 0xff, 0xff,
0xff, 0xff, 0xff, 0xff, 0xff, 0xff, 0xff, 0xff, 0xff, 0xb7, 0x11, 0x00, 0x00, 0x00, 0x00, 0x00,
0x00, 0x00, 0x00, 0x00, 0x00, 0x00, 0x00, 0x00, 0x00, 0x00, 0x00, 0x00, 0x00, 0x69, 0xf7, 0xff,
0xff, 0xff, 0xff, 0xff, 0xff, 0xff, 0xff, 0xff, 0xff, 0xff, 0xff, 0xff, 0xff, 0xfd, 0x64, 0x00,
0x00, 0x00, 0x00, 0x00, 0x00, 0x00, 0x00, 0x00, 0x00, 0x00, 0x00, 0x00, 0x00, 0x00, 0x00, 0x00,
0x00, 0x00, 0x00, 0x00, 0x00, 0x00, 0x00, 0x00, 0x00, 0x00, 0x00, 0x00, 0x00, 0x00, 0x00, 0x00,
0x00, 0x00, 0x00, 0x00, 0x00, 0x00, 0x09, 0x9a, 0xff, 0xff, 0xff, 0xff, 0xff, 0xff, 0xff, 0xff,
0xff, 0xff, 0xff, 0xff, 0xff, 0xff, 0xff, 0xd1, 0x27, 0x00, 0x00, 0x00, 0x00, 0x00, 0x00, 0x00,
0x00, 0x00, 0x00, 0x00, 0x00, 0x00, 0x00, 0x00, 0x00, 0x00, 0x00, 0x00, 0x00, 0x00, 0x00, 0x1a,
0xbd, 0xff, 0xff, 0xff, 0xff, 0xff, 0xff, 0xff, 0xff, 0xff, 0xff, 0xff, 0xff, 0xff, 0xff, 0xff,
0xb9, 0x11, 0x00, 0x00, 0x00, 0x00, 0x00, 0x00, 0x00, 0x00, 0x00, 0x00, 0x00, 0x00, 0x00, 0x00,
0x00, 0x00, 0x00, 0x00, 0x00, 0x00, 0x00, 0x00, 0x30, 0xd9, 0xff, 0xff, 0xff, 0xff, 0xff, 0xff,
0xff, 0xff, 0xff, 0xff, 0xff, 0xff, 0xff, 0xff, 0xff, 0xcf, 
/* -74- */
0x00, 0x00, 0x00, 0x00, 0x00, 0x00, 0x00, 0x00, 0x00, 0x00, 0x00, 0x00, 0x00, 0x00, 0x38, 0xc7,
0xff, 0xff, 0xff, 0xff, 0xff, 0xff, 0xff, 0xff, 0xff, 0xff, 0xff, 0xff, 0xff, 0xff, 0xff, 0xff,
0xff, 0xff, 0xff, 0xff, 0xff, 0xff, 0xff, 0xff, 0xff, 0xff, 0xff, 0xff, 0xff, 0xff, 0xff, 0xff,
0xff, 0xff, 0xff, 0xff, 0xff, 0xf7, 0x76, 0x06, 0x18, 0xbf, 0xff, 0xff, 0xff, 0xff, 0xff, 0xff,
0xff, 0xff, 0xff, 0xff, 0xff, 0xff, 0xff, 0xff, 0xff, 0xb7, 0x11, 0x00, 0x00, 0x00, 0x00, 0x00,
0x00, 0x00, 0x00, 0x00, 0x00, 0x00, 0x00, 0x00, 0x00, 0x00, 0x00, 0x00, 0x00, 0x69, 0xf7, 0xff,
0xff, 0xff, 0xff, 0xff, 0xff, 0xff, 0xff, 0xff, 0xff, 0xff, 0xff, 0xff, 0xff, 0xfd, 0x64, 0x00,
0x00, 0x00, 0x00, 0x00, 0x00, 0x00, 0x00, 0x00, 0x00, 0x00, 0x00, 0x00, 0x00, 0x00, 0x00, 0x00,
0x00, 0x00, 0x00, 0x00, 0x00, 0x00, 0x00, 0x00, 0x00, 0x00, 0x00, 0x00, 0x00, 0x00, 0x00, 0x00,
0x00, 0x00, 0x00, 0x00, 0x00, 0x00, 0x09, 0x9a, 0xff, 0xff, 0xff, 0xff, 0xff, 0xff, 0xff, 0xff,
0xff, 0xff, 0xff, 0xff, 0xff, 0xff, 0xff, 0xd1, 0x27, 0x00, 0x00, 0x00, 0x00, 0x00, 0x00, 0x00,
0x00, 0x00, 0x00, 0x00, 0x00, 0x00, 0x00, 0x00, 0x00, 0x00, 0x00, 0x00, 0x00, 0x00, 0x00, 0x1a,
0xbd, 0xff, 0xff, 0xff, 0xff, 0xff, 0xff, 0xff, 0xff, 0xff, 0xff, 0xff, 0xff, 0xff, 0xff, 0xff,
0xb9, 0x11, 0x00, 0x00, 0x00, 0x00, 0x00, 0x00, 0x00, 0x00, 0x00, 0x00, 0x00, 0x00, 0x00, 0x00,
0x00, 0x00, 0x00, 0x00, 0x00, 0x00, 0x00, 0x00, 0x30, 0xd9, 0xff, 0xff, 0xff, 0xff, 0xff, 0xff,
0xff, 0xff, 0xff, 0xff, 0xff, 0xff, 0xff, 0xff, 0xff, 0xcf, 
/* -75- */
0x00, 0x00, 0x00, 0x00, 0x00, 0x00, 0x00, 0x00, 0x00, 0x00, 0x00, 0x00, 0x00, 0x00, 0x00, 0x19,
0x90, 0xfb, 0xff, 0xff, 0xff, 0xff, 0xff, 0xff, 0xff, 0xff, 0xff, 0xff, 0xff, 0xff, 0xff, 0xff,
0xff, 0xff, 0xff, 0xff, 0xff, 0xff, 0xff, 0xff, 0xff, 0xff, 0xff, 0xff, 0xff, 0xff, 0xff, 0xff,
0xff, 0xff, 0xff, 0xff, 0xea, 0x5d, 0x02, 0x00, 0x1b, 0xbf, 0xff, 0xff, 0xff, 0xff, 0xff, 0xff,
0xff, 0xff, 0xff, 0xff, 0xff, 0xff, 0xff, 0xff, 0xff, 0xb7, 0x11, 0x00, 0x00, 0x00, 0x00, 0x00,
0x00, 0x00, 0x00, 0x00, 0x00, 0x00, 0x00, 0x00, 0x00, 0x00, 0x00, 0x00, 0x00, 0x69, 0xf7, 0xff,
0xff, 0xff, 0xff, 0xff, 0xff, 0xff, 0xff, 0xff, 0xff, 0xff, 0xff, 0xff, 0xff, 0xfd, 0x64, 0x00,
0x00, 0x00, 0x00, 0x00, 0x00, 0x00, 0x00, 0x00, 0x00, 0x00, 0x00, 0x00, 0x00, 0x00, 0x00, 0x00,
0x00, 0x00, 0x00, 0x00, 0x00, 0x00, 0x00, 0x00, 0x00, 0x00, 0x00, 0x00, 0x00, 0x00, 0x00, 0x00,
0x00, 0x00, 0x00, 0x00, 0x00, 0x00, 0x09, 0x9a, 0xff, 0xff, 0xff, 0xff, 0xff, 0xff, 0xff, 0xff,
0xff, 0xff, 0xff, 0xff, 0xff, 0xff, 0xff, 0xd1, 0x27, 0x00, 0x00, 0x00, 0x00, 0x00, 0x00, 0x00,
0x00, 0x00, 0x00, 0x00, 0x00, 0x00, 0x00, 0x00, 0x00, 0x00, 0x00, 0x00, 0x00, 0x00, 0x00, 0x1a,
0xbd, 0xff, 0xff, 0xff, 0xff, 0xff, 0xff, 0xff, 0xff, 0xff, 0xff, 0xff, 0xff, 0xff, 0xff, 0xff,
0xb9, 0x11, 0x00, 0x00, 0x00, 0x00, 0x00, 0x00, 0x00, 0x00, 0x00, 0x00, 0x00, 0x00, 0x00, 0x00,
0x00, 0x00, 0x00, 0x00, 0x00, 0x00, 0x00, 0x00, 0x30, 0xd9, 0xff, 0xff, 0xff, 0xff, 0xff, 0xff,
0xff, 0xff, 0xff, 0xff, 0xff, 0xff, 0xff, 0xff, 0xff, 0xcf, 
/* -76- */
0x00, 0x00, 0x00, 0x00, 0x00, 0x00, 0x00, 0x00, 0x00, 0x00, 0x00, 0x00, 0x00, 0x00, 0x00, 0x00,
0x00, 0x55, 0xd2, 0xfb, 0xff, 0xff, 0xff, 0xff, 0xff, 0xff, 0xff, 0xff, 0xff, 0xff, 0xff, 0xff,
0xff, 0xff, 0xff, 0xff, 0xff, 0xff, 0xff, 0xff, 0xff, 0xff, 0xff, 0xff, 0xff, 0xff, 0xff, 0xff,
0xff, 0xff, 0xfb, 0xbb, 0x33, 0x00, 0x00, 0x00, 0x1b, 0xbf, 0xff, 0xff, 0xff, 0xff, 0xff, 0xff,
0xff, 0xff, 0xff, 0xff, 0xff, 0xff, 0xff, 0xff, 0xff, 0xb7, 0x11, 0x00, 0x00, 0x00, 0x00, 0x00,
0x00, 0x00, 0x00, 0x00, 0x00, 0x00, 0x00, 0x00, 0x00, 0x00, 0x00, 0x00, 0x00, 0x69, 0xf7, 0xff,
0xff, 0xff, 0xff, 0xff, 0xff, 0xff, 0xff, 0xff, 0xff, 0xff, 0xff, 0xff, 0xff, 0xfd, 0x64, 0x00,
0x00, 0x00, 0x00, 0x00, 0x00, 0x00, 0x00, 0x00, 0x00, 0x00, 0x00, 0x00, 0x00, 0x00, 0x00, 0x00,
0x00, 0x00, 0x00, 0x00, 0x00, 0x00, 0x00, 0x00, 0x00, 0x00, 0x00, 0x00, 0x00, 0x00, 0x00, 0x00,
0x00, 0x00, 0x00, 0x00, 0x00, 0x00, 0x09, 0x9a, 0xff, 0xff, 0xff, 0xff, 0xff, 0xff, 0xff, 0xff,
0xff, 0xff, 0xff, 0xff, 0xff, 0xff, 0xff, 0xd1, 0x27, 0x00, 0x00, 0x00, 0x00, 0x00, 0x00, 0x00,
0x00, 0x00, 0x00, 0x00, 0x00, 0x00, 0x00, 0x00, 0x00, 0x00, 0x00, 0x00, 0x00, 0x00, 0x00, 0x1a,
0xbd, 0xff, 0xff, 0xff, 0xff, 0xff, 0xff, 0xff, 0xff, 0xff, 0xff, 0xff, 0xff, 0xff, 0xff, 0xff,
0xb9, 0x11, 0x00, 0x00, 0x00, 0x00, 0x00, 0x00, 0x00, 0x00, 0x00, 0x00, 0x00, 0x00, 0x00, 0x00,
0x00, 0x00, 0x00, 0x00, 0x00, 0x00, 0x00, 0x00, 0x30, 0xd9, 0xff, 0xff, 0xff, 0xff, 0xff, 0xff,
0xff, 0xff, 0xff, 0xff, 0xff, 0xff, 0xff, 0xff, 0xff, 0xcf, 
/* -77- */
0x00, 0x00, 0x00, 0x00, 0x00, 0x00, 0x00, 0x00, 0x00, 0x00, 0x00, 0x00, 0x00, 0x00, 0x00, 0x00,
0x00, 0x00, 0x11, 0x78, 0xd4, 0xff, 0xff, 0xff, 0xff, 0xff, 0xff, 0xff, 0xff, 0xff, 0xff, 0xff,
0xff, 0xff, 0xff, 0xff, 0xff, 0xff, 0xff, 0xff, 0xff, 0xff, 0xff, 0xff, 0xff, 0xff, 0xff, 0xff,
0xff, 0xd6, 0x79, 0x0a, 0x00, 0x00, 0x00, 0x00, 0x1b, 0xbf, 0xff, 0xff, 0xff, 0xff, 0xff, 0xff,
0xff, 0xff, 0xff, 0xff, 0xff, 0xff, 0xff, 0xff, 0xff, 0xb7, 0x11, 0x00, 0x00, 0x00, 0x00, 0x00,
0x00, 0x00, 0x00, 0x00, 0x00, 0x00, 0x00, 0x00, 0x00, 0x00, 0x00, 0x00, 0x00, 0x6a, 0xfa, 0xff,
0xff, 0xff, 0xff, 0xff, 0xff, 0xff, 0xff, 0xff, 0xff, 0xff, 0xff, 0xff, 0xff, 0xff, 0x65, 0x00,
0x00, 0x00, 0x00, 0x00, 0x00, 0x00, 0x00, 0x00, 0x00, 0x00, 0x00, 0x00, 0x00, 0x00, 0x00, 0x00,
0x00, 0x00, 0x00, 0x00, 0x00, 0x00, 0x00, 0x00, 0x00, 0x00, 0x00, 0x00, 0x00, 0x00, 0x00, 0x00,
0x00, 0x00, 0x00, 0x00, 0x00, 0x00, 0x09, 0x9c, 0xff, 0xff, 0xff, 0xff, 0xff, 0xff, 0xff, 0xff,
0xff, 0xff, 0xff, 0xff, 0xff, 0xff, 0xff, 0xd3, 0x27, 0x00, 0x00, 0x00, 0x00, 0x00, 0x00, 0x00,
0x00, 0x00, 0x00, 0x00, 0x00, 0x00, 0x00, 0x00, 0x00, 0x00, 0x00, 0x00, 0x00, 0x00, 0x00, 0x1a,
0xbf, 0xff, 0xff, 0xff, 0xff, 0xff, 0xff, 0xff, 0xff, 0xff, 0xff, 0xff, 0xff, 0xff, 0xff, 0xff,
0xbb, 0x11, 0x00, 0x00, 0x00, 0x00, 0x00, 0x00, 0x00, 0x00, 0x00, 0x00, 0x00, 0x00, 0x00, 0x00,
0x00, 0x00, 0x00, 0x00, 0x00, 0x00, 0x00, 0x00, 0x31, 0xdc, 0xff, 0xff, 0xff, 0xff, 0xff, 0xff,
0xff, 0xff, 0xff, 0xff, 0xff, 0xff, 0xff, 0xff, 0xff, 0xd1, 
/* -78- */
0x00, 0x00, 0x00, 0x00, 0x00, 0x00, 0x00, 0x00, 0x00, 0x00, 0x00, 0x00, 0x00, 0x00, 0x00, 0x00,
0x00, 0x00, 0x00, 0x00, 0x29, 0x77, 0xbd, 0xfe, 0xff, 0xff, 0xff, 0xff, 0xff, 0xff, 0xff, 0xff,
0xff, 0xff, 0xff, 0xff, 0xff, 0xff, 0xff, 0xff, 0xff, 0xff, 0xff, 0xff, 0xff, 0xff, 0xff, 0xd8,
0x82, 0x2c, 0x00, 0x00, 0x00, 0x00, 0x00, 0x00, 0x1c, 0xc9, 0xff, 0xff, 0xff, 0xff, 0xff, 0xff,
0xff, 0xff, 0xff, 0xff, 0xff, 0xff, 0xff, 0xff, 0xff, 0xc1, 0x12, 0x00, 0x00, 0x00, 0x00, 0x00,
0x00, 0x00, 0x00, 0x00, 0x00, 0x00, 0x00, 0x00, 0x00, 0x00, 0x00, 0x00, 0x00, 0x63, 0xea, 0xf2,
0xf1, 0xf1, 0xf1, 0xf1, 0xf1, 0xf1, 0xf1, 0xf1, 0xf1, 0xf1, 0xf1, 0xf1, 0xf1, 0xef, 0x5f, 0x00,
0x00, 0x00, 0x00, 0x00, 0x00, 0x00, 0x00, 0x00, 0x00, 0x00, 0x00, 0x00, 0x00, 0x00, 0x00, 0x00,
0x00, 0x00, 0x00, 0x00, 0x00, 0x00, 0x00, 0x00, 0x00, 0x00, 0x00, 0x00, 0x00, 0x00, 0x00, 0x00,
0x00, 0x00, 0x00, 0x00, 0x00, 0x00, 0x08, 0x91, 0xf5, 0xf1, 0xf1, 0xf1, 0xf1, 0xf1, 0xf1, 0xf1,
0xf1, 0xf1, 0xf1, 0xf1, 0xf1, 0xf1, 0xf4, 0xc5, 0x25, 0x00, 0x00, 0x00, 0x00, 0x00, 0x00, 0x00,
0x00, 0x00, 0x00, 0x00, 0x00, 0x00, 0x00, 0x00, 0x00, 0x00, 0x00, 0x00, 0x00, 0x00, 0x00, 0x19,
0xb3, 0xf5, 0xf1, 0xf1, 0xf1, 0xf1, 0xf1, 0xf1, 0xf1, 0xf1, 0xf1, 0xf1, 0xf1, 0xf1, 0xf1, 0xf4,
0xaf, 0x10, 0x00, 0x00, 0x00, 0x00, 0x00, 0x00, 0x00, 0x00, 0x00, 0x00, 0x00, 0x00, 0x00, 0x00,
0x00, 0x00, 0x00, 0x00, 0x00, 0x00, 0x00, 0x00, 0x2d, 0xcd, 0xf4, 0xf1, 0xf1, 0xf1, 0xf1, 0xf1,
0xf1, 0xf1, 0xf1, 0xf1, 0xf1, 0xf1, 0xf1, 0xf1, 0xf2, 0xc4, 
/* -79- */
0x00, 0x00, 0x00, 0x00, 0x00, 0x00, 0x00, 0x00, 0x00, 0x00, 0x00, 0x00, 0x00, 0x00, 0x00, 0x00,
0x00, 0x00, 0x00, 0x00, 0x00, 0x00, 0x1a, 0x4c, 0x92, 0xd4, 0xff, 0xff, 0xff, 0xff, 0xff, 0xff,
0xff, 0xff, 0xff, 0xff, 0xff, 0xff, 0xff, 0xff, 0xff, 0xff, 0xff, 0xff, 0xfc, 0xb5, 0x65, 0x2b,
0x00, 0x00, 0x00, 0x00, 0x00, 0x00, 0x00, 0x00, 0x0a, 0x44, 0x5b, 0x5b, 0x5b, 0x5b, 0x5b, 0x5b,
0x5b, 0x5b, 0x5b, 0x5b, 0x5b, 0x5b, 0x5b, 0x5b, 0x5b, 0x42, 0x06, 0x00, 0x00, 0x00, 0x00, 0x00,
0x00, 0x00, 0x00, 0x00, 0x00, 0x00, 0x00, 0x00, 0x00, 0x00, 0x00, 0x00, 0x00, 0x19, 0x3a, 0x3c,
0x3c, 0x3c, 0x3c, 0x3c, 0x3c, 0x3c, 0x3c, 0x3c, 0x3c, 0x3c, 0x3c, 0x3c, 0x3c, 0x3b, 0x17, 0x00,
0x00, 0x00, 0x00, 0x00, 0x00, 0x00, 0x00, 0x00, 0x00, 0x00, 0x00, 0x00, 0x00, 0x00, 0x00, 0x00,
0x00, 0x00, 0x00, 0x00, 0x00, 0x00, 0x00, 0x00, 0x00, 0x00, 0x00, 0x00, 0x00, 0x00, 0x00, 0x00,
0x00, 0x00, 0x00, 0x00, 0x00, 0x00, 0x02, 0x24, 0x3e, 0x3c, 0x3c, 0x3c, 0x3c, 0x3c, 0x3c, 0x3c,
0x3c, 0x3c, 0x3c, 0x3c, 0x3c, 0x3c, 0x3e, 0x31, 0x09, 0x00, 0x00, 0x00, 0x00, 0x00, 0x00, 0x00,
0x00, 0x00, 0x00, 0x00, 0x00, 0x00, 0x00, 0x00, 0x00, 0x00, 0x00, 0x00, 0x00, 0x00, 0x00, 0x06,
0x2c, 0x3e, 0x3c, 0x3c, 0x3c, 0x3c, 0x3c, 0x3c, 0x3c, 0x3c, 0x3c, 0x3c, 0x3c, 0x3c, 0x3c, 0x3e,
0x2c, 0x04, 0x00, 0x00, 0x00, 0x00, 0x00, 0x00, 0x00, 0x00, 0x00, 0x00, 0x00, 0x00, 0x00, 0x00,
0x00, 0x00, 0x00, 0x00, 0x00, 0x00, 0x00, 0x00, 0x0b, 0x33, 0x3e, 0x3c, 0x3c, 0x3c, 0x3c, 0x3c,
0x3c, 0x3c, 0x3c, 0x3c, 0x3c, 0x3c, 0x3c, 0x3c, 0x3c, 0x31, 
/* -80- */
0x00, 0x00, 0x00, 0x00, 0x00, 0x00, 0x00, 0x00, 0x00, 0x00, 0x00, 0x00, 0x00, 0x00, 0x00, 0x00,
0x00, 0x00, 0x00, 0x00, 0x00, 0x00, 0x00, 0x00, 0x07, 0x19, 0x35, 0x79, 0xb0, 0xda, 0xfc, 0xff,
0xff, 0xff, 0xff, 0xff, 0xff, 0xff, 0xff, 0xff, 0xfe, 0xe7, 0xad, 0x66, 0x2b, 0x10, 0x00, 0x00,
0x00, 0x00, 0x00, 0x00, 0x00, 0x00, 0x00, 0x00, 0x00, 0x00, 0x00, 0x00, 0x00, 0x00, 0x00, 0x00,
0x00, 0x00, 0x00, 0x00, 0x00, 0x00, 0x00, 0x00, 0x00, 0x00, 0x00, 0x00, 0x00, 0x00, 0x00, 0x00,
0x00, 0x00, 0x00, 0x00, 0x00, 0x00, 0x00, 0x00, 0x00, 0x00, 0x00, 0x00, 0x00, 0x00, 0x00, 0x00,
0x00, 0x00, 0x00, 0x00, 0x00, 0x00, 0x00, 0x00, 0x00, 0x00, 0x00, 0x00, 0x00, 0x00, 0x00, 0x00,
0x00, 0x00, 0x00, 0x00, 0x00, 0x00, 0x00, 0x00, 0x00, 0x00, 0x00, 0x00, 0x00, 0x00, 0x00, 0x00,
0x00, 0x00, 0x00, 0x00, 0x00, 0x00, 0x00, 0x00, 0x00, 0x00, 0x00, 0x00, 0x00, 0x00, 0x00, 0x00,
0x00, 0x00, 0x00, 0x00, 0x00, 0x00, 0x00, 0x00, 0x00, 0x00, 0x00, 0x00, 0x00, 0x00, 0x00, 0x00,
0x00, 0x00, 0x00, 0x00, 0x00, 0x00, 0x00, 0x00, 0x00, 0x00, 0x00, 0x00, 0x00, 0x00, 0x00, 0x00,
0x00, 0x00, 0x00, 0x00, 0x00, 0x00, 0x00, 0x00, 0x00, 0x00, 0x00, 0x00, 0x00, 0x00, 0x00, 0x00,
0x00, 0x00, 0x00, 0x00, 0x00, 0x00, 0x00, 0x00, 0x00, 0x00, 0x00, 0x00, 0x00, 0x00, 0x00, 0x00,
0x00, 0x00, 0x00, 0x00, 0x00, 0x00, 0x00, 0x00, 0x00, 0x00, 0x00, 0x00, 0x00, 0x00, 0x00, 0x00,
0x00, 0x00, 0x00, 0x00, 0x00, 0x00, 0x00, 0x00, 0x00, 0x00, 0x00, 0x00, 0x00, 0x00, 0x00, 0x00,
0x00, 0x00, 0x00, 0x00, 0x00, 0x00, 0x00, 0x00, 0x00, 0x00, 
};

ARM_ALIGN(4) ARM_SECTION("arm2d.asset.c_bmpArmLogoA1Alpha")
static const uint8_t c_bmpArmLogoA1Alpha[32*81] = {
/* -0- */
0x00, 0x00, 0x00, 0x00, 0x00, 0x00, 0x00, 0x00, 0x00, 0x00, 0x00, 0x00, 0x00, 0x00, 0x00, 0x00,
0x00, 0x00, 0x00, 0x00, 0x00, 0x00, 0x00, 0x00, 0x00, 0x00, 0x00, 0x00, 0x00, 0x00, 0x00, 0x00,

/* -1- */
0x00, 0x00, 0x00, 0x00, 0x00, 0x00, 0x00, 0x00, 0x00, 0x00, 0x00, 0x00, 0x00, 0x00, 0x00, 0x00,
0x00, 0x00, 0x00, 0x00, 0x00, 0x00, 0x00, 0x00, 0x00, 0x00, 0x00, 0x00, 0x00, 0x00, 0x00, 0x00,

/* -2- */
0x00, 0x00, 0x00, 0x00, 0x00, 0x00, 0x00, 0x00, 0x00, 0x00, 0x00, 0x00, 0x00, 0x00, 0x00, 0x00,
0x00, 0x00, 0x00, 0x00, 0x00, 0x00, 0x00, 0x00, 0x00, 0x00, 0x00, 0x00, 0x00, 0x00, 0x00, 0x00,

/* -3- */
0x00, 0x00, 0x00, 0x00, 0x00, 0x00, 0x00, 0x00, 0x00, 0x00, 0x00, 0x00, 0x00, 0x00, 0x00, 0x00,
0x00, 0x00, 0x00, 0x00, 0x00, 0x00, 0x00, 0x00, 0x00, 0x00, 0x00, 0x00, 0x00, 0x00, 0x00, 0x00,

/* -4- */
0x00, 0x00, 0x00, 0x00, 0x00, 0x00, 0x00, 0x00, 0x00, 0x00, 0x00, 0x00, 0x00, 0x00, 0x00, 0x00,
0x00, 0x00, 0x00, 0x00, 0x00, 0x00, 0x00, 0x00, 0x00, 0x00, 0x00, 0x00, 0x00, 0x00, 0x00, 0x00,

/* -5- */
0x00, 0x00, 0x00, 0x00, 0x00, 0x00, 0x00, 0x00, 0x00, 0x00, 0x00, 0x00, 0x00, 0x00, 0x00, 0x00,
0x00, 0x00, 0x00, 0x00, 0x00, 0x00, 0x00, 0x00, 0x00, 0x00, 0x00, 0x00, 0x00, 0x00, 0x00, 0x00,

/* -6- */
0x00, 0x00, 0x00, 0xf0, 0xff, 0x07, 0x00, 0x00, 0x00, 0x00, 0x00, 0x00, 0x00, 0x00, 0x00, 0xfe,
0x7f, 0x00, 0x00, 0x00, 0x00, 0x00, 0xf8, 0xff, 0x00, 0x00, 0x00, 0xfc, 0xff, 0x01, 0x00, 0x00,

/* -7- */
0x00, 0x00, 0x00, 0xfe, 0xff, 0x3f, 0x00, 0x00, 0x00, 0x00, 0x00, 0xc0, 0xff, 0x3f, 0xc0, 0xff,
0xff, 0x03, 0x00, 0xff, 0x7f, 0x00, 0xff, 0xff, 0x07, 0x00, 0x80, 0xff, 0xff, 0x0f, 0x00, 0x00,

/* -8- */
0x00, 0x00, 0xc0, 0xff, 0xff, 0xff, 0x00, 0xfe, 0xff, 0x03, 0x00, 0xc0, 0xff, 0x3f, 0xf0, 0xff,
0xff, 0x0f, 0x80, 0xff, 0xff, 0xc0, 0xff, 0xff, 0x1f, 0x00, 0xe0, 0xff, 0xff, 0x3f, 0x00, 0x00,

/* -9- */
0x00, 0x00, 0xf0, 0xff, 0xff, 0xff, 0x03, 0xfe, 0xff, 0x03, 0x00, 0xc0, 0xff, 0x3f, 0xf8, 0xff,
0xff, 0x0f, 0x80, 0xff, 0xff, 0xe0, 0xff, 0xff, 0x3f, 0x00, 0xf8, 0xff, 0xff, 0x7f, 0x00, 0x00,

/* -10- */
0x00, 0x00, 0xfc, 0xff, 0xff, 0xff, 0x0f, 0xfe, 0xff, 0x03, 0x00, 0xc0, 0xff, 0x3f, 0xfc, 0xff,
0xff, 0x0f, 0x80, 0xff, 0xff, 0xf0, 0xff, 0xff, 0xff, 0x00, 0xfc, 0xff, 0xff, 0xff, 0x01, 0x00,

/* -11- */
0x00, 0x00, 0xfe, 0xff, 0xff, 0xff, 0x1f, 0xfe, 0xff, 0x03, 0x00, 0xc0, 0xff, 0x3f, 0xfe, 0xff,
0xff, 0x07, 0x80, 0xff, 0xff, 0xfc, 0xff, 0xff, 0xff, 0x01, 0xfe, 0xff, 0xff, 0xff, 0x03, 0x00,

/* -12- */
0x00, 0x80, 0xff, 0xff, 0xff, 0xff, 0x3f, 0xfe, 0xff, 0x03, 0x00, 0xc0, 0xff, 0x3f, 0xff, 0xff,
0xff, 0x07, 0x80, 0xff, 0xff, 0xfe, 0xff, 0xff, 0xff, 0x83, 0xff, 0xff, 0xff, 0xff, 0x07, 0x00,

/* -13- */
0x00, 0xc0, 0xff, 0xff, 0xff, 0xff, 0x7f, 0xfe, 0xff, 0x03, 0x00, 0xc0, 0xff, 0xff, 0xff, 0xff,
0xff, 0x07, 0x80, 0xff, 0xff, 0xff, 0xff, 0xff, 0xff, 0xc7, 0xff, 0xff, 0xff, 0xff, 0x0f, 0x00,

/* -14- */
0x00, 0xe0, 0xff, 0xff, 0xff, 0xff, 0xff, 0xfe, 0xff, 0x03, 0x00, 0xc0, 0xff, 0xff, 0xff, 0xff,
0xff, 0x03, 0x80, 0xff, 0xff, 0xff, 0xff, 0xff, 0xff, 0xc7, 0xff, 0xff, 0xff, 0xff, 0x0f, 0x00,

/* -15- */
0x00, 0xf0, 0xff, 0xff, 0xff, 0xff, 0xff, 0xff, 0xff, 0x03, 0x00, 0xc0, 0xff, 0xff, 0xff, 0xff,
0xff, 0x03, 0x80, 0xff, 0xff, 0xff, 0xff, 0xff, 0xff, 0xef, 0xff, 0xff, 0xff, 0xff, 0x1f, 0x00,

/* -16- */
0x00, 0xf8, 0xff, 0xff, 0xff, 0xff, 0xff, 0xff, 0xff, 0x03, 0x00, 0xc0, 0xff, 0xff, 0xff, 0xff,
0xff, 0x01, 0x80, 0xff, 0xff, 0xff, 0xff, 0xff, 0xff, 0xff, 0xff, 0xff, 0xff, 0xff, 0x3f, 0x00,

/* -17- */
0x00, 0xfc, 0xff, 0xff, 0xff, 0xff, 0xff, 0xff, 0xff, 0x03, 0x00, 0xc0, 0xff, 0xff, 0xff, 0xff,
0xff, 0x01, 0x80, 0xff, 0xff, 0xff, 0xff, 0xff, 0xff, 0xff, 0xff, 0xff, 0xff, 0xff, 0x3f, 0x00,

/* -18- */
0x00, 0xfe, 0xff, 0xff, 0xff, 0xff, 0xff, 0xff, 0xff, 0x03, 0x00, 0xc0, 0xff, 0xff, 0xff, 0xff,
0xff, 0x00, 0x80, 0xff, 0xff, 0xff, 0xff, 0xff, 0xff, 0xff, 0xff, 0xff, 0xff, 0xff, 0x7f, 0x00,

/* -19- */
0x00, 0xff, 0xff, 0xff, 0xff, 0xff, 0xff, 0xff, 0xff, 0x03, 0x00, 0xc0, 0xff, 0xff, 0xff, 0xff,
0xff, 0x00, 0x80, 0xff, 0xff, 0xff, 0xff, 0xff, 0xff, 0xff, 0xff, 0xff, 0xff, 0xff, 0x7f, 0x00,

/* -20- */
0x00, 0xff, 0xff, 0xff, 0xff, 0xff, 0xff, 0xff, 0xff, 0x03, 0x00, 0xc0, 0xff, 0xff, 0xff, 0xff,
0x7f, 0x00, 0x80, 0xff, 0xff, 0xff, 0xff, 0xff, 0xff, 0xff, 0xff, 0xff, 0xff, 0xff, 0xff, 0x00,

/* -21- */
0x80, 0xff, 0xff, 0xff, 0x00, 0xf0, 0xff, 0xff, 0xff, 0x03, 0x00, 0xc0, 0xff, 0xff, 0xff, 0xff,
0x7f, 0x00, 0x80, 0xff, 0xff, 0xff, 0x01, 0xfc, 0xff, 0xff, 0xff, 0x03, 0xf8, 0xff, 0xff, 0x00,

/* -22- */
0xc0, 0xff, 0xff, 0x3f, 0x00, 0x80, 0xff, 0xff, 0xff, 0x03, 0x00, 0xc0, 0xff, 0xff, 0x7f, 0x00,
0x78, 0x00, 0x80, 0xff, 0xff, 0x7f, 0x00, 0xf8, 0xff, 0xff, 0xff, 0x00, 0xf0, 0xff, 0xff, 0x00,

/* -23- */
0xc0, 0xff, 0xff, 0x0f, 0x00, 0x00, 0xfe, 0xff, 0xff, 0x03, 0x00, 0xc0, 0xff, 0xff, 0x1f, 0x00,
0x20, 0x00, 0x80, 0xff, 0xff, 0x1f, 0x00, 0xe0, 0xff, 0xff, 0x3f, 0x00, 0xe0, 0xff, 0xff, 0x01,

/* -24- */
0xe0, 0xff, 0xff, 0x03, 0x00, 0x00, 0xfc, 0xff, 0xff, 0x03, 0x00, 0xc0, 0xff, 0xff, 0x0f, 0x00,
0x00, 0x00, 0x80, 0xff, 0xff, 0x0f, 0x00, 0xe0, 0xff, 0xff, 0x1f, 0x00, 0xc0, 0xff, 0xff, 0x01,

/* -25- */
0xe0, 0xff, 0xff, 0x01, 0x00, 0x00, 0xf8, 0xff, 0xff, 0x03, 0x00, 0xc0, 0xff, 0xff, 0x07, 0x00,
0x00, 0x00, 0x80, 0xff, 0xff, 0x07, 0x00, 0xc0, 0xff, 0xff, 0x0f, 0x00, 0x80, 0xff, 0xff, 0x01,

/* -26- */
0xf0, 0xff, 0xff, 0x00, 0x00, 0x00, 0xf0, 0xff, 0xff, 0x03, 0x00, 0xc0, 0xff, 0xff, 0x03, 0x00,
0x00, 0x00, 0x80, 0xff, 0xff, 0x07, 0x00, 0xc0, 0xff, 0xff, 0x0f, 0x00, 0x80, 0xff, 0xff, 0x01,

/* -27- */
0xf0, 0xff, 0x7f, 0x00, 0x00, 0x00, 0xe0, 0xff, 0xff, 0x03, 0x00, 0xc0, 0xff, 0xff, 0x01, 0x00,
0x00, 0x00, 0x80, 0xff, 0xff, 0x03, 0x00, 0x80, 0xff, 0xff, 0x07, 0x00, 0x00, 0xff, 0xff, 0x01,

/* -28- */
0xf8, 0xff, 0x7f, 0x00, 0x00, 0x00, 0xc0, 0xff, 0xff, 0x03, 0x00, 0xc0, 0xff, 0xff, 0x01, 0x00,
0x00, 0x00, 0x80, 0xff, 0xff, 0x03, 0x00, 0x80, 0xff, 0xff, 0x07, 0x00, 0x00, 0xff, 0xff, 0x01,

/* -29- */
0xf8, 0xff, 0x3f, 0x00, 0x00, 0x00, 0xc0, 0xff, 0xff, 0x03, 0x00, 0xc0, 0xff, 0xff, 0x00, 0x00,
0x00, 0x00, 0x80, 0xff, 0xff, 0x01, 0x00, 0x80, 0xff, 0xff, 0x03, 0x00, 0x00, 0xff, 0xff, 0x03,

/* -30- */
0xf8, 0xff, 0x1f, 0x00, 0x00, 0x00, 0x80, 0xff, 0xff, 0x03, 0x00, 0xc0, 0xff, 0xff, 0x00, 0x00,
0x00, 0x00, 0x80, 0xff, 0xff, 0x01, 0x00, 0x00, 0xff, 0xff, 0x03, 0x00, 0x00, 0xff, 0xff, 0x03,

/* -31- */
0xf8, 0xff, 0x1f, 0x00, 0x00, 0x00, 0x00, 0xff, 0xff, 0x03, 0x00, 0xc0, 0xff, 0xff, 0x00, 0x00,
0x00, 0x00, 0x80, 0xff, 0xff, 0x01, 0x00, 0x00, 0xff, 0xff, 0x03, 0x00, 0x00, 0xfe, 0xff, 0x03,

/* -32- */
0xfc, 0xff, 0x0f, 0x00, 0x00, 0x00, 0x00, 0xff, 0xff, 0x03, 0x00, 0xc0, 0xff, 0x7f, 0x00, 0x00,
0x00, 0x00, 0x80, 0xff, 0xff, 0x01, 0x00, 0x00, 0xff, 0xff, 0x01, 0x00, 0x00, 0xfe, 0xff, 0x03,

/* -33- */
0xfc, 0xff, 0x0f, 0x00, 0x00, 0x00, 0x00, 0xfe, 0xff, 0x03, 0x00, 0xc0, 0xff, 0x7f, 0x00, 0x00,
0x00, 0x00, 0x80, 0xff, 0xff, 0x00, 0x00, 0x00, 0xff, 0xff, 0x01, 0x00, 0x00, 0xfe, 0xff, 0x03,

/* -34- */
0xfc, 0xff, 0x07, 0x00, 0x00, 0x00, 0x00, 0xfe, 0xff, 0x03, 0x00, 0xc0, 0xff, 0x7f, 0x00, 0x00,
0x00, 0x00, 0x80, 0xff, 0xff, 0x00, 0x00, 0x00, 0xff, 0xff, 0x01, 0x00, 0x00, 0xfe, 0xff, 0x03,

/* -35- */
0xfc, 0xff, 0x07, 0x00, 0x00, 0x00, 0x00, 0xfe, 0xff, 0x03, 0x00, 0xc0, 0xff, 0x7f, 0x00, 0x00,
0x00, 0x00, 0x80, 0xff, 0xff, 0x00, 0x00, 0x00, 0xff, 0xff, 0x01, 0x00, 0x00, 0xfe, 0xff, 0x03,

/* -36- */
0xfc, 0xff, 0x07, 0x00, 0x00, 0x00, 0x00, 0xfe, 0xff, 0x03, 0x00, 0xc0, 0xff, 0x7f, 0x00, 0x00,
0x00, 0x00, 0x80, 0xff, 0xff, 0x00, 0x00, 0x00, 0xff, 0xff, 0x01, 0x00, 0x00, 0xfe, 0xff, 0x03,

/* -37- */
0xfc, 0xff, 0x07, 0x00, 0x00, 0x00, 0x00, 0xfc, 0xff, 0x03, 0x00, 0xc0, 0xff, 0x7f, 0x00, 0x00,
0x00, 0x00, 0x80, 0xff, 0xff, 0x00, 0x00, 0x00, 0xff, 0xff, 0x01, 0x00, 0x00, 0xfe, 0xff, 0x03,

/* -38- */
0xfe, 0xff, 0x03, 0x00, 0x00, 0x00, 0x00, 0xfc, 0xff, 0x03, 0x00, 0xc0, 0xff, 0x3f, 0x00, 0x00,
0x00, 0x00, 0x80, 0xff, 0xff, 0x00, 0x00, 0x00, 0xff, 0xff, 0x01, 0x00, 0x00, 0xfe, 0xff, 0x03,

/* -39- */
0xfe, 0xff, 0x03, 0x00, 0x00, 0x00, 0x00, 0xfc, 0xff, 0x03, 0x00, 0xc0, 0xff, 0x3f, 0x00, 0x00,
0x00, 0x00, 0x80, 0xff, 0xff, 0x00, 0x00, 0x00, 0xff, 0xff, 0x01, 0x00, 0x00, 0xfe, 0xff, 0x03,

/* -40- */
0xfe, 0xff, 0x03, 0x00, 0x00, 0x00, 0x00, 0xfc, 0xff, 0x03, 0x00, 0xc0, 0xff, 0x3f, 0x00, 0x00,
0x00, 0x00, 0x80, 0xff, 0xff, 0x00, 0x00, 0x00, 0xff, 0xff, 0x01, 0x00, 0x00, 0xfe, 0xff, 0x03,

/* -41- */
0xfe, 0xff, 0x03, 0x00, 0x00, 0x00, 0x00, 0xfc, 0xff, 0x03, 0x00, 0xc0, 0xff, 0x3f, 0x00, 0x00,
0x00, 0x00, 0x80, 0xff, 0xff, 0x00, 0x00, 0x00, 0xff, 0xff, 0x01, 0x00, 0x00, 0xfe, 0xff, 0x03,

/* -42- */
0xfe, 0xff, 0x03, 0x00, 0x00, 0x00, 0x00, 0xfc, 0xff, 0x03, 0x00, 0xc0, 0xff, 0x3f, 0x00, 0x00,
0x00, 0x00, 0x80, 0xff, 0xff, 0x00, 0x00, 0x00, 0xff, 0xff, 0x01, 0x00, 0x00, 0xfe, 0xff, 0x03,

/* -43- */
0xfe, 0xff, 0x03, 0x00, 0x00, 0x00, 0x00, 0xfc, 0xff, 0x03, 0x00, 0xc0, 0xff, 0x3f, 0x00, 0x00,
0x00, 0x00, 0x80, 0xff, 0xff, 0x00, 0x00, 0x00, 0xff, 0xff, 0x01, 0x00, 0x00, 0xfe, 0xff, 0x03,

/* -44- */
0xfe, 0xff, 0x03, 0x00, 0x00, 0x00, 0x00, 0xfc, 0xff, 0x03, 0x00, 0xc0, 0xff, 0x3f, 0x00, 0x00,
0x00, 0x00, 0x80, 0xff, 0xff, 0x00, 0x00, 0x00, 0xff, 0xff, 0x01, 0x00, 0x00, 0xfe, 0xff, 0x03,

/* -45- */
0xfe, 0xff, 0x03, 0x00, 0x00, 0x00, 0x00, 0xfc, 0xff, 0x03, 0x00, 0xc0, 0xff, 0x3f, 0x00, 0x00,
0x00, 0x00, 0x80, 0xff, 0xff, 0x00, 0x00, 0x00, 0xff, 0xff, 0x01, 0x00, 0x00, 0xfe, 0xff, 0x03,

/* -46- */
0xfe, 0xff, 0x03, 0x00, 0x00, 0x00, 0x00, 0xfc, 0xff, 0x03, 0x00, 0xc0, 0xff, 0x3f, 0x00, 0x00,
0x00, 0x00, 0x80, 0xff, 0xff, 0x00, 0x00, 0x00, 0xff, 0xff, 0x01, 0x00, 0x00, 0xfe, 0xff, 0x03,

/* -47- */
0xfe, 0xff, 0x03, 0x00, 0x00, 0x00, 0x00, 0xfc, 0xff, 0x03, 0x00, 0xc0, 0xff, 0x3f, 0x00, 0x00,
0x00, 0x00, 0x80, 0xff, 0xff, 0x00, 0x00, 0x00, 0xff, 0xff, 0x01, 0x00, 0x00, 0xfe, 0xff, 0x03,

/* -48- */
0xfe, 0xff, 0x03, 0x00, 0x00, 0x00, 0x00, 0xfc, 0xff, 0x03, 0x00, 0xc0, 0xff, 0x3f, 0x00, 0x00,
0x00, 0x00, 0x80, 0xff, 0xff, 0x00, 0x00, 0x00, 0xff, 0xff, 0x01, 0x00, 0x00, 0xfe, 0xff, 0x03,

/* -49- */
0xfc, 0xff, 0x07, 0x00, 0x00, 0x00, 0x00, 0xfc, 0xff, 0x03, 0x00, 0xc0, 0xff, 0x3f, 0x00, 0x00,
0x00, 0x00, 0x80, 0xff, 0xff, 0x00, 0x00, 0x00, 0xff, 0xff, 0x01, 0x00, 0x00, 0xfe, 0xff, 0x03,

/* -50- */
0xfc, 0xff, 0x07, 0x00, 0x00, 0x00, 0x00, 0xfe, 0xff, 0x03, 0x00, 0xc0, 0xff, 0x3f, 0x00, 0x00,
0x00, 0x00, 0x80, 0xff, 0xff, 0x00, 0x00, 0x00, 0xff, 0xff, 0x01, 0x00, 0x00, 0xfe, 0xff, 0x03,

/* -51- */
0xfc, 0xff, 0x07, 0x00, 0x00, 0x00, 0x00, 0xfe, 0xff, 0x03, 0x00, 0xc0, 0xff, 0x3f, 0x00, 0x00,
0x00, 0x00, 0x80, 0xff, 0xff, 0x00, 0x00, 0x00, 0xff, 0xff, 0x01, 0x00, 0x00, 0xfe, 0xff, 0x03,

/* -52- */
0xfc, 0xff, 0x07, 0x00, 0x00, 0x00, 0x00, 0xfe, 0xff, 0x03, 0x00, 0xc0, 0xff, 0x3f, 0x00, 0x00,
0x00, 0x00, 0x80, 0xff, 0xff, 0x00, 0x00, 0x00, 0xff, 0xff, 0x01, 0x00, 0x00, 0xfe, 0xff, 0x03,

/* -53- */
0xfc, 0xff, 0x0f, 0x00, 0x00, 0x00, 0x00, 0xfe, 0xff, 0x03, 0x00, 0xc0, 0xff, 0x3f, 0x00, 0x00,
0x00, 0x00, 0x80, 0xff, 0xff, 0x00, 0x00, 0x00, 0xff, 0xff, 0x01, 0x00, 0x00, 0xfe, 0xff, 0x03,

/* -54- */
0xfc, 0xff, 0x0f, 0x00, 0x00, 0x00, 0x00, 0xff, 0xff, 0x03, 0x00, 0xc0, 0xff, 0x3f, 0x00, 0x00,
0x00, 0x00, 0x80, 0xff, 0xff, 0x00, 0x00, 0x00, 0xff, 0xff, 0x01, 0x00, 0x00, 0xfe, 0xff, 0x03,

/* -55- */
0xf8, 0xff, 0x1f, 0x00, 0x00, 0x00, 0x00, 0xff, 0xff, 0x03, 0x00, 0xc0, 0xff, 0x3f, 0x00, 0x00,
0x00, 0x00, 0x80, 0xff, 0xff, 0x00, 0x00, 0x00, 0xff, 0xff, 0x01, 0x00, 0x00, 0xfe, 0xff, 0x03,

/* -56- */
0xf8, 0xff, 0x1f, 0x00, 0x00, 0x00, 0x80, 0xff, 0xff, 0x03, 0x00, 0xc0, 0xff, 0x3f, 0x00, 0x00,
0x00, 0x00, 0x80, 0xff, 0xff, 0x00, 0x00, 0x00, 0xff, 0xff, 0x01, 0x00, 0x00, 0xfe, 0xff, 0x03,

/* -57- */
0xf8, 0xff, 0x3f, 0x00, 0x00, 0x00, 0xc0, 0xff, 0xff, 0x03, 0x00, 0xc0, 0xff, 0x3f, 0x00, 0x00,
0x00, 0x00, 0x80, 0xff, 0xff, 0x00, 0x00, 0x00, 0xff, 0xff, 0x01, 0x00, 0x00, 0xfe, 0xff, 0x03,

/* -58- */
0xf0, 0xff, 0x7f, 0x00, 0x00, 0x00, 0xc0, 0xff, 0xff, 0x03, 0x00, 0xc0, 0xff, 0x3f, 0x00, 0x00,
0x00, 0x00, 0x80, 0xff, 0xff, 0x00, 0x00, 0x00, 0xff, 0xff, 0x01, 0x00, 0x00, 0xfe, 0xff, 0x03,

/* -59- */
0xf0, 0xff, 0x7f, 0x00, 0x00, 0x00, 0xe0, 0xff, 0xff, 0x03, 0x00, 0xc0, 0xff, 0x3f, 0x00, 0x00,
0x00, 0x00, 0x80, 0xff, 0xff, 0x00, 0x00, 0x00, 0xff, 0xff, 0x01, 0x00, 0x00, 0xfe, 0xff, 0x03,

/* -60- */
0xf0, 0xff, 0xff, 0x00, 0x00, 0x00, 0xf0, 0xff, 0xff, 0x03, 0x00, 0xc0, 0xff, 0x3f, 0x00, 0x00,
0x00, 0x00, 0x80, 0xff, 0xff, 0x00, 0x00, 0x00, 0xff, 0xff, 0x01, 0x00, 0x00, 0xfe, 0xff, 0x03,

/* -61- */
0xe0, 0xff, 0xff, 0x01, 0x00, 0x00, 0xf8, 0xff, 0xff, 0x03, 0x00, 0xc0, 0xff, 0x3f, 0x00, 0x00,
0x00, 0x00, 0x80, 0xff, 0xff, 0x00, 0x00, 0x00, 0xff, 0xff, 0x01, 0x00, 0x00, 0xfe, 0xff, 0x03,

/* -62- */
0xe0, 0xff, 0xff, 0x03, 0x00, 0x00, 0xfc, 0xff, 0xff, 0x03, 0x00, 0xc0, 0xff, 0x3f, 0x00, 0x00,
0x00, 0x00, 0x80, 0xff, 0xff, 0x00, 0x00, 0x00, 0xff, 0xff, 0x01, 0x00, 0x00, 0xfe, 0xff, 0x03,

/* -63- */
0xc0, 0xff, 0xff, 0x0f, 0x00, 0x00, 0xff, 0xff, 0xff, 0x03, 0x00, 0xc0, 0xff, 0x3f, 0x00, 0x00,
0x00, 0x00, 0x80, 0xff, 0xff, 0x00, 0x00, 0x00, 0xff, 0xff, 0x01, 0x00, 0x00, 0xfe, 0xff, 0x03,

/* -64- */
0x80, 0xff, 0xff, 0x3f, 0x00, 0xc0, 0xff, 0xff, 0xff, 0x03, 0x00, 0xc0, 0xff, 0x3f, 0x00, 0x00,
0x00, 0x00, 0x80, 0xff, 0xff, 0x00, 0x00, 0x00, 0xff, 0xff, 0x01, 0x00, 0x00, 0xfe, 0xff, 0x03,

/* -65- */
0x80, 0xff, 0xff, 0xff, 0x00, 0xf0, 0xff, 0xff, 0xff, 0x03, 0x00, 0xc0, 0xff, 0x3f, 0x00, 0x00,
0x00, 0x00, 0x80, 0xff, 0xff, 0x00, 0x00, 0x00, 0xff, 0xff, 0x01, 0x00, 0x00, 0xfe, 0xff, 0x03,

/* -66- */
0x00, 0xff, 0xff, 0xff, 0xff, 0xff, 0xff, 0xff, 0xff, 0x03, 0x00, 0xc0, 0xff, 0x3f, 0x00, 0x00,
0x00, 0x00, 0x80, 0xff, 0xff, 0x00, 0x00, 0x00, 0xff, 0xff, 0x01, 0x00, 0x00, 0xfe, 0xff, 0x03,

/* -67- */
0x00, 0xff, 0xff, 0xff, 0xff, 0xff, 0xff, 0xff, 0xff, 0x03, 0x00, 0xc0, 0xff, 0x3f, 0x00, 0x00,
0x00, 0x00, 0x80, 0xff, 0xff, 0x00, 0x00, 0x00, 0xff, 0xff, 0x01, 0x00, 0x00, 0xfe, 0xff, 0x03,

/* -68- */
0x00, 0xfe, 0xff, 0xff, 0xff, 0xff, 0xff, 0xff, 0xff, 0x03, 0x00, 0xc0, 0xff, 0x3f, 0x00, 0x00,
0x00, 0x00, 0x80, 0xff, 0xff, 0x00, 0x00, 0x00, 0xff, 0xff, 0x01, 0x00, 0x00, 0xfe, 0xff, 0x03,

/* -69- */
0x00, 0xfc, 0xff, 0xff, 0xff, 0xff, 0xff, 0xff, 0xff, 0x03, 0x00, 0xc0, 0xff, 0x3f, 0x00, 0x00,
0x00, 0x00, 0x80, 0xff, 0xff, 0x00, 0x00, 0x00, 0xff, 0xff, 0x01, 0x00, 0x00, 0xfe, 0xff, 0x03,

/* -70- */
0x00, 0xf8, 0xff, 0xff, 0xff, 0xff, 0xff, 0xff, 0xff, 0x03, 0x00, 0xc0, 0xff, 0x3f, 0x00, 0x00,
0x00, 0x00, 0x80, 0xff, 0xff, 0x00, 0x00, 0x00, 0xff, 0xff, 0x01, 0x00, 0x00, 0xfe, 0xff, 0x03,

/* -71- */
0x00, 0xf0, 0xff, 0xff, 0xff, 0xff, 0xff, 0xff, 0xff, 0x03, 0x00, 0xc0, 0xff, 0x3f, 0x00, 0x00,
0x00, 0x00, 0x80, 0xff, 0xff, 0x00, 0x00, 0x00, 0xff, 0xff, 0x01, 0x00, 0x00, 0xfe, 0xff, 0x03,

/* -72- */
0x00, 0xe0, 0xff, 0xff, 0xff, 0xff, 0xff, 0xff, 0xff, 0x03, 0x00, 0xc0, 0xff, 0x3f, 0x00, 0x00,
0x00, 0x00, 0x80, 0xff, 0xff, 0x00, 0x00, 0x00, 0xff, 0xff, 0x01, 0x00, 0x00, 0xfe, 0xff, 0x03,

/* -73- */
0x00, 0xc0, 0xff, 0xff, 0xff, 0xff, 0xff, 0xfe, 0xff, 0x03, 0x00, 0xc0, 0xff, 0x3f, 0x00, 0x00,
0x00, 0x00, 0x80, 0xff, 0xff, 0x00, 0x00, 0x00, 0xff, 0xff, 0x01, 0x00, 0x00, 0xfe, 0xff, 0x03,

/* -74- */
0x00, 0x80, 0xff, 0xff, 0xff, 0xff, 0x3f, 0xfe, 0xff, 0x03, 0x00, 0xc0, 0xff, 0x3f, 0x00, 0x00,
0x00, 0x00, 0x80, 0xff, 0xff, 0x00, 0x00, 0x00, 0xff, 0xff, 0x01, 0x00, 0x00, 0xfe, 0xff, 0x03,

/* -75- */
0x00, 0x00, 0xff, 0xff, 0xff, 0xff, 0x1f, 0xfe, 0xff, 0x03, 0x00, 0xc0, 0xff, 0x3f, 0x00, 0x00,
0x00, 0x00, 0x80, 0xff, 0xff, 0x00, 0x00, 0x00, 0xff, 0xff, 0x01, 0x00, 0x00, 0xfe, 0xff, 0x03,

/* -76- */
0x00, 0x00, 0xfc, 0xff, 0xff, 0xff, 0x0f, 0xfe, 0xff, 0x03, 0x00, 0xc0, 0xff, 0x3f, 0x00, 0x00,
0x00, 0x00, 0x80, 0xff, 0xff, 0x00, 0x00, 0x00, 0xff, 0xff, 0x01, 0x00, 0x00, 0xfe, 0xff, 0x03,

/* -77- */
0x00, 0x00, 0xf0, 0xff, 0xff, 0xff, 0x03, 0xfe, 0xff, 0x03, 0x00, 0xc0, 0xff, 0x3f, 0x00, 0x00,
0x00, 0x00, 0x80, 0xff, 0xff, 0x00, 0x00, 0x00, 0xff, 0xff, 0x01, 0x00, 0x00, 0xfe, 0xff, 0x03,

/* -78- */
0x00, 0x00, 0xc0, 0xff, 0xff, 0xff, 0x01, 0xfe, 0xff, 0x03, 0x00, 0xc0, 0xff, 0x3f, 0x00, 0x00,
0x00, 0x00, 0x80, 0xff, 0xff, 0x00, 0x00, 0x00, 0xff, 0xff, 0x01, 0x00, 0x00, 0xfe, 0xff, 0x03,

/* -79- */
0x00, 0x00, 0x00, 0xff, 0xff, 0x3f, 0x00, 0x00, 0x00, 0x00, 0x00, 0x00, 0x00, 0x00, 0x00, 0x00,
0x00, 0x00, 0x00, 0x00, 0x00, 0x00, 0x00, 0x00, 0x00, 0x00, 0x00, 0x00, 0x00, 0x00, 0x00, 0x00,

/* -80- */
0x00, 0x00, 0x00, 0xf0, 0xff, 0x07, 0x00, 0x00, 0x00, 0x00, 0x00, 0x00, 0x00, 0x00, 0x00, 0x00,
0x00, 0x00, 0x00, 0x00, 0x00, 0x00, 0x00, 0x00, 0x00, 0x00, 0x00, 0x00, 0x00, 0x00, 0x00, 0x00,

};

ARM_ALIGN(4) ARM_SECTION("arm2d.asset.c_bmpArmLogoA2Alpha")
static const uint8_t c_bmpArmLogoA2Alpha[63*81] = {
/* -0- */
0x00, 0x00, 0x00, 0x00, 0x00, 0x00, 0x00, 0x00, 0x00, 0x00, 0x00, 0x00, 0x00, 0x00, 0x00, 0x00,
0x00, 0x00, 0x00, 0x00, 0x00, 0x00, 0x00, 0x00, 0x00, 0x00, 0x00, 0x00, 0x00, 0x00, 0x00, 0x00,
0x00, 0x00, 0x00, 0x00, 0x00, 0x00, 0x00, 0x00, 0x00, 0x00, 0x00, 0x00, 0x00, 0x00, 0x00, 0x00,
0x00, 0x00, 0x00, 0x00, 0x00, 0x00, 0x00, 0x00, 0x00, 0x00, 0x00, 0x00, 0x00, 0x00, 0x00, 
/* -1- */
0x00, 0x00, 0x00, 0x00, 0x00, 0x00, 0x00, 0x00, 0x00, 0x00, 0x00, 0x00, 0x00, 0x00, 0x00, 0x00,
0x00, 0x00, 0x00, 0x00, 0x00, 0x00, 0x00, 0x00, 0x00, 0x00, 0x00, 0x00, 0x00, 0x00, 0x00, 0x00,
0x00, 0x00, 0x00, 0x00, 0x00, 0x00, 0x00, 0x00, 0x00, 0x00, 0x00, 0x00, 0x00, 0x00, 0x00, 0x00,
0x00, 0x00, 0x00, 0x00, 0x00, 0x00, 0x00, 0x00, 0x00, 0x00, 0x00, 0x00, 0x00, 0x00, 0x00, 
/* -2- */
0x00, 0x00, 0x00, 0x00, 0x00, 0x00, 0x00, 0x00, 0x00, 0x00, 0x00, 0x00, 0x00, 0x00, 0x00, 0x00,
0x00, 0x00, 0x00, 0x00, 0x00, 0x00, 0x00, 0x00, 0x00, 0x00, 0x00, 0x00, 0x00, 0x00, 0x00, 0x00,
0x00, 0x00, 0x00, 0x00, 0x00, 0x00, 0x00, 0x00, 0x00, 0x00, 0x00, 0x00, 0x00, 0x00, 0x00, 0x00,
0x00, 0x00, 0x00, 0x00, 0x00, 0x00, 0x00, 0x00, 0x00, 0x00, 0x00, 0x00, 0x00, 0x00, 0x00, 
/* -3- */
0x00, 0x00, 0x00, 0x00, 0x00, 0x00, 0x00, 0x00, 0x00, 0x00, 0x00, 0x00, 0x00, 0x00, 0x00, 0x00,
0x00, 0x00, 0x00, 0x00, 0x00, 0x00, 0x00, 0x00, 0x00, 0x00, 0x00, 0x00, 0x00, 0x00, 0x00, 0x00,
0x00, 0x00, 0x00, 0x00, 0x00, 0x00, 0x00, 0x00, 0x00, 0x00, 0x00, 0x00, 0x00, 0x00, 0x00, 0x00,
0x00, 0x00, 0x00, 0x00, 0x00, 0x00, 0x00, 0x00, 0x00, 0x00, 0x00, 0x00, 0x00, 0x00, 0x00, 
/* -4- */
0x00, 0x00, 0x00, 0x00, 0x00, 0x00, 0x00, 0x00, 0x00, 0x00, 0x00, 0x00, 0x00, 0x00, 0x00, 0x00,
0x00, 0x00, 0x00, 0x00, 0x00, 0x00, 0x00, 0x00, 0x00, 0x00, 0x00, 0x00, 0x00, 0x00, 0x00, 0x00,
0x00, 0x00, 0x00, 0x00, 0x00, 0x00, 0x00, 0x00, 0x00, 0x00, 0x00, 0x00, 0x00, 0x00, 0x00, 0x00,
0x00, 0x00, 0x00, 0x00, 0x00, 0x00, 0x00, 0x00, 0x00, 0x00, 0x00, 0x00, 0x00, 0x00, 0x00, 
/* -5- */
0x00, 0x00, 0x00, 0x00, 0x00, 0x00, 0x00, 0x00, 0x50, 0x05, 0x00, 0x00, 0x00, 0x00, 0x00, 0x00,
0x00, 0x00, 0x00, 0x00, 0x00, 0x00, 0x00, 0x00, 0x00, 0x00, 0x00, 0x00, 0x00, 0x00, 0x00, 0x55,
0x15, 0x00, 0x00, 0x00, 0x00, 0x00, 0x00, 0x00, 0x00, 0x00, 0x00, 0x00, 0x00, 0x50, 0x55, 0x01,
0x00, 0x00, 0x00, 0x00, 0x00, 0x00, 0x00, 0x50, 0x55, 0x01, 0x00, 0x00, 0x00, 0x00, 0x00, 
/* -6- */
0x00, 0x00, 0x00, 0x00, 0x00, 0x00, 0x40, 0xfa, 0xff, 0xff, 0x6f, 0x00, 0x00, 0x00, 0x00, 0x00,
0x00, 0x00, 0x00, 0x00, 0x00, 0x00, 0x00, 0x00, 0x00, 0x00, 0x00, 0x00, 0x00, 0x00, 0xf9, 0xff,
0xff, 0x6f, 0x00, 0x00, 0x00, 0x00, 0x00, 0x00, 0x00, 0x00, 0x00, 0x00, 0x90, 0xff, 0xff, 0xbf,
0x01, 0x00, 0x00, 0x00, 0x00, 0x00, 0xe4, 0xff, 0xff, 0xff, 0x06, 0x00, 0x00, 0x00, 0x00, 
/* -7- */
0x00, 0x00, 0x00, 0x00, 0x00, 0x00, 0xf9, 0xff, 0xff, 0xff, 0xff, 0x1b, 0x00, 0x00, 0x54, 0x55,
0x55, 0x55, 0x05, 0x00, 0x00, 0x00, 0x00, 0xa0, 0xaa, 0xaa, 0xaa, 0x0a, 0x00, 0xe4, 0xff, 0xff,
0xff, 0xff, 0x1b, 0x00, 0x00, 0x40, 0xaa, 0xaa, 0xaa, 0x6a, 0x00, 0x00, 0xfe, 0xff, 0xff, 0xff,
0x6f, 0x00, 0x00, 0x00, 0x00, 0x90, 0xff, 0xff, 0xff, 0xff, 0xbf, 0x00, 0x00, 0x00, 0x00, 
/* -8- */
0x00, 0x00, 0x00, 0x00, 0x00, 0xe4, 0xff, 0xff, 0xff, 0xff, 0xff, 0xff, 0x01, 0x00, 0xfc, 0xff,
0xff, 0xff, 0x0b, 0x00, 0x00, 0x00, 0x00, 0xf4, 0xff, 0xff, 0xff, 0x1f, 0x00, 0xfe, 0xff, 0xff,
0xff, 0xff, 0xbf, 0x00, 0x00, 0x80, 0xff, 0xff, 0xff, 0xff, 0x00, 0xe0, 0xff, 0xff, 0xff, 0xff,
0xff, 0x02, 0x00, 0x00, 0x00, 0xf9, 0xff, 0xff, 0xff, 0xff, 0xff, 0x0b, 0x00, 0x00, 0x00, 
/* -9- */
0x00, 0x00, 0x00, 0x00, 0x40, 0xff, 0xff, 0xff, 0xff, 0xff, 0xff, 0xff, 0x1f, 0x00, 0xf8, 0xff,
0xff, 0xff, 0x0b, 0x00, 0x00, 0x00, 0x00, 0xf4, 0xff, 0xff, 0xff, 0x1f, 0xc0, 0xff, 0xff, 0xff,
0xff, 0xff, 0xff, 0x01, 0x00, 0x80, 0xff, 0xff, 0xff, 0xff, 0x00, 0xfd, 0xff, 0xff, 0xff, 0xff,
0xff, 0x1f, 0x00, 0x00, 0x80, 0xff, 0xff, 0xff, 0xff, 0xff, 0xff, 0x7f, 0x00, 0x00, 0x00, 
/* -10- */
0x00, 0x00, 0x00, 0x00, 0xe0, 0xff, 0xff, 0xff, 0xff, 0xff, 0xff, 0xff, 0xbf, 0x00, 0xf8, 0xff,
0xff, 0xff, 0x0b, 0x00, 0x00, 0x00, 0x00, 0xf4, 0xff, 0xff, 0xff, 0x1f, 0xf4, 0xff, 0xff, 0xff,
0xff, 0xff, 0xff, 0x00, 0x00, 0x80, 0xff, 0xff, 0xff, 0xff, 0x40, 0xff, 0xff, 0xff, 0xff, 0xff,
0xff, 0xbf, 0x00, 0x00, 0xf4, 0xff, 0xff, 0xff, 0xff, 0xff, 0xff, 0xff, 0x02, 0x00, 0x00, 
/* -11- */
0x00, 0x00, 0x00, 0x00, 0xfd, 0xff, 0xff, 0xff, 0xff, 0xff, 0xff, 0xff, 0xff, 0x02, 0xf8, 0xff,
0xff, 0xff, 0x0b, 0x00, 0x00, 0x00, 0x00, 0xf4, 0xff, 0xff, 0xff, 0x1f, 0xfd, 0xff, 0xff, 0xff,
0xff, 0xff, 0x7f, 0x00, 0x00, 0x80, 0xff, 0xff, 0xff, 0xff, 0xe0, 0xff, 0xff, 0xff, 0xff, 0xff,
0xff, 0xff, 0x02, 0x00, 0xfd, 0xff, 0xff, 0xff, 0xff, 0xff, 0xff, 0xff, 0x0b, 0x00, 0x00, 
/* -12- */
0x00, 0x00, 0x00, 0x80, 0xff, 0xff, 0xff, 0xff, 0xff, 0xff, 0xff, 0xff, 0xff, 0x0f, 0xf8, 0xff,
0xff, 0xff, 0x0b, 0x00, 0x00, 0x00, 0x00, 0xf4, 0xff, 0xff, 0xff, 0x5f, 0xff, 0xff, 0xff, 0xff,
0xff, 0xff, 0x3f, 0x00, 0x00, 0x80, 0xff, 0xff, 0xff, 0xff, 0xf8, 0xff, 0xff, 0xff, 0xff, 0xff,
0xff, 0xff, 0x0b, 0x80, 0xff, 0xff, 0xff, 0xff, 0xff, 0xff, 0xff, 0xff, 0x2f, 0x00, 0x00, 
/* -13- */
0x00, 0x00, 0x00, 0xf4, 0xff, 0xff, 0xff, 0xff, 0xff, 0xff, 0xff, 0xff, 0xff, 0x3f, 0xf8, 0xff,
0xff, 0xff, 0x0b, 0x00, 0x00, 0x00, 0x00, 0xf4, 0xff, 0xff, 0xff, 0xef, 0xff, 0xff, 0xff, 0xff,
0xff, 0xff, 0x2f, 0x00, 0x00, 0x80, 0xff, 0xff, 0xff, 0xff, 0xfe, 0xff, 0xff, 0xff, 0xff, 0xff,
0xff, 0xff, 0x2f, 0xe0, 0xff, 0xff, 0xff, 0xff, 0xff, 0xff, 0xff, 0xff, 0xbf, 0x00, 0x00, 
/* -14- */
0x00, 0x00, 0x00, 0xfd, 0xff, 0xff, 0xff, 0xff, 0xff, 0xff, 0xff, 0xff, 0xff, 0xff, 0xf8, 0xff,
0xff, 0xff, 0x0b, 0x00, 0x00, 0x00, 0x00, 0xf4, 0xff, 0xff, 0xff, 0xff, 0xff, 0xff, 0xff, 0xff,
0xff, 0xff, 0x0f, 0x00, 0x00, 0x80, 0xff, 0xff, 0xff, 0xff, 0xff, 0xff, 0xff, 0xff, 0xff, 0xff,
0xff, 0xff, 0x7f, 0xf4, 0xff, 0xff, 0xff, 0xff, 0xff, 0xff, 0xff, 0xff, 0xff, 0x01, 0x00, 
/* -15- */
0x00, 0x00, 0x40, 0xff, 0xff, 0xff, 0xff, 0xff, 0xff, 0xff, 0xff, 0xff, 0xff, 0xff, 0xff, 0xff,
0xff, 0xff, 0x0b, 0x00, 0x00, 0x00, 0x00, 0xf4, 0xff, 0xff, 0xff, 0xff, 0xff, 0xff, 0xff, 0xff,
0xff, 0xff, 0x0b, 0x00, 0x00, 0x80, 0xff, 0xff, 0xff, 0xff, 0xff, 0xff, 0xff, 0xff, 0xff, 0xff,
0xff, 0xff, 0xff, 0xfd, 0xff, 0xff, 0xff, 0xff, 0xff, 0xff, 0xff, 0xff, 0xff, 0x07, 0x00, 
/* -16- */
0x00, 0x00, 0xd0, 0xff, 0xff, 0xff, 0xff, 0xff, 0xff, 0xff, 0xff, 0xff, 0xff, 0xff, 0xff, 0xff,
0xff, 0xff, 0x0b, 0x00, 0x00, 0x00, 0x00, 0xf4, 0xff, 0xff, 0xff, 0xff, 0xff, 0xff, 0xff, 0xff,
0xff, 0xff, 0x07, 0x00, 0x00, 0x80, 0xff, 0xff, 0xff, 0xff, 0xff, 0xff, 0xff, 0xff, 0xff, 0xff,
0xff, 0xff, 0xff, 0xff, 0xff, 0xff, 0xff, 0xff, 0xff, 0xff, 0xff, 0xff, 0xff, 0x0f, 0x00, 
/* -17- */
0x00, 0x00, 0xf4, 0xff, 0xff, 0xff, 0xff, 0xff, 0xff, 0xff, 0xff, 0xff, 0xff, 0xff, 0xff, 0xff,
0xff, 0xff, 0x0b, 0x00, 0x00, 0x00, 0x00, 0xf4, 0xff, 0xff, 0xff, 0xff, 0xff, 0xff, 0xff, 0xff,
0xff, 0xff, 0x02, 0x00, 0x00, 0x80, 0xff, 0xff, 0xff, 0xff, 0xff, 0xff, 0xff, 0xff, 0xff, 0xff,
0xff, 0xff, 0xff, 0xff, 0xff, 0xff, 0xff, 0xff, 0xff, 0xff, 0xff, 0xff, 0xff, 0x1f, 0x00, 
/* -18- */
0x00, 0x00, 0xfc, 0xff, 0xff, 0xff, 0xff, 0xff, 0xff, 0xff, 0xff, 0xff, 0xff, 0xff, 0xff, 0xff,
0xff, 0xff, 0x0b, 0x00, 0x00, 0x00, 0x00, 0xf4, 0xff, 0xff, 0xff, 0xff, 0xff, 0xff, 0xff, 0xff,
0xff, 0xff, 0x01, 0x00, 0x00, 0x80, 0xff, 0xff, 0xff, 0xff, 0xff, 0xff, 0xff, 0xff, 0xff, 0xff,
0xff, 0xff, 0xff, 0xff, 0xff, 0xff, 0xff, 0xff, 0xff, 0xff, 0xff, 0xff, 0xff, 0x3f, 0x00, 
/* -19- */
0x00, 0x00, 0xfe, 0xff, 0xff, 0xff, 0xff, 0xff, 0xff, 0xff, 0xff, 0xff, 0xff, 0xff, 0xff, 0xff,
0xff, 0xff, 0x0b, 0x00, 0x00, 0x00, 0x00, 0xf4, 0xff, 0xff, 0xff, 0xff, 0xff, 0xff, 0xff, 0xff,
0xff, 0xff, 0x00, 0x00, 0x00, 0x80, 0xff, 0xff, 0xff, 0xff, 0xff, 0xff, 0xff, 0xff, 0xff, 0xff,
0xff, 0xff, 0xff, 0xff, 0xff, 0xff, 0xff, 0xff, 0xff, 0xff, 0xff, 0xff, 0xff, 0x7f, 0x00, 
/* -20- */
0x00, 0x40, 0xff, 0xff, 0xff, 0xff, 0xff, 0xff, 0xff, 0xaa, 0xff, 0xff, 0xff, 0xff, 0xff, 0xff,
0xff, 0xff, 0x0b, 0x00, 0x00, 0x00, 0x00, 0xf4, 0xff, 0xff, 0xff, 0xff, 0xff, 0xff, 0xff, 0xff,
0xff, 0x7f, 0x00, 0x00, 0x00, 0x80, 0xff, 0xff, 0xff, 0xff, 0xff, 0xff, 0xbf, 0xaa, 0xff, 0xff,
0xff, 0xff, 0xff, 0xff, 0xff, 0xff, 0xff, 0xaa, 0xff, 0xff, 0xff, 0xff, 0xff, 0xbf, 0x00, 
/* -21- */
0x00, 0xc0, 0xff, 0xff, 0xff, 0xff, 0xff, 0xbf, 0x01, 0x00, 0x40, 0xfe, 0xff, 0xff, 0xff, 0xff,
0xff, 0xff, 0x0b, 0x00, 0x00, 0x00, 0x00, 0xf4, 0xff, 0xff, 0xff, 0xff, 0xff, 0xff, 0xab, 0xaa,
0xff, 0x3f, 0x00, 0x00, 0x00, 0x80, 0xff, 0xff, 0xff, 0xff, 0xff, 0xff, 0x02, 0x00, 0xf4, 0xff,
0xff, 0xff, 0xff, 0xff, 0xff, 0xff, 0x0b, 0x00, 0xd0, 0xff, 0xff, 0xff, 0xff, 0xff, 0x00, 
/* -22- */
0x00, 0xe0, 0xff, 0xff, 0xff, 0xff, 0xff, 0x0b, 0x00, 0x00, 0x00, 0xd0, 0xff, 0xff, 0xff, 0xff,
0xff, 0xff, 0x0b, 0x00, 0x00, 0x00, 0x00, 0xf4, 0xff, 0xff, 0xff, 0xff, 0xff, 0x6f, 0x00, 0x00,
0x90, 0x2f, 0x00, 0x00, 0x00, 0x80, 0xff, 0xff, 0xff, 0xff, 0xff, 0x2f, 0x00, 0x00, 0x80, 0xff,
0xff, 0xff, 0xff, 0xff, 0xff, 0xbf, 0x00, 0x00, 0x00, 0xfe, 0xff, 0xff, 0xff, 0xff, 0x01, 
/* -23- */
0x00, 0xf4, 0xff, 0xff, 0xff, 0xff, 0xbf, 0x00, 0x00, 0x00, 0x00, 0x00, 0xfd, 0xff, 0xff, 0xff,
0xff, 0xff, 0x0b, 0x00, 0x00, 0x00, 0x00, 0xf4, 0xff, 0xff, 0xff, 0xff, 0xff, 0x07, 0x00, 0x00,
0x00, 0x09, 0x00, 0x00, 0x00, 0x80, 0xff, 0xff, 0xff, 0xff, 0xff, 0x07, 0x00, 0x00, 0x00, 0xfd,
0xff, 0xff, 0xff, 0xff, 0xff, 0x1f, 0x00, 0x00, 0x00, 0xf8, 0xff, 0xff, 0xff, 0xff, 0x02, 
/* -24- */
0x00, 0xfc, 0xff, 0xff, 0xff, 0xff, 0x1f, 0x00, 0x00, 0x00, 0x00, 0x00, 0xf0, 0xff, 0xff, 0xff,
0xff, 0xff, 0x0b, 0x00, 0x00, 0x00, 0x00, 0xf4, 0xff, 0xff, 0xff, 0xff, 0xff, 0x00, 0x00, 0x00,
0x00, 0x00, 0x00, 0x00, 0x00, 0x80, 0xff, 0xff, 0xff, 0xff, 0xff, 0x01, 0x00, 0x00, 0x00, 0xf8,
0xff, 0xff, 0xff, 0xff, 0xff, 0x07, 0x00, 0x00, 0x00, 0xe0, 0xff, 0xff, 0xff, 0xff, 0x02, 
/* -25- */
0x00, 0xfd, 0xff, 0xff, 0xff, 0xff, 0x07, 0x00, 0x00, 0x00, 0x00, 0x00, 0x80, 0xff, 0xff, 0xff,
0xff, 0xff, 0x0b, 0x00, 0x00, 0x00, 0x00, 0xf4, 0xff, 0xff, 0xff, 0xff, 0x3f, 0x00, 0x00, 0x00,
0x00, 0x00, 0x00, 0x00, 0x00, 0x80, 0xff, 0xff, 0xff, 0xff, 0x7f, 0x00, 0x00, 0x00, 0x00, 0xf0,
0xff, 0xff, 0xff, 0xff, 0xff, 0x01, 0x00, 0x00, 0x00, 0xc0, 0xff, 0xff, 0xff, 0xff, 0x03, 
/* -26- */
0x00, 0xfe, 0xff, 0xff, 0xff, 0xff, 0x01, 0x00, 0x00, 0x00, 0x00, 0x00, 0x00, 0xfe, 0xff, 0xff,
0xff, 0xff, 0x0b, 0x00, 0x00, 0x00, 0x00, 0xf4, 0xff, 0xff, 0xff, 0xff, 0x0f, 0x00, 0x00, 0x00,
0x00, 0x00, 0x00, 0x00, 0x00, 0x80, 0xff, 0xff, 0xff, 0xff, 0x3f, 0x00, 0x00, 0x00, 0x00, 0xe0,
0xff, 0xff, 0xff, 0xff, 0xbf, 0x00, 0x00, 0x00, 0x00, 0x80, 0xff, 0xff, 0xff, 0xff, 0x03, 
/* -27- */
0x00, 0xff, 0xff, 0xff, 0xff, 0x7f, 0x00, 0x00, 0x00, 0x00, 0x00, 0x00, 0x00, 0xfc, 0xff, 0xff,
0xff, 0xff, 0x0b, 0x00, 0x00, 0x00, 0x00, 0xf4, 0xff, 0xff, 0xff, 0xff, 0x07, 0x00, 0x00, 0x00,
0x00, 0x00, 0x00, 0x00, 0x00, 0x80, 0xff, 0xff, 0xff, 0xff, 0x1f, 0x00, 0x00, 0x00, 0x00, 0xc0,
0xff, 0xff, 0xff, 0xff, 0x3f, 0x00, 0x00, 0x00, 0x00, 0x40, 0xff, 0xff, 0xff, 0xff, 0x07, 
/* -28- */
0x80, 0xff, 0xff, 0xff, 0xff, 0x2f, 0x00, 0x00, 0x00, 0x00, 0x00, 0x00, 0x00, 0xf4, 0xff, 0xff,
0xff, 0xff, 0x0b, 0x00, 0x00, 0x00, 0x00, 0xf4, 0xff, 0xff, 0xff, 0xff, 0x02, 0x00, 0x00, 0x00,
0x00, 0x00, 0x00, 0x00, 0x00, 0x80, 0xff, 0xff, 0xff, 0xff, 0x0f, 0x00, 0x00, 0x00, 0x00, 0xc0,
0xff, 0xff, 0xff, 0xff, 0x2f, 0x00, 0x00, 0x00, 0x00, 0x00, 0xff, 0xff, 0xff, 0xff, 0x07, 
/* -29- */
0x80, 0xff, 0xff, 0xff, 0xff, 0x0f, 0x00, 0x00, 0x00, 0x00, 0x00, 0x00, 0x00, 0xe0, 0xff, 0xff,
0xff, 0xff, 0x0b, 0x00, 0x00, 0x00, 0x00, 0xf4, 0xff, 0xff, 0xff, 0xff, 0x01, 0x00, 0x00, 0x00,
0x00, 0x00, 0x00, 0x00, 0x00, 0x80, 0xff, 0xff, 0xff, 0xff, 0x07, 0x00, 0x00, 0x00, 0x00, 0x80,
0xff, 0xff, 0xff, 0xff, 0x1f, 0x00, 0x00, 0x00, 0x00, 0x00, 0xfe, 0xff, 0xff, 0xff, 0x0b, 
/* -30- */
0xc0, 0xff, 0xff, 0xff, 0xff, 0x07, 0x00, 0x00, 0x00, 0x00, 0x00, 0x00, 0x00, 0xc0, 0xff, 0xff,
0xff, 0xff, 0x0b, 0x00, 0x00, 0x00, 0x00, 0xf4, 0xff, 0xff, 0xff, 0xff, 0x00, 0x00, 0x00, 0x00,
0x00, 0x00, 0x00, 0x00, 0x00, 0x80, 0xff, 0xff, 0xff, 0xff, 0x03, 0x00, 0x00, 0x00, 0x00, 0x40,
0xff, 0xff, 0xff, 0xff, 0x0f, 0x00, 0x00, 0x00, 0x00, 0x00, 0xfe, 0xff, 0xff, 0xff, 0x0b, 
/* -31- */
0xd0, 0xff, 0xff, 0xff, 0xff, 0x02, 0x00, 0x00, 0x00, 0x00, 0x00, 0x00, 0x00, 0x40, 0xff, 0xff,
0xff, 0xff, 0x0b, 0x00, 0x00, 0x00, 0x00, 0xf4, 0xff, 0xff, 0xff, 0xbf, 0x00, 0x00, 0x00, 0x00,
0x00, 0x00, 0x00, 0x00, 0x00, 0x80, 0xff, 0xff, 0xff, 0xff, 0x03, 0x00, 0x00, 0x00, 0x00, 0x40,
0xff, 0xff, 0xff, 0xff, 0x0b, 0x00, 0x00, 0x00, 0x00, 0x00, 0xfd, 0xff, 0xff, 0xff, 0x0b, 
/* -32- */
0xe0, 0xff, 0xff, 0xff, 0xff, 0x01, 0x00, 0x00, 0x00, 0x00, 0x00, 0x00, 0x00, 0x00, 0xff, 0xff,
0xff, 0xff, 0x0b, 0x00, 0x00, 0x00, 0x00, 0xf4, 0xff, 0xff, 0xff, 0x7f, 0x00, 0x00, 0x00, 0x00,
0x00, 0x00, 0x00, 0x00, 0x00, 0x80, 0xff, 0xff, 0xff, 0xff, 0x02, 0x00, 0x00, 0x00, 0x00, 0x40,
0xff, 0xff, 0xff, 0xff, 0x07, 0x00, 0x00, 0x00, 0x00, 0x00, 0xfd, 0xff, 0xff, 0xff, 0x0b, 
/* -33- */
0xf0, 0xff, 0xff, 0xff, 0xff, 0x00, 0x00, 0x00, 0x00, 0x00, 0x00, 0x00, 0x00, 0x00, 0xfd, 0xff,
0xff, 0xff, 0x0b, 0x00, 0x00, 0x00, 0x00, 0xf4, 0xff, 0xff, 0xff, 0x3f, 0x00, 0x00, 0x00, 0x00,
0x00, 0x00, 0x00, 0x00, 0x00, 0x80, 0xff, 0xff, 0xff, 0xff, 0x01, 0x00, 0x00, 0x00, 0x00, 0x00,
0xff, 0xff, 0xff, 0xff, 0x07, 0x00, 0x00, 0x00, 0x00, 0x00, 0xfd, 0xff, 0xff, 0xff, 0x0f, 
/* -34- */
0xf0, 0xff, 0xff, 0xff, 0x7f, 0x00, 0x00, 0x00, 0x00, 0x00, 0x00, 0x00, 0x00, 0x00, 0xfd, 0xff,
0xff, 0xff, 0x0b, 0x00, 0x00, 0x00, 0x00, 0xf4, 0xff, 0xff, 0xff, 0x3f, 0x00, 0x00, 0x00, 0x00,
0x00, 0x00, 0x00, 0x00, 0x00, 0x80, 0xff, 0xff, 0xff, 0xff, 0x01, 0x00, 0x00, 0x00, 0x00, 0x00,
0xff, 0xff, 0xff, 0xff, 0x03, 0x00, 0x00, 0x00, 0x00, 0x00, 0xfd, 0xff, 0xff, 0xff, 0x0f, 
/* -35- */
0xf4, 0xff, 0xff, 0xff, 0x3f, 0x00, 0x00, 0x00, 0x00, 0x00, 0x00, 0x00, 0x00, 0x00, 0xfc, 0xff,
0xff, 0xff, 0x0b, 0x00, 0x00, 0x00, 0x00, 0xf4, 0xff, 0xff, 0xff, 0x2f, 0x00, 0x00, 0x00, 0x00,
0x00, 0x00, 0x00, 0x00, 0x00, 0x80, 0xff, 0xff, 0xff, 0xff, 0x01, 0x00, 0x00, 0x00, 0x00, 0x00,
0xff, 0xff, 0xff, 0xff, 0x03, 0x00, 0x00, 0x00, 0x00, 0x00, 0xfd, 0xff, 0xff, 0xff, 0x0f, 
/* -36- */
0xf4, 0xff, 0xff, 0xff, 0x3f, 0x00, 0x00, 0x00, 0x00, 0x00, 0x00, 0x00, 0x00, 0x00, 0xf8, 0xff,
0xff, 0xff, 0x0b, 0x00, 0x00, 0x00, 0x00, 0xf4, 0xff, 0xff, 0xff, 0x2f, 0x00, 0x00, 0x00, 0x00,
0x00, 0x00, 0x00, 0x00, 0x00, 0x80, 0xff, 0xff, 0xff, 0xff, 0x00, 0x00, 0x00, 0x00, 0x00, 0x00,
0xff, 0xff, 0xff, 0xff, 0x03, 0x00, 0x00, 0x00, 0x00, 0x00, 0xfc, 0xff, 0xff, 0xff, 0x0f, 
/* -37- */
0xf4, 0xff, 0xff, 0xff, 0x2f, 0x00, 0x00, 0x00, 0x00, 0x00, 0x00, 0x00, 0x00, 0x00, 0xf4, 0xff,
0xff, 0xff, 0x0b, 0x00, 0x00, 0x00, 0x00, 0xf4, 0xff, 0xff, 0xff, 0x2f, 0x00, 0x00, 0x00, 0x00,
0x00, 0x00, 0x00, 0x00, 0x00, 0x80, 0xff, 0xff, 0xff, 0xff, 0x00, 0x00, 0x00, 0x00, 0x00, 0x00,
0xff, 0xff, 0xff, 0xff, 0x03, 0x00, 0x00, 0x00, 0x00, 0x00, 0xfc, 0xff, 0xff, 0xff, 0x0f, 
/* -38- */
0xf8, 0xff, 0xff, 0xff, 0x1f, 0x00, 0x00, 0x00, 0x00, 0x00, 0x00, 0x00, 0x00, 0x00, 0xf4, 0xff,
0xff, 0xff, 0x0b, 0x00, 0x00, 0x00, 0x00, 0xf4, 0xff, 0xff, 0xff, 0x1f, 0x00, 0x00, 0x00, 0x00,
0x00, 0x00, 0x00, 0x00, 0x00, 0x80, 0xff, 0xff, 0xff, 0xff, 0x00, 0x00, 0x00, 0x00, 0x00, 0x00,
0xff, 0xff, 0xff, 0xff, 0x03, 0x00, 0x00, 0x00, 0x00, 0x00, 0xfc, 0xff, 0xff, 0xff, 0x0f, 
/* -39- */
0xf8, 0xff, 0xff, 0xff, 0x1f, 0x00, 0x00, 0x00, 0x00, 0x00, 0x00, 0x00, 0x00, 0x00, 0xf0, 0xff,
0xff, 0xff, 0x0b, 0x00, 0x00, 0x00, 0x00, 0xf4, 0xff, 0xff, 0xff, 0x1f, 0x00, 0x00, 0x00, 0x00,
0x00, 0x00, 0x00, 0x00, 0x00, 0x80, 0xff, 0xff, 0xff, 0xff, 0x00, 0x00, 0x00, 0x00, 0x00, 0x00,
0xfe, 0xff, 0xff, 0xff, 0x03, 0x00, 0x00, 0x00, 0x00, 0x00, 0xfc, 0xff, 0xff, 0xff, 0x0f, 
/* -40- */
0xf8, 0xff, 0xff, 0xff, 0x0f, 0x00, 0x00, 0x00, 0x00, 0x00, 0x00, 0x00, 0x00, 0x00, 0xf0, 0xff,
0xff, 0xff, 0x0b, 0x00, 0x00, 0x00, 0x00, 0xf4, 0xff, 0xff, 0xff, 0x1f, 0x00, 0x00, 0x00, 0x00,
0x00, 0x00, 0x00, 0x00, 0x00, 0x80, 0xff, 0xff, 0xff, 0xff, 0x00, 0x00, 0x00, 0x00, 0x00, 0x00,
0xfe, 0xff, 0xff, 0xff, 0x03, 0x00, 0x00, 0x00, 0x00, 0x00, 0xfc, 0xff, 0xff, 0xff, 0x0f, 
/* -41- */
0xfc, 0xff, 0xff, 0xff, 0x0f, 0x00, 0x00, 0x00, 0x00, 0x00, 0x00, 0x00, 0x00, 0x00, 0xf0, 0xff,
0xff, 0xff, 0x0b, 0x00, 0x00, 0x00, 0x00, 0xf4, 0xff, 0xff, 0xff, 0x1f, 0x00, 0x00, 0x00, 0x00,
0x00, 0x00, 0x00, 0x00, 0x00, 0x80, 0xff, 0xff, 0xff, 0xff, 0x00, 0x00, 0x00, 0x00, 0x00, 0x00,
0xfe, 0xff, 0xff, 0xff, 0x02, 0x00, 0x00, 0x00, 0x00, 0x00, 0xfc, 0xff, 0xff, 0xff, 0x0f, 
/* -42- */
0xfc, 0xff, 0xff, 0xff, 0x0f, 0x00, 0x00, 0x00, 0x00, 0x00, 0x00, 0x00, 0x00, 0x00, 0xf0, 0xff,
0xff, 0xff, 0x0b, 0x00, 0x00, 0x00, 0x00, 0xf4, 0xff, 0xff, 0xff, 0x1f, 0x00, 0x00, 0x00, 0x00,
0x00, 0x00, 0x00, 0x00, 0x00, 0x80, 0xff, 0xff, 0xff, 0xff, 0x00, 0x00, 0x00, 0x00, 0x00, 0x00,
0xfe, 0xff, 0xff, 0xff, 0x02, 0x00, 0x00, 0x00, 0x00, 0x00, 0xfc, 0xff, 0xff, 0xff, 0x0f, 
/* -43- */
0xfc, 0xff, 0xff, 0xff, 0x0f, 0x00, 0x00, 0x00, 0x00, 0x00, 0x00, 0x00, 0x00, 0x00, 0xf0, 0xff,
0xff, 0xff, 0x0b, 0x00, 0x00, 0x00, 0x00, 0xf4, 0xff, 0xff, 0xff, 0x1f, 0x00, 0x00, 0x00, 0x00,
0x00, 0x00, 0x00, 0x00, 0x00, 0x80, 0xff, 0xff, 0xff, 0xff, 0x00, 0x00, 0x00, 0x00, 0x00, 0x00,
0xfe, 0xff, 0xff, 0xff, 0x02, 0x00, 0x00, 0x00, 0x00, 0x00, 0xfc, 0xff, 0xff, 0xff, 0x0f, 
/* -44- */
0xfc, 0xff, 0xff, 0xff, 0x0f, 0x00, 0x00, 0x00, 0x00, 0x00, 0x00, 0x00, 0x00, 0x00, 0xf0, 0xff,
0xff, 0xff, 0x0b, 0x00, 0x00, 0x00, 0x00, 0xf4, 0xff, 0xff, 0xff, 0x1f, 0x00, 0x00, 0x00, 0x00,
0x00, 0x00, 0x00, 0x00, 0x00, 0x80, 0xff, 0xff, 0xff, 0xff, 0x00, 0x00, 0x00, 0x00, 0x00, 0x00,
0xfe, 0xff, 0xff, 0xff, 0x02, 0x00, 0x00, 0x00, 0x00, 0x00, 0xfc, 0xff, 0xff, 0xff, 0x0f, 
/* -45- */
0xfc, 0xff, 0xff, 0xff, 0x0f, 0x00, 0x00, 0x00, 0x00, 0x00, 0x00, 0x00, 0x00, 0x00, 0xf0, 0xff,
0xff, 0xff, 0x0b, 0x00, 0x00, 0x00, 0x00, 0xf4, 0xff, 0xff, 0xff, 0x1f, 0x00, 0x00, 0x00, 0x00,
0x00, 0x00, 0x00, 0x00, 0x00, 0x80, 0xff, 0xff, 0xff, 0xff, 0x00, 0x00, 0x00, 0x00, 0x00, 0x00,
0xfe, 0xff, 0xff, 0xff, 0x02, 0x00, 0x00, 0x00, 0x00, 0x00, 0xfc, 0xff, 0xff, 0xff, 0x0f, 
/* -46- */
0xf8, 0xff, 0xff, 0xff, 0x0f, 0x00, 0x00, 0x00, 0x00, 0x00, 0x00, 0x00, 0x00, 0x00, 0xf0, 0xff,
0xff, 0xff, 0x0b, 0x00, 0x00, 0x00, 0x00, 0xf4, 0xff, 0xff, 0xff, 0x1f, 0x00, 0x00, 0x00, 0x00,
0x00, 0x00, 0x00, 0x00, 0x00, 0x80, 0xff, 0xff, 0xff, 0xff, 0x00, 0x00, 0x00, 0x00, 0x00, 0x00,
0xfe, 0xff, 0xff, 0xff, 0x02, 0x00, 0x00, 0x00, 0x00, 0x00, 0xfc, 0xff, 0xff, 0xff, 0x0f, 
/* -47- */
0xf8, 0xff, 0xff, 0xff, 0x1f, 0x00, 0x00, 0x00, 0x00, 0x00, 0x00, 0x00, 0x00, 0x00, 0xf0, 0xff,
0xff, 0xff, 0x0b, 0x00, 0x00, 0x00, 0x00, 0xf4, 0xff, 0xff, 0xff, 0x1f, 0x00, 0x00, 0x00, 0x00,
0x00, 0x00, 0x00, 0x00, 0x00, 0x80, 0xff, 0xff, 0xff, 0xff, 0x00, 0x00, 0x00, 0x00, 0x00, 0x00,
0xfe, 0xff, 0xff, 0xff, 0x02, 0x00, 0x00, 0x00, 0x00, 0x00, 0xfc, 0xff, 0xff, 0xff, 0x0f, 
/* -48- */
0xf8, 0xff, 0xff, 0xff, 0x1f, 0x00, 0x00, 0x00, 0x00, 0x00, 0x00, 0x00, 0x00, 0x00, 0xf4, 0xff,
0xff, 0xff, 0x0b, 0x00, 0x00, 0x00, 0x00, 0xf4, 0xff, 0xff, 0xff, 0x1f, 0x00, 0x00, 0x00, 0x00,
0x00, 0x00, 0x00, 0x00, 0x00, 0x80, 0xff, 0xff, 0xff, 0xff, 0x00, 0x00, 0x00, 0x00, 0x00, 0x00,
0xfe, 0xff, 0xff, 0xff, 0x02, 0x00, 0x00, 0x00, 0x00, 0x00, 0xfc, 0xff, 0xff, 0xff, 0x0f, 
/* -49- */
0xf4, 0xff, 0xff, 0xff, 0x2f, 0x00, 0x00, 0x00, 0x00, 0x00, 0x00, 0x00, 0x00, 0x00, 0xf4, 0xff,
0xff, 0xff, 0x0b, 0x00, 0x00, 0x00, 0x00, 0xf4, 0xff, 0xff, 0xff, 0x1f, 0x00, 0x00, 0x00, 0x00,
0x00, 0x00, 0x00, 0x00, 0x00, 0x80, 0xff, 0xff, 0xff, 0xff, 0x00, 0x00, 0x00, 0x00, 0x00, 0x00,
0xfe, 0xff, 0xff, 0xff, 0x02, 0x00, 0x00, 0x00, 0x00, 0x00, 0xfc, 0xff, 0xff, 0xff, 0x0f, 
/* -50- */
0xf4, 0xff, 0xff, 0xff, 0x3f, 0x00, 0x00, 0x00, 0x00, 0x00, 0x00, 0x00, 0x00, 0x00, 0xf8, 0xff,
0xff, 0xff, 0x0b, 0x00, 0x00, 0x00, 0x00, 0xf4, 0xff, 0xff, 0xff, 0x1f, 0x00, 0x00, 0x00, 0x00,
0x00, 0x00, 0x00, 0x00, 0x00, 0x80, 0xff, 0xff, 0xff, 0xff, 0x00, 0x00, 0x00, 0x00, 0x00, 0x00,
0xfe, 0xff, 0xff, 0xff, 0x02, 0x00, 0x00, 0x00, 0x00, 0x00, 0xfc, 0xff, 0xff, 0xff, 0x0f, 
/* -51- */
0xf0, 0xff, 0xff, 0xff, 0x3f, 0x00, 0x00, 0x00, 0x00, 0x00, 0x00, 0x00, 0x00, 0x00, 0xfc, 0xff,
0xff, 0xff, 0x0b, 0x00, 0x00, 0x00, 0x00, 0xf4, 0xff, 0xff, 0xff, 0x1f, 0x00, 0x00, 0x00, 0x00,
0x00, 0x00, 0x00, 0x00, 0x00, 0x80, 0xff, 0xff, 0xff, 0xff, 0x00, 0x00, 0x00, 0x00, 0x00, 0x00,
0xfe, 0xff, 0xff, 0xff, 0x02, 0x00, 0x00, 0x00, 0x00, 0x00, 0xfc, 0xff, 0xff, 0xff, 0x0f, 
/* -52- */
0xf0, 0xff, 0xff, 0xff, 0x7f, 0x00, 0x00, 0x00, 0x00, 0x00, 0x00, 0x00, 0x00, 0x00, 0xfd, 0xff,
0xff, 0xff, 0x0b, 0x00, 0x00, 0x00, 0x00, 0xf4, 0xff, 0xff, 0xff, 0x1f, 0x00, 0x00, 0x00, 0x00,
0x00, 0x00, 0x00, 0x00, 0x00, 0x80, 0xff, 0xff, 0xff, 0xff, 0x00, 0x00, 0x00, 0x00, 0x00, 0x00,
0xfe, 0xff, 0xff, 0xff, 0x02, 0x00, 0x00, 0x00, 0x00, 0x00, 0xfc, 0xff, 0xff, 0xff, 0x0f, 
/* -53- */
0xe0, 0xff, 0xff, 0xff, 0xff, 0x00, 0x00, 0x00, 0x00, 0x00, 0x00, 0x00, 0x00, 0x00, 0xfd, 0xff,
0xff, 0xff, 0x0b, 0x00, 0x00, 0x00, 0x00, 0xf4, 0xff, 0xff, 0xff, 0x1f, 0x00, 0x00, 0x00, 0x00,
0x00, 0x00, 0x00, 0x00, 0x00, 0x80, 0xff, 0xff, 0xff, 0xff, 0x00, 0x00, 0x00, 0x00, 0x00, 0x00,
0xfe, 0xff, 0xff, 0xff, 0x02, 0x00, 0x00, 0x00, 0x00, 0x00, 0xfc, 0xff, 0xff, 0xff, 0x0f, 
/* -54- */
0xe0, 0xff, 0xff, 0xff, 0xff, 0x01, 0x00, 0x00, 0x00, 0x00, 0x00, 0x00, 0x00, 0x00, 0xff, 0xff,
0xff, 0xff, 0x0b, 0x00, 0x00, 0x00, 0x00, 0xf4, 0xff, 0xff, 0xff, 0x1f, 0x00, 0x00, 0x00, 0x00,
0x00, 0x00, 0x00, 0x00, 0x00, 0x80, 0xff, 0xff, 0xff, 0xff, 0x00, 0x00, 0x00, 0x00, 0x00, 0x00,
0xfe, 0xff, 0xff, 0xff, 0x02, 0x00, 0x00, 0x00, 0x00, 0x00, 0xfc, 0xff, 0xff, 0xff, 0x0f, 
/* -55- */
0xd0, 0xff, 0xff, 0xff, 0xff, 0x02, 0x00, 0x00, 0x00, 0x00, 0x00, 0x00, 0x00, 0x40, 0xff, 0xff,
0xff, 0xff, 0x0b, 0x00, 0x00, 0x00, 0x00, 0xf4, 0xff, 0xff, 0xff, 0x1f, 0x00, 0x00, 0x00, 0x00,
0x00, 0x00, 0x00, 0x00, 0x00, 0x80, 0xff, 0xff, 0xff, 0xff, 0x00, 0x00, 0x00, 0x00, 0x00, 0x00,
0xfe, 0xff, 0xff, 0xff, 0x02, 0x00, 0x00, 0x00, 0x00, 0x00, 0xfc, 0xff, 0xff, 0xff, 0x0f, 
/* -56- */
0xc0, 0xff, 0xff, 0xff, 0xff, 0x07, 0x00, 0x00, 0x00, 0x00, 0x00, 0x00, 0x00, 0xc0, 0xff, 0xff,
0xff, 0xff, 0x0b, 0x00, 0x00, 0x00, 0x00, 0xf4, 0xff, 0xff, 0xff, 0x1f, 0x00, 0x00, 0x00, 0x00,
0x00, 0x00, 0x00, 0x00, 0x00, 0x80, 0xff, 0xff, 0xff, 0xff, 0x00, 0x00, 0x00, 0x00, 0x00, 0x00,
0xfe, 0xff, 0xff, 0xff, 0x02, 0x00, 0x00, 0x00, 0x00, 0x00, 0xfc, 0xff, 0xff, 0xff, 0x0f, 
/* -57- */
0x80, 0xff, 0xff, 0xff, 0xff, 0x0f, 0x00, 0x00, 0x00, 0x00, 0x00, 0x00, 0x00, 0xe0, 0xff, 0xff,
0xff, 0xff, 0x0b, 0x00, 0x00, 0x00, 0x00, 0xf4, 0xff, 0xff, 0xff, 0x1f, 0x00, 0x00, 0x00, 0x00,
0x00, 0x00, 0x00, 0x00, 0x00, 0x80, 0xff, 0xff, 0xff, 0xff, 0x00, 0x00, 0x00, 0x00, 0x00, 0x00,
0xfe, 0xff, 0xff, 0xff, 0x02, 0x00, 0x00, 0x00, 0x00, 0x00, 0xfc, 0xff, 0xff, 0xff, 0x0f, 
/* -58- */
0x40, 0xff, 0xff, 0xff, 0xff, 0x2f, 0x00, 0x00, 0x00, 0x00, 0x00, 0x00, 0x00, 0xf4, 0xff, 0xff,
0xff, 0xff, 0x0b, 0x00, 0x00, 0x00, 0x00, 0xf4, 0xff, 0xff, 0xff, 0x1f, 0x00, 0x00, 0x00, 0x00,
0x00, 0x00, 0x00, 0x00, 0x00, 0x80, 0xff, 0xff, 0xff, 0xff, 0x00, 0x00, 0x00, 0x00, 0x00, 0x00,
0xfe, 0xff, 0xff, 0xff, 0x02, 0x00, 0x00, 0x00, 0x00, 0x00, 0xfc, 0xff, 0xff, 0xff, 0x0f, 
/* -59- */
0x00, 0xff, 0xff, 0xff, 0xff, 0x7f, 0x00, 0x00, 0x00, 0x00, 0x00, 0x00, 0x00, 0xfc, 0xff, 0xff,
0xff, 0xff, 0x0b, 0x00, 0x00, 0x00, 0x00, 0xf4, 0xff, 0xff, 0xff, 0x1f, 0x00, 0x00, 0x00, 0x00,
0x00, 0x00, 0x00, 0x00, 0x00, 0x80, 0xff, 0xff, 0xff, 0xff, 0x00, 0x00, 0x00, 0x00, 0x00, 0x00,
0xfe, 0xff, 0xff, 0xff, 0x02, 0x00, 0x00, 0x00, 0x00, 0x00, 0xfc, 0xff, 0xff, 0xff, 0x0f, 
/* -60- */
0x00, 0xfe, 0xff, 0xff, 0xff, 0xff, 0x01, 0x00, 0x00, 0x00, 0x00, 0x00, 0x00, 0xff, 0xff, 0xff,
0xff, 0xff, 0x0b, 0x00, 0x00, 0x00, 0x00, 0xf4, 0xff, 0xff, 0xff, 0x1f, 0x00, 0x00, 0x00, 0x00,
0x00, 0x00, 0x00, 0x00, 0x00, 0x80, 0xff, 0xff, 0xff, 0xff, 0x00, 0x00, 0x00, 0x00, 0x00, 0x00,
0xfe, 0xff, 0xff, 0xff, 0x02, 0x00, 0x00, 0x00, 0x00, 0x00, 0xfc, 0xff, 0xff, 0xff, 0x0f, 
/* -61- */
0x00, 0xfc, 0xff, 0xff, 0xff, 0xff, 0x07, 0x00, 0x00, 0x00, 0x00, 0x00, 0xc0, 0xff, 0xff, 0xff,
0xff, 0xff, 0x0b, 0x00, 0x00, 0x00, 0x00, 0xf4, 0xff, 0xff, 0xff, 0x1f, 0x00, 0x00, 0x00, 0x00,
0x00, 0x00, 0x00, 0x00, 0x00, 0x80, 0xff, 0xff, 0xff, 0xff, 0x00, 0x00, 0x00, 0x00, 0x00, 0x00,
0xfe, 0xff, 0xff, 0xff, 0x02, 0x00, 0x00, 0x00, 0x00, 0x00, 0xfc, 0xff, 0xff, 0xff, 0x0f, 
/* -62- */
0x00, 0xf8, 0xff, 0xff, 0xff, 0xff, 0x1f, 0x00, 0x00, 0x00, 0x00, 0x00, 0xf4, 0xff, 0xff, 0xff,
0xff, 0xff, 0x0b, 0x00, 0x00, 0x00, 0x00, 0xf4, 0xff, 0xff, 0xff, 0x1f, 0x00, 0x00, 0x00, 0x00,
0x00, 0x00, 0x00, 0x00, 0x00, 0x80, 0xff, 0xff, 0xff, 0xff, 0x00, 0x00, 0x00, 0x00, 0x00, 0x00,
0xfe, 0xff, 0xff, 0xff, 0x02, 0x00, 0x00, 0x00, 0x00, 0x00, 0xfc, 0xff, 0xff, 0xff, 0x0f, 
/* -63- */
0x00, 0xf0, 0xff, 0xff, 0xff, 0xff, 0xbf, 0x00, 0x00, 0x00, 0x00, 0x00, 0xfe, 0xff, 0xff, 0xff,
0xff, 0xff, 0x0b, 0x00, 0x00, 0x00, 0x00, 0xf4, 0xff, 0xff, 0xff, 0x1f, 0x00, 0x00, 0x00, 0x00,
0x00, 0x00, 0x00, 0x00, 0x00, 0x80, 0xff, 0xff, 0xff, 0xff, 0x00, 0x00, 0x00, 0x00, 0x00, 0x00,
0xfe, 0xff, 0xff, 0xff, 0x02, 0x00, 0x00, 0x00, 0x00, 0x00, 0xfc, 0xff, 0xff, 0xff, 0x0f, 
/* -64- */
0x00, 0xd0, 0xff, 0xff, 0xff, 0xff, 0xff, 0x0b, 0x00, 0x00, 0x00, 0xe0, 0xff, 0xff, 0xff, 0xff,
0xff, 0xff, 0x0b, 0x00, 0x00, 0x00, 0x00, 0xf4, 0xff, 0xff, 0xff, 0x1f, 0x00, 0x00, 0x00, 0x00,
0x00, 0x00, 0x00, 0x00, 0x00, 0x80, 0xff, 0xff, 0xff, 0xff, 0x00, 0x00, 0x00, 0x00, 0x00, 0x00,
0xfe, 0xff, 0xff, 0xff, 0x02, 0x00, 0x00, 0x00, 0x00, 0x00, 0xfc, 0xff, 0xff, 0xff, 0x0f, 
/* -65- */
0x00, 0xc0, 0xff, 0xff, 0xff, 0xff, 0xff, 0xbf, 0x01, 0x00, 0x40, 0xfe, 0xff, 0xff, 0xff, 0xff,
0xff, 0xff, 0x0b, 0x00, 0x00, 0x00, 0x00, 0xf4, 0xff, 0xff, 0xff, 0x1f, 0x00, 0x00, 0x00, 0x00,
0x00, 0x00, 0x00, 0x00, 0x00, 0x80, 0xff, 0xff, 0xff, 0xff, 0x00, 0x00, 0x00, 0x00, 0x00, 0x00,
0xfe, 0xff, 0xff, 0xff, 0x02, 0x00, 0x00, 0x00, 0x00, 0x00, 0xfc, 0xff, 0xff, 0xff, 0x0f, 
/* -66- */
0x00, 0x40, 0xff, 0xff, 0xff, 0xff, 0xff, 0xff, 0xff, 0xaa, 0xff, 0xff, 0xff, 0xff, 0xff, 0xff,
0xff, 0xff, 0x0b, 0x00, 0x00, 0x00, 0x00, 0xf4, 0xff, 0xff, 0xff, 0x1f, 0x00, 0x00, 0x00, 0x00,
0x00, 0x00, 0x00, 0x00, 0x00, 0x80, 0xff, 0xff, 0xff, 0xff, 0x00, 0x00, 0x00, 0x00, 0x00, 0x00,
0xfe, 0xff, 0xff, 0xff, 0x02, 0x00, 0x00, 0x00, 0x00, 0x00, 0xfc, 0xff, 0xff, 0xff, 0x0f, 
/* -67- */
0x00, 0x00, 0xfe, 0xff, 0xff, 0xff, 0xff, 0xff, 0xff, 0xff, 0xff, 0xff, 0xff, 0xff, 0xff, 0xff,
0xff, 0xff, 0x0b, 0x00, 0x00, 0x00, 0x00, 0xf4, 0xff, 0xff, 0xff, 0x1f, 0x00, 0x00, 0x00, 0x00,
0x00, 0x00, 0x00, 0x00, 0x00, 0x80, 0xff, 0xff, 0xff, 0xff, 0x00, 0x00, 0x00, 0x00, 0x00, 0x00,
0xfe, 0xff, 0xff, 0xff, 0x02, 0x00, 0x00, 0x00, 0x00, 0x00, 0xfc, 0xff, 0xff, 0xff, 0x0f, 
/* -68- */
0x00, 0x00, 0xfc, 0xff, 0xff, 0xff, 0xff, 0xff, 0xff, 0xff, 0xff, 0xff, 0xff, 0xff, 0xff, 0xff,
0xff, 0xff, 0x0b, 0x00, 0x00, 0x00, 0x00, 0xf4, 0xff, 0xff, 0xff, 0x1f, 0x00, 0x00, 0x00, 0x00,
0x00, 0x00, 0x00, 0x00, 0x00, 0x80, 0xff, 0xff, 0xff, 0xff, 0x00, 0x00, 0x00, 0x00, 0x00, 0x00,
0xfe, 0xff, 0xff, 0xff, 0x02, 0x00, 0x00, 0x00, 0x00, 0x00, 0xfc, 0xff, 0xff, 0xff, 0x0f, 
/* -69- */
0x00, 0x00, 0xf0, 0xff, 0xff, 0xff, 0xff, 0xff, 0xff, 0xff, 0xff, 0xff, 0xff, 0xff, 0xff, 0xff,
0xff, 0xff, 0x0b, 0x00, 0x00, 0x00, 0x00, 0xf4, 0xff, 0xff, 0xff, 0x1f, 0x00, 0x00, 0x00, 0x00,
0x00, 0x00, 0x00, 0x00, 0x00, 0x80, 0xff, 0xff, 0xff, 0xff, 0x00, 0x00, 0x00, 0x00, 0x00, 0x00,
0xfe, 0xff, 0xff, 0xff, 0x02, 0x00, 0x00, 0x00, 0x00, 0x00, 0xfc, 0xff, 0xff, 0xff, 0x0f, 
/* -70- */
0x00, 0x00, 0xd0, 0xff, 0xff, 0xff, 0xff, 0xff, 0xff, 0xff, 0xff, 0xff, 0xff, 0xff, 0xff, 0xff,
0xff, 0xff, 0x0b, 0x00, 0x00, 0x00, 0x00, 0xf4, 0xff, 0xff, 0xff, 0x1f, 0x00, 0x00, 0x00, 0x00,
0x00, 0x00, 0x00, 0x00, 0x00, 0x80, 0xff, 0xff, 0xff, 0xff, 0x00, 0x00, 0x00, 0x00, 0x00, 0x00,
0xfe, 0xff, 0xff, 0xff, 0x02, 0x00, 0x00, 0x00, 0x00, 0x00, 0xfc, 0xff, 0xff, 0xff, 0x0f, 
/* -71- */
0x00, 0x00, 0x40, 0xff, 0xff, 0xff, 0xff, 0xff, 0xff, 0xff, 0xff, 0xff, 0xff, 0xff, 0xff, 0xff,
0xff, 0xff, 0x0b, 0x00, 0x00, 0x00, 0x00, 0xf4, 0xff, 0xff, 0xff, 0x1f, 0x00, 0x00, 0x00, 0x00,
0x00, 0x00, 0x00, 0x00, 0x00, 0x80, 0xff, 0xff, 0xff, 0xff, 0x00, 0x00, 0x00, 0x00, 0x00, 0x00,
0xfe, 0xff, 0xff, 0xff, 0x02, 0x00, 0x00, 0x00, 0x00, 0x00, 0xfc, 0xff, 0xff, 0xff, 0x0f, 
/* -72- */
0x00, 0x00, 0x00, 0xfd, 0xff, 0xff, 0xff, 0xff, 0xff, 0xff, 0xff, 0xff, 0xff, 0xff, 0xfe, 0xff,
0xff, 0xff, 0x0b, 0x00, 0x00, 0x00, 0x00, 0xf4, 0xff, 0xff, 0xff, 0x1f, 0x00, 0x00, 0x00, 0x00,
0x00, 0x00, 0x00, 0x00, 0x00, 0x80, 0xff, 0xff, 0xff, 0xff, 0x00, 0x00, 0x00, 0x00, 0x00, 0x00,
0xfe, 0xff, 0xff, 0xff, 0x02, 0x00, 0x00, 0x00, 0x00, 0x00, 0xfc, 0xff, 0xff, 0xff, 0x0f, 
/* -73- */
0x00, 0x00, 0x00, 0xf4, 0xff, 0xff, 0xff, 0xff, 0xff, 0xff, 0xff, 0xff, 0xff, 0xbf, 0xf8, 0xff,
0xff, 0xff, 0x0b, 0x00, 0x00, 0x00, 0x00, 0xf4, 0xff, 0xff, 0xff, 0x1f, 0x00, 0x00, 0x00, 0x00,
0x00, 0x00, 0x00, 0x00, 0x00, 0x80, 0xff, 0xff, 0xff, 0xff, 0x00, 0x00, 0x00, 0x00, 0x00, 0x00,
0xfe, 0xff, 0xff, 0xff, 0x02, 0x00, 0x00, 0x00, 0x00, 0x00, 0xfc, 0xff, 0xff, 0xff, 0x0f, 
/* -74- */
0x00, 0x00, 0x00, 0xc0, 0xff, 0xff, 0xff, 0xff, 0xff, 0xff, 0xff, 0xff, 0xff, 0x1f, 0xf8, 0xff,
0xff, 0xff, 0x0b, 0x00, 0x00, 0x00, 0x00, 0xf4, 0xff, 0xff, 0xff, 0x1f, 0x00, 0x00, 0x00, 0x00,
0x00, 0x00, 0x00, 0x00, 0x00, 0x80, 0xff, 0xff, 0xff, 0xff, 0x00, 0x00, 0x00, 0x00, 0x00, 0x00,
0xfe, 0xff, 0xff, 0xff, 0x02, 0x00, 0x00, 0x00, 0x00, 0x00, 0xfc, 0xff, 0xff, 0xff, 0x0f, 
/* -75- */
0x00, 0x00, 0x00, 0x00, 0xfe, 0xff, 0xff, 0xff, 0xff, 0xff, 0xff, 0xff, 0xff, 0x07, 0xf8, 0xff,
0xff, 0xff, 0x0b, 0x00, 0x00, 0x00, 0x00, 0xf4, 0xff, 0xff, 0xff, 0x1f, 0x00, 0x00, 0x00, 0x00,
0x00, 0x00, 0x00, 0x00, 0x00, 0x80, 0xff, 0xff, 0xff, 0xff, 0x00, 0x00, 0x00, 0x00, 0x00, 0x00,
0xfe, 0xff, 0xff, 0xff, 0x02, 0x00, 0x00, 0x00, 0x00, 0x00, 0xfc, 0xff, 0xff, 0xff, 0x0f, 
/* -76- */
0x00, 0x00, 0x00, 0x00, 0xf4, 0xff, 0xff, 0xff, 0xff, 0xff, 0xff, 0xff, 0xbf, 0x00, 0xf8, 0xff,
0xff, 0xff, 0x0b, 0x00, 0x00, 0x00, 0x00, 0xf4, 0xff, 0xff, 0xff, 0x1f, 0x00, 0x00, 0x00, 0x00,
0x00, 0x00, 0x00, 0x00, 0x00, 0x80, 0xff, 0xff, 0xff, 0xff, 0x00, 0x00, 0x00, 0x00, 0x00, 0x00,
0xfe, 0xff, 0xff, 0xff, 0x02, 0x00, 0x00, 0x00, 0x00, 0x00, 0xfc, 0xff, 0xff, 0xff, 0x0f, 
/* -77- */
0x00, 0x00, 0x00, 0x00, 0x40, 0xff, 0xff, 0xff, 0xff, 0xff, 0xff, 0xff, 0x1f, 0x00, 0xf8, 0xff,
0xff, 0xff, 0x0b, 0x00, 0x00, 0x00, 0x00, 0xf4, 0xff, 0xff, 0xff, 0x1f, 0x00, 0x00, 0x00, 0x00,
0x00, 0x00, 0x00, 0x00, 0x00, 0x80, 0xff, 0xff, 0xff, 0xff, 0x00, 0x00, 0x00, 0x00, 0x00, 0x00,
0xfe, 0xff, 0xff, 0xff, 0x02, 0x00, 0x00, 0x00, 0x00, 0x00, 0xfc, 0xff, 0xff, 0xff, 0x0f, 
/* -78- */
0x00, 0x00, 0x00, 0x00, 0x00, 0xe4, 0xff, 0xff, 0xff, 0xff, 0xff, 0xff, 0x02, 0x00, 0xfc, 0xff,
0xff, 0xff, 0x0f, 0x00, 0x00, 0x00, 0x00, 0xf4, 0xff, 0xff, 0xff, 0x1f, 0x00, 0x00, 0x00, 0x00,
0x00, 0x00, 0x00, 0x00, 0x00, 0x80, 0xff, 0xff, 0xff, 0xff, 0x00, 0x00, 0x00, 0x00, 0x00, 0x00,
0xfe, 0xff, 0xff, 0xff, 0x02, 0x00, 0x00, 0x00, 0x00, 0x00, 0xfc, 0xff, 0xff, 0xff, 0x0f, 
/* -79- */
0x00, 0x00, 0x00, 0x00, 0x00, 0x40, 0xfe, 0xff, 0xff, 0xff, 0xff, 0x1b, 0x00, 0x00, 0x54, 0x55,
0x55, 0x55, 0x05, 0x00, 0x00, 0x00, 0x00, 0x00, 0x00, 0x00, 0x00, 0x00, 0x00, 0x00, 0x00, 0x00,
0x00, 0x00, 0x00, 0x00, 0x00, 0x00, 0x00, 0x00, 0x00, 0x00, 0x00, 0x00, 0x00, 0x00, 0x00, 0x00,
0x00, 0x00, 0x00, 0x00, 0x00, 0x00, 0x00, 0x00, 0x00, 0x00, 0x00, 0x00, 0x00, 0x00, 0x00, 
/* -80- */
0x00, 0x00, 0x00, 0x00, 0x00, 0x00, 0x40, 0xfe, 0xff, 0xff, 0x6f, 0x00, 0x00, 0x00, 0x00, 0x00,
0x00, 0x00, 0x00, 0x00, 0x00, 0x00, 0x00, 0x00, 0x00, 0x00, 0x00, 0x00, 0x00, 0x00, 0x00, 0x00,
0x00, 0x00, 0x00, 0x00, 0x00, 0x00, 0x00, 0x00, 0x00, 0x00, 0x00, 0x00, 0x00, 0x00, 0x00, 0x00,
0x00, 0x00, 0x00, 0x00, 0x00, 0x00, 0x00, 0x00, 0x00, 0x00, 0x00, 0x00, 0x00, 0x00, 0x00, 
};

ARM_ALIGN(4) ARM_SECTION("arm2d.asset.c_bmpArmLogoA4Alpha")
static const uint8_t c_bmpArmLogoA4Alpha[125*81] = {
/* -0- */
0x00, 0x00, 0x00, 0x00, 0x00, 0x00, 0x00, 0x00, 0x00, 0x00, 0x00, 0x00, 0x00, 0x00, 0x00, 0x00,
0x00, 0x00, 0x00, 0x00, 0x00, 0x00, 0x00, 0x00, 0x00, 0x00, 0x00, 0x00, 0x00, 0x00, 0x00, 0x00,
0x00, 0x00, 0x00, 0x00, 0x00, 0x00, 0x00, 0x00, 0x00, 0x00, 0x00, 0x00, 0x00, 0x00, 0x00, 0x00,
0x00, 0x00, 0x00, 0x00, 0x00, 0x00, 0x00, 0x00, 0x00, 0x00, 0x00, 0x00, 0x00, 0x00, 0x00, 0x00,
0x00, 0x00, 0x00, 0x00, 0x00, 0x00, 0x00, 0x00, 0x00, 0x00, 0x00, 0x00, 0x00, 0x00, 0x00, 0x00,
0x00, 0x00, 0x00, 0x00, 0x00, 0x00, 0x00, 0x00, 0x00, 0x00, 0x00, 0x00, 0x00, 0x00, 0x00, 0x00,
0x00, 0x00, 0x00, 0x00, 0x00, 0x00, 0x00, 0x00, 0x00, 0x00, 0x00, 0x00, 0x00, 0x00, 0x00, 0x00,
0x00, 0x00, 0x00, 0x00, 0x00, 0x00, 0x00, 0x00, 0x00, 0x00, 0x00, 0x00, 0x00, 
/* -1- */
0x00, 0x00, 0x00, 0x00, 0x00, 0x00, 0x00, 0x00, 0x00, 0x00, 0x00, 0x00, 0x00, 0x00, 0x00, 0x00,
0x00, 0x00, 0x00, 0x00, 0x00, 0x00, 0x00, 0x00, 0x00, 0x00, 0x00, 0x00, 0x00, 0x00, 0x00, 0x00,
0x00, 0x00, 0x00, 0x00, 0x00, 0x00, 0x00, 0x00, 0x00, 0x00, 0x00, 0x00, 0x00, 0x00, 0x00, 0x00,
0x00, 0x00, 0x00, 0x00, 0x00, 0x00, 0x00, 0x00, 0x00, 0x00, 0x00, 0x00, 0x00, 0x00, 0x00, 0x00,
0x00, 0x00, 0x00, 0x00, 0x00, 0x00, 0x00, 0x00, 0x00, 0x00, 0x00, 0x00, 0x00, 0x00, 0x00, 0x00,
0x00, 0x00, 0x00, 0x00, 0x00, 0x00, 0x00, 0x00, 0x00, 0x00, 0x00, 0x00, 0x00, 0x00, 0x00, 0x00,
0x00, 0x00, 0x00, 0x00, 0x00, 0x00, 0x00, 0x00, 0x00, 0x00, 0x00, 0x00, 0x00, 0x00, 0x00, 0x00,
0x00, 0x00, 0x00, 0x00, 0x00, 0x00, 0x00, 0x00, 0x00, 0x00, 0x00, 0x00, 0x00, 
/* -2- */
0x00, 0x00, 0x00, 0x00, 0x00, 0x00, 0x00, 0x00, 0x00, 0x00, 0x00, 0x00, 0x00, 0x00, 0x00, 0x00,
0x00, 0x00, 0x00, 0x00, 0x00, 0x00, 0x00, 0x00, 0x00, 0x00, 0x00, 0x00, 0x00, 0x00, 0x00, 0x00,
0x00, 0x00, 0x00, 0x00, 0x00, 0x00, 0x00, 0x00, 0x00, 0x00, 0x00, 0x00, 0x00, 0x00, 0x00, 0x00,
0x00, 0x00, 0x00, 0x00, 0x00, 0x00, 0x00, 0x00, 0x00, 0x00, 0x00, 0x00, 0x00, 0x00, 0x00, 0x00,
0x00, 0x00, 0x00, 0x00, 0x00, 0x00, 0x00, 0x00, 0x00, 0x00, 0x00, 0x00, 0x00, 0x00, 0x00, 0x00,
0x00, 0x00, 0x00, 0x00, 0x00, 0x00, 0x00, 0x00, 0x00, 0x00, 0x00, 0x00, 0x00, 0x00, 0x00, 0x00,
0x00, 0x00, 0x00, 0x00, 0x00, 0x00, 0x00, 0x00, 0x00, 0x00, 0x00, 0x00, 0x00, 0x00, 0x00, 0x00,
0x00, 0x00, 0x00, 0x00, 0x00, 0x00, 0x00, 0x00, 0x00, 0x00, 0x00, 0x00, 0x00, 
/* -3- */
0x00, 0x00, 0x00, 0x00, 0x00, 0x00, 0x00, 0x00, 0x00, 0x00, 0x00, 0x00, 0x00, 0x00, 0x00, 0x00,
0x00, 0x00, 0x00, 0x00, 0x00, 0x00, 0x00, 0x00, 0x00, 0x00, 0x00, 0x00, 0x00, 0x00, 0x00, 0x00,
0x00, 0x00, 0x00, 0x00, 0x00, 0x00, 0x00, 0x00, 0x00, 0x00, 0x00, 0x00, 0x00, 0x00, 0x00, 0x00,
0x00, 0x00, 0x00, 0x00, 0x00, 0x00, 0x00, 0x00, 0x00, 0x00, 0x00, 0x00, 0x00, 0x00, 0x00, 0x00,
0x00, 0x00, 0x00, 0x00, 0x00, 0x00, 0x00, 0x00, 0x00, 0x00, 0x00, 0x00, 0x00, 0x00, 0x00, 0x00,
0x00, 0x00, 0x00, 0x00, 0x00, 0x00, 0x00, 0x00, 0x00, 0x00, 0x00, 0x00, 0x00, 0x00, 0x00, 0x00,
0x00, 0x00, 0x00, 0x00, 0x00, 0x00, 0x00, 0x00, 0x00, 0x00, 0x00, 0x00, 0x00, 0x00, 0x00, 0x00,
0x00, 0x00, 0x00, 0x00, 0x00, 0x00, 0x00, 0x00, 0x00, 0x00, 0x00, 0x00, 0x00, 
/* -4- */
0x00, 0x00, 0x00, 0x00, 0x00, 0x00, 0x00, 0x00, 0x00, 0x00, 0x00, 0x00, 0x00, 0x00, 0x00, 0x00,
0x00, 0x00, 0x00, 0x00, 0x00, 0x00, 0x00, 0x00, 0x00, 0x00, 0x00, 0x00, 0x00, 0x00, 0x00, 0x00,
0x00, 0x00, 0x00, 0x00, 0x00, 0x00, 0x00, 0x00, 0x00, 0x00, 0x00, 0x00, 0x00, 0x00, 0x00, 0x00,
0x00, 0x00, 0x00, 0x00, 0x00, 0x00, 0x00, 0x00, 0x00, 0x00, 0x00, 0x00, 0x00, 0x00, 0x00, 0x00,
0x00, 0x00, 0x00, 0x00, 0x00, 0x00, 0x00, 0x00, 0x00, 0x00, 0x00, 0x00, 0x00, 0x00, 0x00, 0x00,
0x00, 0x00, 0x00, 0x00, 0x00, 0x00, 0x00, 0x00, 0x00, 0x00, 0x00, 0x00, 0x00, 0x00, 0x00, 0x00,
0x00, 0x00, 0x00, 0x00, 0x00, 0x00, 0x00, 0x00, 0x00, 0x00, 0x00, 0x00, 0x00, 0x00, 0x00, 0x00,
0x00, 0x00, 0x00, 0x00, 0x00, 0x00, 0x00, 0x00, 0x00, 0x00, 0x00, 0x00, 0x00, 
/* -5- */
0x00, 0x00, 0x00, 0x00, 0x00, 0x00, 0x00, 0x00, 0x00, 0x00, 0x00, 0x00, 0x00, 0x00, 0x00, 0x11,
0x32, 0x44, 0x45, 0x23, 0x11, 0x00, 0x00, 0x00, 0x00, 0x00, 0x00, 0x00, 0x00, 0x00, 0x00, 0x00,
0x00, 0x00, 0x00, 0x00, 0x00, 0x00, 0x00, 0x00, 0x00, 0x00, 0x00, 0x00, 0x00, 0x00, 0x00, 0x00,
0x00, 0x00, 0x00, 0x00, 0x00, 0x00, 0x00, 0x00, 0x00, 0x00, 0x00, 0x00, 0x00, 0x31, 0x75, 0x77,
0x67, 0x35, 0x11, 0x00, 0x00, 0x00, 0x00, 0x00, 0x00, 0x00, 0x00, 0x00, 0x00, 0x00, 0x00, 0x00,
0x00, 0x00, 0x00, 0x00, 0x00, 0x00, 0x00, 0x00, 0x00, 0x00, 0x21, 0x64, 0x76, 0x67, 0x25, 0x01,
0x00, 0x00, 0x00, 0x00, 0x00, 0x00, 0x00, 0x00, 0x00, 0x00, 0x00, 0x00, 0x00, 0x10, 0x32, 0x66,
0x77, 0x67, 0x36, 0x11, 0x00, 0x00, 0x00, 0x00, 0x00, 0x00, 0x00, 0x00, 0x00, 
/* -6- */
0x00, 0x00, 0x00, 0x00, 0x00, 0x00, 0x00, 0x00, 0x00, 0x00, 0x00, 0x00, 0x10, 0x53, 0xa8, 0xfd,
0xff, 0xff, 0xff, 0xff, 0xce, 0x59, 0x03, 0x00, 0x00, 0x00, 0x00, 0x00, 0x00, 0x00, 0x00, 0x00,
0x00, 0x00, 0x00, 0x00, 0x00, 0x00, 0x00, 0x00, 0x00, 0x00, 0x00, 0x00, 0x00, 0x00, 0x00, 0x00,
0x00, 0x00, 0x00, 0x00, 0x00, 0x00, 0x00, 0x00, 0x00, 0x00, 0x00, 0x30, 0xb6, 0xff, 0xff, 0xff,
0xff, 0xff, 0xcf, 0x59, 0x02, 0x00, 0x00, 0x00, 0x00, 0x00, 0x00, 0x00, 0x00, 0x00, 0x00, 0x00,
0x00, 0x00, 0x00, 0x00, 0x00, 0x00, 0x00, 0x00, 0x20, 0x95, 0xfd, 0xff, 0xff, 0xff, 0xff, 0xbe,
0x36, 0x00, 0x00, 0x00, 0x00, 0x00, 0x00, 0x00, 0x00, 0x00, 0x00, 0x00, 0x53, 0xd9, 0xff, 0xff,
0xff, 0xff, 0xff, 0xcf, 0x48, 0x02, 0x00, 0x00, 0x00, 0x00, 0x00, 0x00, 0x00, 
/* -7- */
0x00, 0x00, 0x00, 0x00, 0x00, 0x00, 0x00, 0x00, 0x00, 0x00, 0x00, 0x30, 0xb7, 0xfe, 0xff, 0xff,
0xff, 0xff, 0xff, 0xff, 0xff, 0xff, 0xae, 0x15, 0x00, 0x00, 0x00, 0x00, 0x50, 0x77, 0x77, 0x77,
0x77, 0x77, 0x77, 0x77, 0x57, 0x00, 0x00, 0x00, 0x00, 0x00, 0x00, 0x00, 0x00, 0x00, 0x30, 0x88,
0x88, 0x88, 0x88, 0x88, 0x88, 0x88, 0x88, 0x03, 0x00, 0x00, 0x40, 0xe9, 0xff, 0xff, 0xff, 0xff,
0xff, 0xff, 0xff, 0xff, 0x9d, 0x04, 0x00, 0x00, 0x00, 0x00, 0x00, 0x50, 0x88, 0x88, 0x88, 0x88,
0x88, 0x88, 0x88, 0x78, 0x01, 0x00, 0x00, 0x30, 0xd8, 0xff, 0xff, 0xff, 0xff, 0xff, 0xff, 0xff,
0xef, 0x4a, 0x00, 0x00, 0x00, 0x00, 0x00, 0x00, 0x00, 0x00, 0x10, 0x95, 0xfe, 0xff, 0xff, 0xff,
0xff, 0xff, 0xff, 0xff, 0xff, 0x8d, 0x03, 0x00, 0x00, 0x00, 0x00, 0x00, 0x00, 
/* -8- */
0x00, 0x00, 0x00, 0x00, 0x00, 0x00, 0x00, 0x00, 0x00, 0x00, 0x50, 0xeb, 0xff, 0xff, 0xff, 0xff,
0xff, 0xff, 0xff, 0xff, 0xff, 0xff, 0xff, 0xcf, 0x07, 0x00, 0x00, 0x00, 0xc1, 0xff, 0xff, 0xff,
0xff, 0xff, 0xff, 0xff, 0xbf, 0x01, 0x00, 0x00, 0x00, 0x00, 0x00, 0x00, 0x00, 0x00, 0x60, 0xff,
0xff, 0xff, 0xff, 0xff, 0xff, 0xff, 0xff, 0x05, 0x00, 0x10, 0xe9, 0xff, 0xff, 0xff, 0xff, 0xff,
0xff, 0xff, 0xff, 0xff, 0xff, 0xae, 0x03, 0x00, 0x00, 0x00, 0x00, 0x90, 0xff, 0xff, 0xff, 0xff,
0xff, 0xff, 0xff, 0xef, 0x03, 0x00, 0x20, 0xe9, 0xff, 0xff, 0xff, 0xff, 0xff, 0xff, 0xff, 0xff,
0xff, 0xef, 0x3a, 0x00, 0x00, 0x00, 0x00, 0x00, 0x00, 0x00, 0xb5, 0xff, 0xff, 0xff, 0xff, 0xff,
0xff, 0xff, 0xff, 0xff, 0xff, 0xff, 0x9d, 0x01, 0x00, 0x00, 0x00, 0x00, 0x00, 
/* -9- */
0x00, 0x00, 0x00, 0x00, 0x00, 0x00, 0x00, 0x00, 0x00, 0x50, 0xfc, 0xff, 0xff, 0xff, 0xff, 0xff,
0xff, 0xff, 0xff, 0xff, 0xff, 0xff, 0xff, 0xff, 0xcf, 0x04, 0x00, 0x00, 0xb1, 0xff, 0xff, 0xff,
0xff, 0xff, 0xff, 0xff, 0xbf, 0x01, 0x00, 0x00, 0x00, 0x00, 0x00, 0x00, 0x00, 0x00, 0x60, 0xff,
0xff, 0xff, 0xff, 0xff, 0xff, 0xff, 0xff, 0x05, 0x00, 0xc3, 0xff, 0xff, 0xff, 0xff, 0xff, 0xff,
0xff, 0xff, 0xff, 0xff, 0xff, 0xff, 0x05, 0x00, 0x00, 0x00, 0x00, 0x80, 0xff, 0xff, 0xff, 0xff,
0xff, 0xff, 0xff, 0xdf, 0x02, 0x00, 0xd4, 0xff, 0xff, 0xff, 0xff, 0xff, 0xff, 0xff, 0xff, 0xff,
0xff, 0xff, 0xef, 0x06, 0x00, 0x00, 0x00, 0x00, 0x00, 0xa2, 0xff, 0xff, 0xff, 0xff, 0xff, 0xff,
0xff, 0xff, 0xff, 0xff, 0xff, 0xff, 0xff, 0x5d, 0x00, 0x00, 0x00, 0x00, 0x00, 
/* -10- */
0x00, 0x00, 0x00, 0x00, 0x00, 0x00, 0x00, 0x00, 0x30, 0xfb, 0xff, 0xff, 0xff, 0xff, 0xff, 0xff,
0xff, 0xff, 0xff, 0xff, 0xff, 0xff, 0xff, 0xff, 0xff, 0x9f, 0x01, 0x00, 0xb1, 0xff, 0xff, 0xff,
0xff, 0xff, 0xff, 0xff, 0xbf, 0x01, 0x00, 0x00, 0x00, 0x00, 0x00, 0x00, 0x00, 0x00, 0x60, 0xff,
0xff, 0xff, 0xff, 0xff, 0xff, 0xff, 0xff, 0x05, 0x50, 0xfe, 0xff, 0xff, 0xff, 0xff, 0xff, 0xff,
0xff, 0xff, 0xff, 0xff, 0xff, 0xdf, 0x00, 0x00, 0x00, 0x00, 0x00, 0x90, 0xff, 0xff, 0xff, 0xff,
0xff, 0xff, 0xff, 0xdf, 0x02, 0x70, 0xff, 0xff, 0xff, 0xff, 0xff, 0xff, 0xff, 0xff, 0xff, 0xff,
0xff, 0xff, 0xff, 0x8f, 0x00, 0x00, 0x00, 0x00, 0x40, 0xfe, 0xff, 0xff, 0xff, 0xff, 0xff, 0xff,
0xff, 0xff, 0xff, 0xff, 0xff, 0xff, 0xff, 0xff, 0x08, 0x00, 0x00, 0x00, 0x00, 
/* -11- */
0x00, 0x00, 0x00, 0x00, 0x00, 0x00, 0x00, 0x10, 0xf7, 0xff, 0xff, 0xff, 0xff, 0xff, 0xff, 0xff,
0xff, 0xff, 0xff, 0xff, 0xff, 0xff, 0xff, 0xff, 0xff, 0xff, 0x2b, 0x00, 0xb1, 0xff, 0xff, 0xff,
0xff, 0xff, 0xff, 0xff, 0xbf, 0x01, 0x00, 0x00, 0x00, 0x00, 0x00, 0x00, 0x00, 0x00, 0x60, 0xff,
0xff, 0xff, 0xff, 0xff, 0xff, 0xff, 0xff, 0x05, 0xe6, 0xff, 0xff, 0xff, 0xff, 0xff, 0xff, 0xff,
0xff, 0xff, 0xff, 0xff, 0xff, 0x7f, 0x00, 0x00, 0x00, 0x00, 0x00, 0x90, 0xff, 0xff, 0xff, 0xff,
0xff, 0xff, 0xff, 0xdf, 0x02, 0xf8, 0xff, 0xff, 0xff, 0xff, 0xff, 0xff, 0xff, 0xff, 0xff, 0xff,
0xff, 0xff, 0xff, 0xff, 0x1a, 0x00, 0x00, 0x00, 0xf7, 0xff, 0xff, 0xff, 0xff, 0xff, 0xff, 0xff,
0xff, 0xff, 0xff, 0xff, 0xff, 0xff, 0xff, 0xff, 0xaf, 0x01, 0x00, 0x00, 0x00, 
/* -12- */
0x00, 0x00, 0x00, 0x00, 0x00, 0x00, 0x00, 0xa2, 0xff, 0xff, 0xff, 0xff, 0xff, 0xff, 0xff, 0xff,
0xff, 0xff, 0xff, 0xff, 0xff, 0xff, 0xff, 0xff, 0xff, 0xff, 0xcf, 0x03, 0xb1, 0xff, 0xff, 0xff,
0xff, 0xff, 0xff, 0xff, 0xbf, 0x01, 0x00, 0x00, 0x00, 0x00, 0x00, 0x00, 0x00, 0x00, 0x60, 0xff,
0xff, 0xff, 0xff, 0xff, 0xff, 0xff, 0xff, 0x65, 0xff, 0xff, 0xff, 0xff, 0xff, 0xff, 0xff, 0xff,
0xff, 0xff, 0xff, 0xff, 0xff, 0x2e, 0x00, 0x00, 0x00, 0x00, 0x00, 0x90, 0xff, 0xff, 0xff, 0xff,
0xff, 0xff, 0xff, 0xdf, 0x83, 0xff, 0xff, 0xff, 0xff, 0xff, 0xff, 0xff, 0xff, 0xff, 0xff, 0xff,
0xff, 0xff, 0xff, 0xff, 0x9f, 0x01, 0x00, 0x80, 0xff, 0xff, 0xff, 0xff, 0xff, 0xff, 0xff, 0xff,
0xff, 0xff, 0xff, 0xff, 0xff, 0xff, 0xff, 0xff, 0xff, 0x1b, 0x00, 0x00, 0x00, 
/* -13- */
0x00, 0x00, 0x00, 0x00, 0x00, 0x00, 0x50, 0xfd, 0xff, 0xff, 0xff, 0xff, 0xff, 0xff, 0xff, 0xff,
0xff, 0xff, 0xff, 0xff, 0xff, 0xff, 0xff, 0xff, 0xff, 0xff, 0xff, 0x3d, 0xb1, 0xff, 0xff, 0xff,
0xff, 0xff, 0xff, 0xff, 0xbf, 0x01, 0x00, 0x00, 0x00, 0x00, 0x00, 0x00, 0x00, 0x00, 0x60, 0xff,
0xff, 0xff, 0xff, 0xff, 0xff, 0xff, 0xff, 0xeb, 0xff, 0xff, 0xff, 0xff, 0xff, 0xff, 0xff, 0xff,
0xff, 0xff, 0xff, 0xff, 0xff, 0x08, 0x00, 0x00, 0x00, 0x00, 0x00, 0x90, 0xff, 0xff, 0xff, 0xff,
0xff, 0xff, 0xff, 0xdf, 0xfa, 0xff, 0xff, 0xff, 0xff, 0xff, 0xff, 0xff, 0xff, 0xff, 0xff, 0xff,
0xff, 0xff, 0xff, 0xff, 0xff, 0x08, 0x00, 0xf8, 0xff, 0xff, 0xff, 0xff, 0xff, 0xff, 0xff, 0xff,
0xff, 0xff, 0xff, 0xff, 0xff, 0xff, 0xff, 0xff, 0xff, 0xaf, 0x00, 0x00, 0x00, 
/* -14- */
0x00, 0x00, 0x00, 0x00, 0x00, 0x00, 0xe5, 0xff, 0xff, 0xff, 0xff, 0xff, 0xff, 0xff, 0xff, 0xff,
0xff, 0xff, 0xff, 0xff, 0xff, 0xff, 0xff, 0xff, 0xff, 0xff, 0xff, 0xdf, 0xb3, 0xff, 0xff, 0xff,
0xff, 0xff, 0xff, 0xff, 0xbf, 0x01, 0x00, 0x00, 0x00, 0x00, 0x00, 0x00, 0x00, 0x00, 0x60, 0xff,
0xff, 0xff, 0xff, 0xff, 0xff, 0xff, 0xff, 0xff, 0xff, 0xff, 0xff, 0xff, 0xff, 0xff, 0xff, 0xff,
0xff, 0xff, 0xff, 0xff, 0xef, 0x03, 0x00, 0x00, 0x00, 0x00, 0x00, 0x90, 0xff, 0xff, 0xff, 0xff,
0xff, 0xff, 0xff, 0xff, 0xff, 0xff, 0xff, 0xff, 0xff, 0xff, 0xff, 0xff, 0xff, 0xff, 0xff, 0xff,
0xff, 0xff, 0xff, 0xff, 0xff, 0x4f, 0x70, 0xff, 0xff, 0xff, 0xff, 0xff, 0xff, 0xff, 0xff, 0xff,
0xff, 0xff, 0xff, 0xff, 0xff, 0xff, 0xff, 0xff, 0xff, 0xff, 0x07, 0x00, 0x00, 
/* -15- */
0x00, 0x00, 0x00, 0x00, 0x00, 0x60, 0xff, 0xff, 0xff, 0xff, 0xff, 0xff, 0xff, 0xff, 0xff, 0xff,
0xff, 0xff, 0xff, 0xff, 0xff, 0xff, 0xff, 0xff, 0xff, 0xff, 0xff, 0xff, 0xcd, 0xff, 0xff, 0xff,
0xff, 0xff, 0xff, 0xff, 0xbf, 0x01, 0x00, 0x00, 0x00, 0x00, 0x00, 0x00, 0x00, 0x00, 0x60, 0xff,
0xff, 0xff, 0xff, 0xff, 0xff, 0xff, 0xff, 0xff, 0xff, 0xff, 0xff, 0xff, 0xff, 0xff, 0xff, 0xff,
0xff, 0xff, 0xff, 0xff, 0x9f, 0x00, 0x00, 0x00, 0x00, 0x00, 0x00, 0x90, 0xff, 0xff, 0xff, 0xff,
0xff, 0xff, 0xff, 0xff, 0xff, 0xff, 0xff, 0xff, 0xff, 0xff, 0xff, 0xff, 0xff, 0xff, 0xff, 0xff,
0xff, 0xff, 0xff, 0xff, 0xff, 0xcf, 0xf6, 0xff, 0xff, 0xff, 0xff, 0xff, 0xff, 0xff, 0xff, 0xff,
0xff, 0xff, 0xff, 0xff, 0xff, 0xff, 0xff, 0xff, 0xff, 0xff, 0x4f, 0x00, 0x00, 
/* -16- */
0x00, 0x00, 0x00, 0x00, 0x00, 0xf5, 0xff, 0xff, 0xff, 0xff, 0xff, 0xff, 0xff, 0xff, 0xff, 0xff,
0xff, 0xff, 0xff, 0xff, 0xff, 0xff, 0xff, 0xff, 0xff, 0xff, 0xff, 0xff, 0xff, 0xff, 0xff, 0xff,
0xff, 0xff, 0xff, 0xff, 0xbf, 0x01, 0x00, 0x00, 0x00, 0x00, 0x00, 0x00, 0x00, 0x00, 0x60, 0xff,
0xff, 0xff, 0xff, 0xff, 0xff, 0xff, 0xff, 0xff, 0xff, 0xff, 0xff, 0xff, 0xff, 0xff, 0xff, 0xff,
0xff, 0xff, 0xff, 0xff, 0x5f, 0x00, 0x00, 0x00, 0x00, 0x00, 0x00, 0x90, 0xff, 0xff, 0xff, 0xff,
0xff, 0xff, 0xff, 0xff, 0xff, 0xff, 0xff, 0xff, 0xff, 0xff, 0xff, 0xff, 0xff, 0xff, 0xff, 0xff,
0xff, 0xff, 0xff, 0xff, 0xff, 0xff, 0xff, 0xff, 0xff, 0xff, 0xff, 0xff, 0xff, 0xff, 0xff, 0xff,
0xff, 0xff, 0xff, 0xff, 0xff, 0xff, 0xff, 0xff, 0xff, 0xff, 0xcf, 0x01, 0x00, 
/* -17- */
0x00, 0x00, 0x00, 0x00, 0x40, 0xfe, 0xff, 0xff, 0xff, 0xff, 0xff, 0xff, 0xff, 0xff, 0xff, 0xff,
0xff, 0xff, 0xff, 0xff, 0xff, 0xff, 0xff, 0xff, 0xff, 0xff, 0xff, 0xff, 0xff, 0xff, 0xff, 0xff,
0xff, 0xff, 0xff, 0xff, 0xbf, 0x01, 0x00, 0x00, 0x00, 0x00, 0x00, 0x00, 0x00, 0x00, 0x60, 0xff,
0xff, 0xff, 0xff, 0xff, 0xff, 0xff, 0xff, 0xff, 0xff, 0xff, 0xff, 0xff, 0xff, 0xff, 0xff, 0xff,
0xff, 0xff, 0xff, 0xff, 0x0b, 0x00, 0x00, 0x00, 0x00, 0x00, 0x00, 0x90, 0xff, 0xff, 0xff, 0xff,
0xff, 0xff, 0xff, 0xff, 0xff, 0xff, 0xff, 0xff, 0xff, 0xff, 0xff, 0xff, 0xff, 0xff, 0xff, 0xff,
0xff, 0xff, 0xff, 0xff, 0xff, 0xff, 0xff, 0xff, 0xff, 0xff, 0xff, 0xff, 0xff, 0xff, 0xff, 0xff,
0xff, 0xff, 0xff, 0xff, 0xff, 0xff, 0xff, 0xff, 0xff, 0xff, 0xff, 0x07, 0x00, 
/* -18- */
0x00, 0x00, 0x00, 0x00, 0xd2, 0xff, 0xff, 0xff, 0xff, 0xff, 0xff, 0xff, 0xff, 0xff, 0xff, 0xff,
0xff, 0xff, 0xff, 0xff, 0xff, 0xff, 0xff, 0xff, 0xff, 0xff, 0xff, 0xff, 0xff, 0xff, 0xff, 0xff,
0xff, 0xff, 0xff, 0xff, 0xbf, 0x01, 0x00, 0x00, 0x00, 0x00, 0x00, 0x00, 0x00, 0x00, 0x60, 0xff,
0xff, 0xff, 0xff, 0xff, 0xff, 0xff, 0xff, 0xff, 0xff, 0xff, 0xff, 0xff, 0xff, 0xff, 0xff, 0xff,
0xff, 0xff, 0xff, 0xff, 0x06, 0x00, 0x00, 0x00, 0x00, 0x00, 0x00, 0x90, 0xff, 0xff, 0xff, 0xff,
0xff, 0xff, 0xff, 0xff, 0xff, 0xff, 0xff, 0xff, 0xff, 0xff, 0xff, 0xff, 0xff, 0xff, 0xff, 0xff,
0xff, 0xff, 0xff, 0xff, 0xff, 0xff, 0xff, 0xff, 0xff, 0xff, 0xff, 0xff, 0xff, 0xff, 0xff, 0xff,
0xff, 0xff, 0xff, 0xff, 0xff, 0xff, 0xff, 0xff, 0xff, 0xff, 0xff, 0x1c, 0x00, 
/* -19- */
0x00, 0x00, 0x00, 0x00, 0xfa, 0xff, 0xff, 0xff, 0xff, 0xff, 0xff, 0xff, 0xff, 0xff, 0xff, 0xff,
0xff, 0xff, 0xff, 0xff, 0xff, 0xff, 0xff, 0xff, 0xff, 0xff, 0xff, 0xff, 0xff, 0xff, 0xff, 0xff,
0xff, 0xff, 0xff, 0xff, 0xbf, 0x01, 0x00, 0x00, 0x00, 0x00, 0x00, 0x00, 0x00, 0x00, 0x60, 0xff,
0xff, 0xff, 0xff, 0xff, 0xff, 0xff, 0xff, 0xff, 0xff, 0xff, 0xff, 0xff, 0xff, 0xff, 0xff, 0xff,
0xff, 0xff, 0xff, 0xdf, 0x00, 0x00, 0x00, 0x00, 0x00, 0x00, 0x00, 0x90, 0xff, 0xff, 0xff, 0xff,
0xff, 0xff, 0xff, 0xff, 0xff, 0xff, 0xff, 0xff, 0xff, 0xff, 0xff, 0xff, 0xff, 0xff, 0xff, 0xff,
0xff, 0xff, 0xff, 0xff, 0xff, 0xff, 0xff, 0xff, 0xff, 0xff, 0xff, 0xff, 0xff, 0xff, 0xff, 0xff,
0xff, 0xff, 0xff, 0xff, 0xff, 0xff, 0xff, 0xff, 0xff, 0xff, 0xff, 0x6f, 0x00, 
/* -20- */
0x00, 0x00, 0x00, 0x70, 0xff, 0xff, 0xff, 0xff, 0xff, 0xff, 0xff, 0xff, 0xff, 0xff, 0xff, 0xff,
0xef, 0xce, 0xaa, 0xaa, 0xec, 0xfe, 0xff, 0xff, 0xff, 0xff, 0xff, 0xff, 0xff, 0xff, 0xff, 0xff,
0xff, 0xff, 0xff, 0xff, 0xbf, 0x01, 0x00, 0x00, 0x00, 0x00, 0x00, 0x00, 0x00, 0x00, 0x60, 0xff,
0xff, 0xff, 0xff, 0xff, 0xff, 0xff, 0xff, 0xff, 0xff, 0xff, 0xff, 0xff, 0xff, 0xff, 0xff, 0xff,
0xff, 0xff, 0xff, 0x7f, 0x00, 0x00, 0x00, 0x00, 0x00, 0x00, 0x00, 0x90, 0xff, 0xff, 0xff, 0xff,
0xff, 0xff, 0xff, 0xff, 0xff, 0xff, 0xff, 0xff, 0xef, 0xad, 0x89, 0xb9, 0xfe, 0xff, 0xff, 0xff,
0xff, 0xff, 0xff, 0xff, 0xff, 0xff, 0xff, 0xff, 0xff, 0xff, 0xff, 0xff, 0xff, 0xde, 0x9a, 0x98,
0xec, 0xff, 0xff, 0xff, 0xff, 0xff, 0xff, 0xff, 0xff, 0xff, 0xff, 0xaf, 0x00, 
/* -21- */
0x00, 0x00, 0x00, 0xe3, 0xff, 0xff, 0xff, 0xff, 0xff, 0xff, 0xff, 0xff, 0xff, 0xff, 0xff, 0xad,
0x26, 0x00, 0x00, 0x00, 0x00, 0x62, 0xda, 0xff, 0xff, 0xff, 0xff, 0xff, 0xff, 0xff, 0xff, 0xff,
0xff, 0xff, 0xff, 0xff, 0xbf, 0x01, 0x00, 0x00, 0x00, 0x00, 0x00, 0x00, 0x00, 0x00, 0x60, 0xff,
0xff, 0xff, 0xff, 0xff, 0xff, 0xff, 0xff, 0xff, 0xff, 0xff, 0xff, 0xff, 0xbd, 0x8a, 0x88, 0xb9,
0xec, 0xff, 0xff, 0x1e, 0x00, 0x00, 0x00, 0x00, 0x00, 0x00, 0x00, 0x90, 0xff, 0xff, 0xff, 0xff,
0xff, 0xff, 0xff, 0xff, 0xff, 0xff, 0xff, 0xdf, 0x38, 0x00, 0x00, 0x00, 0x60, 0xfc, 0xff, 0xff,
0xff, 0xff, 0xff, 0xff, 0xff, 0xff, 0xff, 0xff, 0xff, 0xff, 0xff, 0xff, 0x8d, 0x02, 0x00, 0x00,
0x10, 0xd7, 0xff, 0xff, 0xff, 0xff, 0xff, 0xff, 0xff, 0xff, 0xff, 0xef, 0x03, 
/* -22- */
0x00, 0x00, 0x00, 0xf9, 0xff, 0xff, 0xff, 0xff, 0xff, 0xff, 0xff, 0xff, 0xff, 0xff, 0x8d, 0x03,
0x00, 0x00, 0x00, 0x00, 0x00, 0x00, 0x20, 0xc7, 0xff, 0xff, 0xff, 0xff, 0xff, 0xff, 0xff, 0xff,
0xff, 0xff, 0xff, 0xff, 0xbf, 0x01, 0x00, 0x00, 0x00, 0x00, 0x00, 0x00, 0x00, 0x00, 0x60, 0xff,
0xff, 0xff, 0xff, 0xff, 0xff, 0xff, 0xff, 0xff, 0xff, 0xff, 0xff, 0x6b, 0x02, 0x00, 0x00, 0x00,
0x30, 0xb7, 0xff, 0x08, 0x00, 0x00, 0x00, 0x00, 0x00, 0x00, 0x00, 0x90, 0xff, 0xff, 0xff, 0xff,
0xff, 0xff, 0xff, 0xff, 0xff, 0xff, 0xff, 0x29, 0x00, 0x00, 0x00, 0x00, 0x00, 0x81, 0xff, 0xff,
0xff, 0xff, 0xff, 0xff, 0xff, 0xff, 0xff, 0xff, 0xff, 0xff, 0xff, 0x8e, 0x01, 0x00, 0x00, 0x00,
0x00, 0x20, 0xfa, 0xff, 0xff, 0xff, 0xff, 0xff, 0xff, 0xff, 0xff, 0xff, 0x05, 
/* -23- */
0x00, 0x00, 0x40, 0xff, 0xff, 0xff, 0xff, 0xff, 0xff, 0xff, 0xff, 0xff, 0xff, 0x9f, 0x03, 0x00,
0x00, 0x00, 0x00, 0x00, 0x00, 0x00, 0x00, 0x20, 0xe7, 0xff, 0xff, 0xff, 0xff, 0xff, 0xff, 0xff,
0xff, 0xff, 0xff, 0xff, 0xbf, 0x01, 0x00, 0x00, 0x00, 0x00, 0x00, 0x00, 0x00, 0x00, 0x60, 0xff,
0xff, 0xff, 0xff, 0xff, 0xff, 0xff, 0xff, 0xff, 0xff, 0xff, 0x6e, 0x01, 0x00, 0x00, 0x00, 0x00,
0x00, 0x10, 0xa5, 0x02, 0x00, 0x00, 0x00, 0x00, 0x00, 0x00, 0x00, 0x90, 0xff, 0xff, 0xff, 0xff,
0xff, 0xff, 0xff, 0xff, 0xff, 0xff, 0x6e, 0x00, 0x00, 0x00, 0x00, 0x00, 0x00, 0x00, 0xf7, 0xff,
0xff, 0xff, 0xff, 0xff, 0xff, 0xff, 0xff, 0xff, 0xff, 0xff, 0xdf, 0x04, 0x00, 0x00, 0x00, 0x00,
0x00, 0x00, 0x90, 0xff, 0xff, 0xff, 0xff, 0xff, 0xff, 0xff, 0xff, 0xff, 0x08, 
/* -24- */
0x00, 0x00, 0xc0, 0xff, 0xff, 0xff, 0xff, 0xff, 0xff, 0xff, 0xff, 0xff, 0xef, 0x06, 0x00, 0x00,
0x00, 0x00, 0x00, 0x00, 0x00, 0x00, 0x00, 0x00, 0x30, 0xfd, 0xff, 0xff, 0xff, 0xff, 0xff, 0xff,
0xff, 0xff, 0xff, 0xff, 0xbf, 0x01, 0x00, 0x00, 0x00, 0x00, 0x00, 0x00, 0x00, 0x00, 0x60, 0xff,
0xff, 0xff, 0xff, 0xff, 0xff, 0xff, 0xff, 0xff, 0xff, 0xcf, 0x02, 0x00, 0x00, 0x00, 0x00, 0x00,
0x00, 0x00, 0x10, 0x00, 0x00, 0x00, 0x00, 0x00, 0x00, 0x00, 0x00, 0x90, 0xff, 0xff, 0xff, 0xff,
0xff, 0xff, 0xff, 0xff, 0xff, 0xef, 0x05, 0x00, 0x00, 0x00, 0x00, 0x00, 0x00, 0x00, 0x90, 0xff,
0xff, 0xff, 0xff, 0xff, 0xff, 0xff, 0xff, 0xff, 0xff, 0xff, 0x4d, 0x00, 0x00, 0x00, 0x00, 0x00,
0x00, 0x00, 0x00, 0xfb, 0xff, 0xff, 0xff, 0xff, 0xff, 0xff, 0xff, 0xff, 0x1b, 
/* -25- */
0x00, 0x00, 0xf4, 0xff, 0xff, 0xff, 0xff, 0xff, 0xff, 0xff, 0xff, 0xff, 0x4e, 0x00, 0x00, 0x00,
0x00, 0x00, 0x00, 0x00, 0x00, 0x00, 0x00, 0x00, 0x00, 0xb1, 0xff, 0xff, 0xff, 0xff, 0xff, 0xff,
0xff, 0xff, 0xff, 0xff, 0xbf, 0x01, 0x00, 0x00, 0x00, 0x00, 0x00, 0x00, 0x00, 0x00, 0x60, 0xff,
0xff, 0xff, 0xff, 0xff, 0xff, 0xff, 0xff, 0xff, 0xff, 0x1c, 0x00, 0x00, 0x00, 0x00, 0x00, 0x00,
0x00, 0x00, 0x00, 0x00, 0x00, 0x00, 0x00, 0x00, 0x00, 0x00, 0x00, 0x90, 0xff, 0xff, 0xff, 0xff,
0xff, 0xff, 0xff, 0xff, 0xff, 0x7f, 0x00, 0x00, 0x00, 0x00, 0x00, 0x00, 0x00, 0x00, 0x10, 0xfe,
0xff, 0xff, 0xff, 0xff, 0xff, 0xff, 0xff, 0xff, 0xff, 0xff, 0x05, 0x00, 0x00, 0x00, 0x00, 0x00,
0x00, 0x00, 0x00, 0xf3, 0xff, 0xff, 0xff, 0xff, 0xff, 0xff, 0xff, 0xff, 0x1e, 
/* -26- */
0x00, 0x00, 0xfa, 0xff, 0xff, 0xff, 0xff, 0xff, 0xff, 0xff, 0xff, 0xef, 0x04, 0x00, 0x00, 0x00,
0x00, 0x00, 0x00, 0x00, 0x00, 0x00, 0x00, 0x00, 0x00, 0x10, 0xfb, 0xff, 0xff, 0xff, 0xff, 0xff,
0xff, 0xff, 0xff, 0xff, 0xbf, 0x01, 0x00, 0x00, 0x00, 0x00, 0x00, 0x00, 0x00, 0x00, 0x60, 0xff,
0xff, 0xff, 0xff, 0xff, 0xff, 0xff, 0xff, 0xff, 0xef, 0x03, 0x00, 0x00, 0x00, 0x00, 0x00, 0x00,
0x00, 0x00, 0x00, 0x00, 0x00, 0x00, 0x00, 0x00, 0x00, 0x00, 0x00, 0x90, 0xff, 0xff, 0xff, 0xff,
0xff, 0xff, 0xff, 0xff, 0xff, 0x0c, 0x00, 0x00, 0x00, 0x00, 0x00, 0x00, 0x00, 0x00, 0x00, 0xf8,
0xff, 0xff, 0xff, 0xff, 0xff, 0xff, 0xff, 0xff, 0xff, 0xaf, 0x00, 0x00, 0x00, 0x00, 0x00, 0x00,
0x00, 0x00, 0x00, 0xa0, 0xff, 0xff, 0xff, 0xff, 0xff, 0xff, 0xff, 0xff, 0x3f, 
/* -27- */
0x00, 0x30, 0xfe, 0xff, 0xff, 0xff, 0xff, 0xff, 0xff, 0xff, 0xff, 0x5e, 0x00, 0x00, 0x00, 0x00,
0x00, 0x00, 0x00, 0x00, 0x00, 0x00, 0x00, 0x00, 0x00, 0x00, 0xc2, 0xff, 0xff, 0xff, 0xff, 0xff,
0xff, 0xff, 0xff, 0xff, 0xbf, 0x01, 0x00, 0x00, 0x00, 0x00, 0x00, 0x00, 0x00, 0x00, 0x60, 0xff,
0xff, 0xff, 0xff, 0xff, 0xff, 0xff, 0xff, 0xff, 0x6f, 0x00, 0x00, 0x00, 0x00, 0x00, 0x00, 0x00,
0x00, 0x00, 0x00, 0x00, 0x00, 0x00, 0x00, 0x00, 0x00, 0x00, 0x00, 0x90, 0xff, 0xff, 0xff, 0xff,
0xff, 0xff, 0xff, 0xff, 0xff, 0x04, 0x00, 0x00, 0x00, 0x00, 0x00, 0x00, 0x00, 0x00, 0x00, 0xf2,
0xff, 0xff, 0xff, 0xff, 0xff, 0xff, 0xff, 0xff, 0xff, 0x2e, 0x00, 0x00, 0x00, 0x00, 0x00, 0x00,
0x00, 0x00, 0x00, 0x50, 0xff, 0xff, 0xff, 0xff, 0xff, 0xff, 0xff, 0xff, 0x5f, 
/* -28- */
0x00, 0x80, 0xff, 0xff, 0xff, 0xff, 0xff, 0xff, 0xff, 0xff, 0xff, 0x08, 0x00, 0x00, 0x00, 0x00,
0x00, 0x00, 0x00, 0x00, 0x00, 0x00, 0x00, 0x00, 0x00, 0x00, 0x40, 0xfe, 0xff, 0xff, 0xff, 0xff,
0xff, 0xff, 0xff, 0xff, 0xbf, 0x01, 0x00, 0x00, 0x00, 0x00, 0x00, 0x00, 0x00, 0x00, 0x60, 0xff,
0xff, 0xff, 0xff, 0xff, 0xff, 0xff, 0xff, 0xff, 0x1b, 0x00, 0x00, 0x00, 0x00, 0x00, 0x00, 0x00,
0x00, 0x00, 0x00, 0x00, 0x00, 0x00, 0x00, 0x00, 0x00, 0x00, 0x00, 0x90, 0xff, 0xff, 0xff, 0xff,
0xff, 0xff, 0xff, 0xff, 0xcf, 0x00, 0x00, 0x00, 0x00, 0x00, 0x00, 0x00, 0x00, 0x00, 0x00, 0xc1,
0xff, 0xff, 0xff, 0xff, 0xff, 0xff, 0xff, 0xff, 0xff, 0x0a, 0x00, 0x00, 0x00, 0x00, 0x00, 0x00,
0x00, 0x00, 0x00, 0x20, 0xfd, 0xff, 0xff, 0xff, 0xff, 0xff, 0xff, 0xff, 0x7f, 
/* -29- */
0x00, 0xb0, 0xff, 0xff, 0xff, 0xff, 0xff, 0xff, 0xff, 0xff, 0xcf, 0x01, 0x00, 0x00, 0x00, 0x00,
0x00, 0x00, 0x00, 0x00, 0x00, 0x00, 0x00, 0x00, 0x00, 0x00, 0x00, 0xf8, 0xff, 0xff, 0xff, 0xff,
0xff, 0xff, 0xff, 0xff, 0xbf, 0x01, 0x00, 0x00, 0x00, 0x00, 0x00, 0x00, 0x00, 0x00, 0x60, 0xff,
0xff, 0xff, 0xff, 0xff, 0xff, 0xff, 0xff, 0xff, 0x05, 0x00, 0x00, 0x00, 0x00, 0x00, 0x00, 0x00,
0x00, 0x00, 0x00, 0x00, 0x00, 0x00, 0x00, 0x00, 0x00, 0x00, 0x00, 0x90, 0xff, 0xff, 0xff, 0xff,
0xff, 0xff, 0xff, 0xff, 0x6f, 0x00, 0x00, 0x00, 0x00, 0x00, 0x00, 0x00, 0x00, 0x00, 0x00, 0x90,
0xff, 0xff, 0xff, 0xff, 0xff, 0xff, 0xff, 0xff, 0xff, 0x04, 0x00, 0x00, 0x00, 0x00, 0x00, 0x00,
0x00, 0x00, 0x00, 0x10, 0xfb, 0xff, 0xff, 0xff, 0xff, 0xff, 0xff, 0xff, 0x8f, 
/* -30- */
0x00, 0xe3, 0xff, 0xff, 0xff, 0xff, 0xff, 0xff, 0xff, 0xff, 0x5f, 0x00, 0x00, 0x00, 0x00, 0x00,
0x00, 0x00, 0x00, 0x00, 0x00, 0x00, 0x00, 0x00, 0x00, 0x00, 0x00, 0xd0, 0xff, 0xff, 0xff, 0xff,
0xff, 0xff, 0xff, 0xff, 0xbf, 0x01, 0x00, 0x00, 0x00, 0x00, 0x00, 0x00, 0x00, 0x00, 0x60, 0xff,
0xff, 0xff, 0xff, 0xff, 0xff, 0xff, 0xff, 0xcf, 0x01, 0x00, 0x00, 0x00, 0x00, 0x00, 0x00, 0x00,
0x00, 0x00, 0x00, 0x00, 0x00, 0x00, 0x00, 0x00, 0x00, 0x00, 0x00, 0x90, 0xff, 0xff, 0xff, 0xff,
0xff, 0xff, 0xff, 0xff, 0x2f, 0x00, 0x00, 0x00, 0x00, 0x00, 0x00, 0x00, 0x00, 0x00, 0x00, 0x60,
0xff, 0xff, 0xff, 0xff, 0xff, 0xff, 0xff, 0xff, 0xef, 0x00, 0x00, 0x00, 0x00, 0x00, 0x00, 0x00,
0x00, 0x00, 0x00, 0x00, 0xf9, 0xff, 0xff, 0xff, 0xff, 0xff, 0xff, 0xff, 0xaf, 
/* -31- */
0x00, 0xf7, 0xff, 0xff, 0xff, 0xff, 0xff, 0xff, 0xff, 0xff, 0x0b, 0x00, 0x00, 0x00, 0x00, 0x00,
0x00, 0x00, 0x00, 0x00, 0x00, 0x00, 0x00, 0x00, 0x00, 0x00, 0x00, 0x50, 0xff, 0xff, 0xff, 0xff,
0xff, 0xff, 0xff, 0xff, 0xbf, 0x01, 0x00, 0x00, 0x00, 0x00, 0x00, 0x00, 0x00, 0x00, 0x60, 0xff,
0xff, 0xff, 0xff, 0xff, 0xff, 0xff, 0xff, 0x9f, 0x00, 0x00, 0x00, 0x00, 0x00, 0x00, 0x00, 0x00,
0x00, 0x00, 0x00, 0x00, 0x00, 0x00, 0x00, 0x00, 0x00, 0x00, 0x00, 0x90, 0xff, 0xff, 0xff, 0xff,
0xff, 0xff, 0xff, 0xff, 0x1c, 0x00, 0x00, 0x00, 0x00, 0x00, 0x00, 0x00, 0x00, 0x00, 0x00, 0x40,
0xff, 0xff, 0xff, 0xff, 0xff, 0xff, 0xff, 0xff, 0xaf, 0x00, 0x00, 0x00, 0x00, 0x00, 0x00, 0x00,
0x00, 0x00, 0x00, 0x00, 0xf7, 0xff, 0xff, 0xff, 0xff, 0xff, 0xff, 0xff, 0xbf, 
/* -32- */
0x00, 0xf9, 0xff, 0xff, 0xff, 0xff, 0xff, 0xff, 0xff, 0xff, 0x04, 0x00, 0x00, 0x00, 0x00, 0x00,
0x00, 0x00, 0x00, 0x00, 0x00, 0x00, 0x00, 0x00, 0x00, 0x00, 0x00, 0x10, 0xfd, 0xff, 0xff, 0xff,
0xff, 0xff, 0xff, 0xff, 0xbf, 0x01, 0x00, 0x00, 0x00, 0x00, 0x00, 0x00, 0x00, 0x00, 0x60, 0xff,
0xff, 0xff, 0xff, 0xff, 0xff, 0xff, 0xff, 0x5f, 0x00, 0x00, 0x00, 0x00, 0x00, 0x00, 0x00, 0x00,
0x00, 0x00, 0x00, 0x00, 0x00, 0x00, 0x00, 0x00, 0x00, 0x00, 0x00, 0x90, 0xff, 0xff, 0xff, 0xff,
0xff, 0xff, 0xff, 0xff, 0x09, 0x00, 0x00, 0x00, 0x00, 0x00, 0x00, 0x00, 0x00, 0x00, 0x00, 0x40,
0xff, 0xff, 0xff, 0xff, 0xff, 0xff, 0xff, 0xff, 0x7f, 0x00, 0x00, 0x00, 0x00, 0x00, 0x00, 0x00,
0x00, 0x00, 0x00, 0x00, 0xf6, 0xff, 0xff, 0xff, 0xff, 0xff, 0xff, 0xff, 0xbf, 
/* -33- */
0x10, 0xfc, 0xff, 0xff, 0xff, 0xff, 0xff, 0xff, 0xff, 0xcf, 0x00, 0x00, 0x00, 0x00, 0x00, 0x00,
0x00, 0x00, 0x00, 0x00, 0x00, 0x00, 0x00, 0x00, 0x00, 0x00, 0x00, 0x00, 0xf7, 0xff, 0xff, 0xff,
0xff, 0xff, 0xff, 0xff, 0xbf, 0x01, 0x00, 0x00, 0x00, 0x00, 0x00, 0x00, 0x00, 0x00, 0x60, 0xff,
0xff, 0xff, 0xff, 0xff, 0xff, 0xff, 0xff, 0x1e, 0x00, 0x00, 0x00, 0x00, 0x00, 0x00, 0x00, 0x00,
0x00, 0x00, 0x00, 0x00, 0x00, 0x00, 0x00, 0x00, 0x00, 0x00, 0x00, 0x90, 0xff, 0xff, 0xff, 0xff,
0xff, 0xff, 0xff, 0xff, 0x06, 0x00, 0x00, 0x00, 0x00, 0x00, 0x00, 0x00, 0x00, 0x00, 0x00, 0x30,
0xfe, 0xff, 0xff, 0xff, 0xff, 0xff, 0xff, 0xff, 0x4f, 0x00, 0x00, 0x00, 0x00, 0x00, 0x00, 0x00,
0x00, 0x00, 0x00, 0x00, 0xf5, 0xff, 0xff, 0xff, 0xff, 0xff, 0xff, 0xff, 0xcf, 
/* -34- */
0x30, 0xfe, 0xff, 0xff, 0xff, 0xff, 0xff, 0xff, 0xff, 0x7f, 0x00, 0x00, 0x00, 0x00, 0x00, 0x00,
0x00, 0x00, 0x00, 0x00, 0x00, 0x00, 0x00, 0x00, 0x00, 0x00, 0x00, 0x00, 0xf4, 0xff, 0xff, 0xff,
0xff, 0xff, 0xff, 0xff, 0xbf, 0x01, 0x00, 0x00, 0x00, 0x00, 0x00, 0x00, 0x00, 0x00, 0x60, 0xff,
0xff, 0xff, 0xff, 0xff, 0xff, 0xff, 0xff, 0x0d, 0x00, 0x00, 0x00, 0x00, 0x00, 0x00, 0x00, 0x00,
0x00, 0x00, 0x00, 0x00, 0x00, 0x00, 0x00, 0x00, 0x00, 0x00, 0x00, 0x90, 0xff, 0xff, 0xff, 0xff,
0xff, 0xff, 0xff, 0xff, 0x05, 0x00, 0x00, 0x00, 0x00, 0x00, 0x00, 0x00, 0x00, 0x00, 0x00, 0x20,
0xfd, 0xff, 0xff, 0xff, 0xff, 0xff, 0xff, 0xff, 0x3f, 0x00, 0x00, 0x00, 0x00, 0x00, 0x00, 0x00,
0x00, 0x00, 0x00, 0x00, 0xe4, 0xff, 0xff, 0xff, 0xff, 0xff, 0xff, 0xff, 0xcf, 
/* -35- */
0x40, 0xff, 0xff, 0xff, 0xff, 0xff, 0xff, 0xff, 0xff, 0x2f, 0x00, 0x00, 0x00, 0x00, 0x00, 0x00,
0x00, 0x00, 0x00, 0x00, 0x00, 0x00, 0x00, 0x00, 0x00, 0x00, 0x00, 0x00, 0xc1, 0xff, 0xff, 0xff,
0xff, 0xff, 0xff, 0xff, 0xbf, 0x01, 0x00, 0x00, 0x00, 0x00, 0x00, 0x00, 0x00, 0x00, 0x60, 0xff,
0xff, 0xff, 0xff, 0xff, 0xff, 0xff, 0xff, 0x0b, 0x00, 0x00, 0x00, 0x00, 0x00, 0x00, 0x00, 0x00,
0x00, 0x00, 0x00, 0x00, 0x00, 0x00, 0x00, 0x00, 0x00, 0x00, 0x00, 0x90, 0xff, 0xff, 0xff, 0xff,
0xff, 0xff, 0xff, 0xff, 0x04, 0x00, 0x00, 0x00, 0x00, 0x00, 0x00, 0x00, 0x00, 0x00, 0x00, 0x20,
0xfd, 0xff, 0xff, 0xff, 0xff, 0xff, 0xff, 0xff, 0x2f, 0x00, 0x00, 0x00, 0x00, 0x00, 0x00, 0x00,
0x00, 0x00, 0x00, 0x00, 0xe4, 0xff, 0xff, 0xff, 0xff, 0xff, 0xff, 0xff, 0xcf, 
/* -36- */
0x60, 0xff, 0xff, 0xff, 0xff, 0xff, 0xff, 0xff, 0xff, 0x1c, 0x00, 0x00, 0x00, 0x00, 0x00, 0x00,
0x00, 0x00, 0x00, 0x00, 0x00, 0x00, 0x00, 0x00, 0x00, 0x00, 0x00, 0x00, 0x90, 0xff, 0xff, 0xff,
0xff, 0xff, 0xff, 0xff, 0xbf, 0x01, 0x00, 0x00, 0x00, 0x00, 0x00, 0x00, 0x00, 0x00, 0x60, 0xff,
0xff, 0xff, 0xff, 0xff, 0xff, 0xff, 0xff, 0x09, 0x00, 0x00, 0x00, 0x00, 0x00, 0x00, 0x00, 0x00,
0x00, 0x00, 0x00, 0x00, 0x00, 0x00, 0x00, 0x00, 0x00, 0x00, 0x00, 0x90, 0xff, 0xff, 0xff, 0xff,
0xff, 0xff, 0xff, 0xef, 0x03, 0x00, 0x00, 0x00, 0x00, 0x00, 0x00, 0x00, 0x00, 0x00, 0x00, 0x20,
0xfc, 0xff, 0xff, 0xff, 0xff, 0xff, 0xff, 0xff, 0x1e, 0x00, 0x00, 0x00, 0x00, 0x00, 0x00, 0x00,
0x00, 0x00, 0x00, 0x00, 0xe3, 0xff, 0xff, 0xff, 0xff, 0xff, 0xff, 0xff, 0xcf, 
/* -37- */
0x70, 0xff, 0xff, 0xff, 0xff, 0xff, 0xff, 0xff, 0xff, 0x09, 0x00, 0x00, 0x00, 0x00, 0x00, 0x00,
0x00, 0x00, 0x00, 0x00, 0x00, 0x00, 0x00, 0x00, 0x00, 0x00, 0x00, 0x00, 0x70, 0xff, 0xff, 0xff,
0xff, 0xff, 0xff, 0xff, 0xbf, 0x01, 0x00, 0x00, 0x00, 0x00, 0x00, 0x00, 0x00, 0x00, 0x60, 0xff,
0xff, 0xff, 0xff, 0xff, 0xff, 0xff, 0xff, 0x08, 0x00, 0x00, 0x00, 0x00, 0x00, 0x00, 0x00, 0x00,
0x00, 0x00, 0x00, 0x00, 0x00, 0x00, 0x00, 0x00, 0x00, 0x00, 0x00, 0x90, 0xff, 0xff, 0xff, 0xff,
0xff, 0xff, 0xff, 0xef, 0x03, 0x00, 0x00, 0x00, 0x00, 0x00, 0x00, 0x00, 0x00, 0x00, 0x00, 0x20,
0xfc, 0xff, 0xff, 0xff, 0xff, 0xff, 0xff, 0xff, 0x1d, 0x00, 0x00, 0x00, 0x00, 0x00, 0x00, 0x00,
0x00, 0x00, 0x00, 0x00, 0xe3, 0xff, 0xff, 0xff, 0xff, 0xff, 0xff, 0xff, 0xcf, 
/* -38- */
0x90, 0xff, 0xff, 0xff, 0xff, 0xff, 0xff, 0xff, 0xff, 0x06, 0x00, 0x00, 0x00, 0x00, 0x00, 0x00,
0x00, 0x00, 0x00, 0x00, 0x00, 0x00, 0x00, 0x00, 0x00, 0x00, 0x00, 0x00, 0x50, 0xff, 0xff, 0xff,
0xff, 0xff, 0xff, 0xff, 0xbf, 0x01, 0x00, 0x00, 0x00, 0x00, 0x00, 0x00, 0x00, 0x00, 0x60, 0xff,
0xff, 0xff, 0xff, 0xff, 0xff, 0xff, 0xff, 0x07, 0x00, 0x00, 0x00, 0x00, 0x00, 0x00, 0x00, 0x00,
0x00, 0x00, 0x00, 0x00, 0x00, 0x00, 0x00, 0x00, 0x00, 0x00, 0x00, 0x90, 0xff, 0xff, 0xff, 0xff,
0xff, 0xff, 0xff, 0xdf, 0x03, 0x00, 0x00, 0x00, 0x00, 0x00, 0x00, 0x00, 0x00, 0x00, 0x00, 0x10,
0xfc, 0xff, 0xff, 0xff, 0xff, 0xff, 0xff, 0xff, 0x1c, 0x00, 0x00, 0x00, 0x00, 0x00, 0x00, 0x00,
0x00, 0x00, 0x00, 0x00, 0xd3, 0xff, 0xff, 0xff, 0xff, 0xff, 0xff, 0xff, 0xcf, 
/* -39- */
0xa0, 0xff, 0xff, 0xff, 0xff, 0xff, 0xff, 0xff, 0xff, 0x04, 0x00, 0x00, 0x00, 0x00, 0x00, 0x00,
0x00, 0x00, 0x00, 0x00, 0x00, 0x00, 0x00, 0x00, 0x00, 0x00, 0x00, 0x00, 0x30, 0xfe, 0xff, 0xff,
0xff, 0xff, 0xff, 0xff, 0xbf, 0x01, 0x00, 0x00, 0x00, 0x00, 0x00, 0x00, 0x00, 0x00, 0x60, 0xff,
0xff, 0xff, 0xff, 0xff, 0xff, 0xff, 0xff, 0x06, 0x00, 0x00, 0x00, 0x00, 0x00, 0x00, 0x00, 0x00,
0x00, 0x00, 0x00, 0x00, 0x00, 0x00, 0x00, 0x00, 0x00, 0x00, 0x00, 0x90, 0xff, 0xff, 0xff, 0xff,
0xff, 0xff, 0xff, 0xdf, 0x02, 0x00, 0x00, 0x00, 0x00, 0x00, 0x00, 0x00, 0x00, 0x00, 0x00, 0x10,
0xfb, 0xff, 0xff, 0xff, 0xff, 0xff, 0xff, 0xff, 0x1c, 0x00, 0x00, 0x00, 0x00, 0x00, 0x00, 0x00,
0x00, 0x00, 0x00, 0x00, 0xd3, 0xff, 0xff, 0xff, 0xff, 0xff, 0xff, 0xff, 0xcf, 
/* -40- */
0xb1, 0xff, 0xff, 0xff, 0xff, 0xff, 0xff, 0xff, 0xff, 0x03, 0x00, 0x00, 0x00, 0x00, 0x00, 0x00,
0x00, 0x00, 0x00, 0x00, 0x00, 0x00, 0x00, 0x00, 0x00, 0x00, 0x00, 0x00, 0x20, 0xfd, 0xff, 0xff,
0xff, 0xff, 0xff, 0xff, 0xbf, 0x01, 0x00, 0x00, 0x00, 0x00, 0x00, 0x00, 0x00, 0x00, 0x60, 0xff,
0xff, 0xff, 0xff, 0xff, 0xff, 0xff, 0xff, 0x06, 0x00, 0x00, 0x00, 0x00, 0x00, 0x00, 0x00, 0x00,
0x00, 0x00, 0x00, 0x00, 0x00, 0x00, 0x00, 0x00, 0x00, 0x00, 0x00, 0x90, 0xff, 0xff, 0xff, 0xff,
0xff, 0xff, 0xff, 0xdf, 0x02, 0x00, 0x00, 0x00, 0x00, 0x00, 0x00, 0x00, 0x00, 0x00, 0x00, 0x10,
0xfb, 0xff, 0xff, 0xff, 0xff, 0xff, 0xff, 0xff, 0x1c, 0x00, 0x00, 0x00, 0x00, 0x00, 0x00, 0x00,
0x00, 0x00, 0x00, 0x00, 0xd3, 0xff, 0xff, 0xff, 0xff, 0xff, 0xff, 0xff, 0xcf, 
/* -41- */
0xc1, 0xff, 0xff, 0xff, 0xff, 0xff, 0xff, 0xff, 0xef, 0x03, 0x00, 0x00, 0x00, 0x00, 0x00, 0x00,
0x00, 0x00, 0x00, 0x00, 0x00, 0x00, 0x00, 0x00, 0x00, 0x00, 0x00, 0x00, 0x10, 0xfc, 0xff, 0xff,
0xff, 0xff, 0xff, 0xff, 0xbf, 0x01, 0x00, 0x00, 0x00, 0x00, 0x00, 0x00, 0x00, 0x00, 0x60, 0xff,
0xff, 0xff, 0xff, 0xff, 0xff, 0xff, 0xff, 0x06, 0x00, 0x00, 0x00, 0x00, 0x00, 0x00, 0x00, 0x00,
0x00, 0x00, 0x00, 0x00, 0x00, 0x00, 0x00, 0x00, 0x00, 0x00, 0x00, 0x90, 0xff, 0xff, 0xff, 0xff,
0xff, 0xff, 0xff, 0xdf, 0x02, 0x00, 0x00, 0x00, 0x00, 0x00, 0x00, 0x00, 0x00, 0x00, 0x00, 0x10,
0xfb, 0xff, 0xff, 0xff, 0xff, 0xff, 0xff, 0xff, 0x1b, 0x00, 0x00, 0x00, 0x00, 0x00, 0x00, 0x00,
0x00, 0x00, 0x00, 0x00, 0xd3, 0xff, 0xff, 0xff, 0xff, 0xff, 0xff, 0xff, 0xcf, 
/* -42- */
0xc1, 0xff, 0xff, 0xff, 0xff, 0xff, 0xff, 0xff, 0xdf, 0x02, 0x00, 0x00, 0x00, 0x00, 0x00, 0x00,
0x00, 0x00, 0x00, 0x00, 0x00, 0x00, 0x00, 0x00, 0x00, 0x00, 0x00, 0x00, 0x10, 0xfc, 0xff, 0xff,
0xff, 0xff, 0xff, 0xff, 0xbf, 0x01, 0x00, 0x00, 0x00, 0x00, 0x00, 0x00, 0x00, 0x00, 0x60, 0xff,
0xff, 0xff, 0xff, 0xff, 0xff, 0xff, 0xff, 0x06, 0x00, 0x00, 0x00, 0x00, 0x00, 0x00, 0x00, 0x00,
0x00, 0x00, 0x00, 0x00, 0x00, 0x00, 0x00, 0x00, 0x00, 0x00, 0x00, 0x90, 0xff, 0xff, 0xff, 0xff,
0xff, 0xff, 0xff, 0xdf, 0x02, 0x00, 0x00, 0x00, 0x00, 0x00, 0x00, 0x00, 0x00, 0x00, 0x00, 0x10,
0xfb, 0xff, 0xff, 0xff, 0xff, 0xff, 0xff, 0xff, 0x1b, 0x00, 0x00, 0x00, 0x00, 0x00, 0x00, 0x00,
0x00, 0x00, 0x00, 0x00, 0xd3, 0xff, 0xff, 0xff, 0xff, 0xff, 0xff, 0xff, 0xcf, 
/* -43- */
0xd1, 0xff, 0xff, 0xff, 0xff, 0xff, 0xff, 0xff, 0xdf, 0x02, 0x00, 0x00, 0x00, 0x00, 0x00, 0x00,
0x00, 0x00, 0x00, 0x00, 0x00, 0x00, 0x00, 0x00, 0x00, 0x00, 0x00, 0x00, 0x10, 0xfc, 0xff, 0xff,
0xff, 0xff, 0xff, 0xff, 0xbf, 0x01, 0x00, 0x00, 0x00, 0x00, 0x00, 0x00, 0x00, 0x00, 0x60, 0xff,
0xff, 0xff, 0xff, 0xff, 0xff, 0xff, 0xff, 0x06, 0x00, 0x00, 0x00, 0x00, 0x00, 0x00, 0x00, 0x00,
0x00, 0x00, 0x00, 0x00, 0x00, 0x00, 0x00, 0x00, 0x00, 0x00, 0x00, 0x90, 0xff, 0xff, 0xff, 0xff,
0xff, 0xff, 0xff, 0xdf, 0x02, 0x00, 0x00, 0x00, 0x00, 0x00, 0x00, 0x00, 0x00, 0x00, 0x00, 0x10,
0xfb, 0xff, 0xff, 0xff, 0xff, 0xff, 0xff, 0xff, 0x1b, 0x00, 0x00, 0x00, 0x00, 0x00, 0x00, 0x00,
0x00, 0x00, 0x00, 0x00, 0xd3, 0xff, 0xff, 0xff, 0xff, 0xff, 0xff, 0xff, 0xcf, 
/* -44- */
0xc1, 0xff, 0xff, 0xff, 0xff, 0xff, 0xff, 0xff, 0xdf, 0x02, 0x00, 0x00, 0x00, 0x00, 0x00, 0x00,
0x00, 0x00, 0x00, 0x00, 0x00, 0x00, 0x00, 0x00, 0x00, 0x00, 0x00, 0x00, 0x10, 0xfc, 0xff, 0xff,
0xff, 0xff, 0xff, 0xff, 0xbf, 0x01, 0x00, 0x00, 0x00, 0x00, 0x00, 0x00, 0x00, 0x00, 0x60, 0xff,
0xff, 0xff, 0xff, 0xff, 0xff, 0xff, 0xff, 0x06, 0x00, 0x00, 0x00, 0x00, 0x00, 0x00, 0x00, 0x00,
0x00, 0x00, 0x00, 0x00, 0x00, 0x00, 0x00, 0x00, 0x00, 0x00, 0x00, 0x90, 0xff, 0xff, 0xff, 0xff,
0xff, 0xff, 0xff, 0xdf, 0x02, 0x00, 0x00, 0x00, 0x00, 0x00, 0x00, 0x00, 0x00, 0x00, 0x00, 0x10,
0xfb, 0xff, 0xff, 0xff, 0xff, 0xff, 0xff, 0xff, 0x1b, 0x00, 0x00, 0x00, 0x00, 0x00, 0x00, 0x00,
0x00, 0x00, 0x00, 0x00, 0xd3, 0xff, 0xff, 0xff, 0xff, 0xff, 0xff, 0xff, 0xcf, 
/* -45- */
0xc1, 0xff, 0xff, 0xff, 0xff, 0xff, 0xff, 0xff, 0xef, 0x03, 0x00, 0x00, 0x00, 0x00, 0x00, 0x00,
0x00, 0x00, 0x00, 0x00, 0x00, 0x00, 0x00, 0x00, 0x00, 0x00, 0x00, 0x00, 0x10, 0xfc, 0xff, 0xff,
0xff, 0xff, 0xff, 0xff, 0xbf, 0x01, 0x00, 0x00, 0x00, 0x00, 0x00, 0x00, 0x00, 0x00, 0x60, 0xff,
0xff, 0xff, 0xff, 0xff, 0xff, 0xff, 0xff, 0x06, 0x00, 0x00, 0x00, 0x00, 0x00, 0x00, 0x00, 0x00,
0x00, 0x00, 0x00, 0x00, 0x00, 0x00, 0x00, 0x00, 0x00, 0x00, 0x00, 0x90, 0xff, 0xff, 0xff, 0xff,
0xff, 0xff, 0xff, 0xdf, 0x02, 0x00, 0x00, 0x00, 0x00, 0x00, 0x00, 0x00, 0x00, 0x00, 0x00, 0x10,
0xfb, 0xff, 0xff, 0xff, 0xff, 0xff, 0xff, 0xff, 0x1b, 0x00, 0x00, 0x00, 0x00, 0x00, 0x00, 0x00,
0x00, 0x00, 0x00, 0x00, 0xd3, 0xff, 0xff, 0xff, 0xff, 0xff, 0xff, 0xff, 0xcf, 
/* -46- */
0xb1, 0xff, 0xff, 0xff, 0xff, 0xff, 0xff, 0xff, 0xff, 0x03, 0x00, 0x00, 0x00, 0x00, 0x00, 0x00,
0x00, 0x00, 0x00, 0x00, 0x00, 0x00, 0x00, 0x00, 0x00, 0x00, 0x00, 0x00, 0x20, 0xfd, 0xff, 0xff,
0xff, 0xff, 0xff, 0xff, 0xbf, 0x01, 0x00, 0x00, 0x00, 0x00, 0x00, 0x00, 0x00, 0x00, 0x60, 0xff,
0xff, 0xff, 0xff, 0xff, 0xff, 0xff, 0xff, 0x06, 0x00, 0x00, 0x00, 0x00, 0x00, 0x00, 0x00, 0x00,
0x00, 0x00, 0x00, 0x00, 0x00, 0x00, 0x00, 0x00, 0x00, 0x00, 0x00, 0x90, 0xff, 0xff, 0xff, 0xff,
0xff, 0xff, 0xff, 0xdf, 0x02, 0x00, 0x00, 0x00, 0x00, 0x00, 0x00, 0x00, 0x00, 0x00, 0x00, 0x10,
0xfb, 0xff, 0xff, 0xff, 0xff, 0xff, 0xff, 0xff, 0x1b, 0x00, 0x00, 0x00, 0x00, 0x00, 0x00, 0x00,
0x00, 0x00, 0x00, 0x00, 0xd3, 0xff, 0xff, 0xff, 0xff, 0xff, 0xff, 0xff, 0xcf, 
/* -47- */
0xa0, 0xff, 0xff, 0xff, 0xff, 0xff, 0xff, 0xff, 0xff, 0x04, 0x00, 0x00, 0x00, 0x00, 0x00, 0x00,
0x00, 0x00, 0x00, 0x00, 0x00, 0x00, 0x00, 0x00, 0x00, 0x00, 0x00, 0x00, 0x30, 0xfe, 0xff, 0xff,
0xff, 0xff, 0xff, 0xff, 0xbf, 0x01, 0x00, 0x00, 0x00, 0x00, 0x00, 0x00, 0x00, 0x00, 0x60, 0xff,
0xff, 0xff, 0xff, 0xff, 0xff, 0xff, 0xff, 0x06, 0x00, 0x00, 0x00, 0x00, 0x00, 0x00, 0x00, 0x00,
0x00, 0x00, 0x00, 0x00, 0x00, 0x00, 0x00, 0x00, 0x00, 0x00, 0x00, 0x90, 0xff, 0xff, 0xff, 0xff,
0xff, 0xff, 0xff, 0xdf, 0x02, 0x00, 0x00, 0x00, 0x00, 0x00, 0x00, 0x00, 0x00, 0x00, 0x00, 0x10,
0xfb, 0xff, 0xff, 0xff, 0xff, 0xff, 0xff, 0xff, 0x1b, 0x00, 0x00, 0x00, 0x00, 0x00, 0x00, 0x00,
0x00, 0x00, 0x00, 0x00, 0xd3, 0xff, 0xff, 0xff, 0xff, 0xff, 0xff, 0xff, 0xcf, 
/* -48- */
0x80, 0xff, 0xff, 0xff, 0xff, 0xff, 0xff, 0xff, 0xff, 0x06, 0x00, 0x00, 0x00, 0x00, 0x00, 0x00,
0x00, 0x00, 0x00, 0x00, 0x00, 0x00, 0x00, 0x00, 0x00, 0x00, 0x00, 0x00, 0x50, 0xff, 0xff, 0xff,
0xff, 0xff, 0xff, 0xff, 0xbf, 0x01, 0x00, 0x00, 0x00, 0x00, 0x00, 0x00, 0x00, 0x00, 0x60, 0xff,
0xff, 0xff, 0xff, 0xff, 0xff, 0xff, 0xff, 0x06, 0x00, 0x00, 0x00, 0x00, 0x00, 0x00, 0x00, 0x00,
0x00, 0x00, 0x00, 0x00, 0x00, 0x00, 0x00, 0x00, 0x00, 0x00, 0x00, 0x90, 0xff, 0xff, 0xff, 0xff,
0xff, 0xff, 0xff, 0xdf, 0x02, 0x00, 0x00, 0x00, 0x00, 0x00, 0x00, 0x00, 0x00, 0x00, 0x00, 0x10,
0xfb, 0xff, 0xff, 0xff, 0xff, 0xff, 0xff, 0xff, 0x1b, 0x00, 0x00, 0x00, 0x00, 0x00, 0x00, 0x00,
0x00, 0x00, 0x00, 0x00, 0xd3, 0xff, 0xff, 0xff, 0xff, 0xff, 0xff, 0xff, 0xcf, 
/* -49- */
0x70, 0xff, 0xff, 0xff, 0xff, 0xff, 0xff, 0xff, 0xff, 0x09, 0x00, 0x00, 0x00, 0x00, 0x00, 0x00,
0x00, 0x00, 0x00, 0x00, 0x00, 0x00, 0x00, 0x00, 0x00, 0x00, 0x00, 0x00, 0x70, 0xff, 0xff, 0xff,
0xff, 0xff, 0xff, 0xff, 0xbf, 0x01, 0x00, 0x00, 0x00, 0x00, 0x00, 0x00, 0x00, 0x00, 0x60, 0xff,
0xff, 0xff, 0xff, 0xff, 0xff, 0xff, 0xff, 0x06, 0x00, 0x00, 0x00, 0x00, 0x00, 0x00, 0x00, 0x00,
0x00, 0x00, 0x00, 0x00, 0x00, 0x00, 0x00, 0x00, 0x00, 0x00, 0x00, 0x90, 0xff, 0xff, 0xff, 0xff,
0xff, 0xff, 0xff, 0xdf, 0x02, 0x00, 0x00, 0x00, 0x00, 0x00, 0x00, 0x00, 0x00, 0x00, 0x00, 0x10,
0xfb, 0xff, 0xff, 0xff, 0xff, 0xff, 0xff, 0xff, 0x1b, 0x00, 0x00, 0x00, 0x00, 0x00, 0x00, 0x00,
0x00, 0x00, 0x00, 0x00, 0xd3, 0xff, 0xff, 0xff, 0xff, 0xff, 0xff, 0xff, 0xcf, 
/* -50- */
0x50, 0xff, 0xff, 0xff, 0xff, 0xff, 0xff, 0xff, 0xff, 0x1c, 0x00, 0x00, 0x00, 0x00, 0x00, 0x00,
0x00, 0x00, 0x00, 0x00, 0x00, 0x00, 0x00, 0x00, 0x00, 0x00, 0x00, 0x00, 0x90, 0xff, 0xff, 0xff,
0xff, 0xff, 0xff, 0xff, 0xbf, 0x01, 0x00, 0x00, 0x00, 0x00, 0x00, 0x00, 0x00, 0x00, 0x60, 0xff,
0xff, 0xff, 0xff, 0xff, 0xff, 0xff, 0xff, 0x06, 0x00, 0x00, 0x00, 0x00, 0x00, 0x00, 0x00, 0x00,
0x00, 0x00, 0x00, 0x00, 0x00, 0x00, 0x00, 0x00, 0x00, 0x00, 0x00, 0x90, 0xff, 0xff, 0xff, 0xff,
0xff, 0xff, 0xff, 0xdf, 0x02, 0x00, 0x00, 0x00, 0x00, 0x00, 0x00, 0x00, 0x00, 0x00, 0x00, 0x10,
0xfb, 0xff, 0xff, 0xff, 0xff, 0xff, 0xff, 0xff, 0x1b, 0x00, 0x00, 0x00, 0x00, 0x00, 0x00, 0x00,
0x00, 0x00, 0x00, 0x00, 0xd3, 0xff, 0xff, 0xff, 0xff, 0xff, 0xff, 0xff, 0xcf, 
/* -51- */
0x30, 0xff, 0xff, 0xff, 0xff, 0xff, 0xff, 0xff, 0xff, 0x2f, 0x00, 0x00, 0x00, 0x00, 0x00, 0x00,
0x00, 0x00, 0x00, 0x00, 0x00, 0x00, 0x00, 0x00, 0x00, 0x00, 0x00, 0x00, 0xc1, 0xff, 0xff, 0xff,
0xff, 0xff, 0xff, 0xff, 0xbf, 0x01, 0x00, 0x00, 0x00, 0x00, 0x00, 0x00, 0x00, 0x00, 0x60, 0xff,
0xff, 0xff, 0xff, 0xff, 0xff, 0xff, 0xff, 0x06, 0x00, 0x00, 0x00, 0x00, 0x00, 0x00, 0x00, 0x00,
0x00, 0x00, 0x00, 0x00, 0x00, 0x00, 0x00, 0x00, 0x00, 0x00, 0x00, 0x90, 0xff, 0xff, 0xff, 0xff,
0xff, 0xff, 0xff, 0xdf, 0x02, 0x00, 0x00, 0x00, 0x00, 0x00, 0x00, 0x00, 0x00, 0x00, 0x00, 0x10,
0xfb, 0xff, 0xff, 0xff, 0xff, 0xff, 0xff, 0xff, 0x1b, 0x00, 0x00, 0x00, 0x00, 0x00, 0x00, 0x00,
0x00, 0x00, 0x00, 0x00, 0xd3, 0xff, 0xff, 0xff, 0xff, 0xff, 0xff, 0xff, 0xcf, 
/* -52- */
0x20, 0xfd, 0xff, 0xff, 0xff, 0xff, 0xff, 0xff, 0xff, 0x7f, 0x00, 0x00, 0x00, 0x00, 0x00, 0x00,
0x00, 0x00, 0x00, 0x00, 0x00, 0x00, 0x00, 0x00, 0x00, 0x00, 0x00, 0x00, 0xf4, 0xff, 0xff, 0xff,
0xff, 0xff, 0xff, 0xff, 0xbf, 0x01, 0x00, 0x00, 0x00, 0x00, 0x00, 0x00, 0x00, 0x00, 0x60, 0xff,
0xff, 0xff, 0xff, 0xff, 0xff, 0xff, 0xff, 0x06, 0x00, 0x00, 0x00, 0x00, 0x00, 0x00, 0x00, 0x00,
0x00, 0x00, 0x00, 0x00, 0x00, 0x00, 0x00, 0x00, 0x00, 0x00, 0x00, 0x90, 0xff, 0xff, 0xff, 0xff,
0xff, 0xff, 0xff, 0xdf, 0x02, 0x00, 0x00, 0x00, 0x00, 0x00, 0x00, 0x00, 0x00, 0x00, 0x00, 0x10,
0xfb, 0xff, 0xff, 0xff, 0xff, 0xff, 0xff, 0xff, 0x1b, 0x00, 0x00, 0x00, 0x00, 0x00, 0x00, 0x00,
0x00, 0x00, 0x00, 0x00, 0xd3, 0xff, 0xff, 0xff, 0xff, 0xff, 0xff, 0xff, 0xcf, 
/* -53- */
0x00, 0xfa, 0xff, 0xff, 0xff, 0xff, 0xff, 0xff, 0xff, 0xdf, 0x00, 0x00, 0x00, 0x00, 0x00, 0x00,
0x00, 0x00, 0x00, 0x00, 0x00, 0x00, 0x00, 0x00, 0x00, 0x00, 0x00, 0x00, 0xf7, 0xff, 0xff, 0xff,
0xff, 0xff, 0xff, 0xff, 0xbf, 0x01, 0x00, 0x00, 0x00, 0x00, 0x00, 0x00, 0x00, 0x00, 0x60, 0xff,
0xff, 0xff, 0xff, 0xff, 0xff, 0xff, 0xff, 0x06, 0x00, 0x00, 0x00, 0x00, 0x00, 0x00, 0x00, 0x00,
0x00, 0x00, 0x00, 0x00, 0x00, 0x00, 0x00, 0x00, 0x00, 0x00, 0x00, 0x90, 0xff, 0xff, 0xff, 0xff,
0xff, 0xff, 0xff, 0xdf, 0x02, 0x00, 0x00, 0x00, 0x00, 0x00, 0x00, 0x00, 0x00, 0x00, 0x00, 0x10,
0xfb, 0xff, 0xff, 0xff, 0xff, 0xff, 0xff, 0xff, 0x1b, 0x00, 0x00, 0x00, 0x00, 0x00, 0x00, 0x00,
0x00, 0x00, 0x00, 0x00, 0xd3, 0xff, 0xff, 0xff, 0xff, 0xff, 0xff, 0xff, 0xcf, 
/* -54- */
0x00, 0xf8, 0xff, 0xff, 0xff, 0xff, 0xff, 0xff, 0xff, 0xff, 0x04, 0x00, 0x00, 0x00, 0x00, 0x00,
0x00, 0x00, 0x00, 0x00, 0x00, 0x00, 0x00, 0x00, 0x00, 0x00, 0x00, 0x10, 0xfd, 0xff, 0xff, 0xff,
0xff, 0xff, 0xff, 0xff, 0xbf, 0x01, 0x00, 0x00, 0x00, 0x00, 0x00, 0x00, 0x00, 0x00, 0x60, 0xff,
0xff, 0xff, 0xff, 0xff, 0xff, 0xff, 0xff, 0x06, 0x00, 0x00, 0x00, 0x00, 0x00, 0x00, 0x00, 0x00,
0x00, 0x00, 0x00, 0x00, 0x00, 0x00, 0x00, 0x00, 0x00, 0x00, 0x00, 0x90, 0xff, 0xff, 0xff, 0xff,
0xff, 0xff, 0xff, 0xdf, 0x02, 0x00, 0x00, 0x00, 0x00, 0x00, 0x00, 0x00, 0x00, 0x00, 0x00, 0x10,
0xfb, 0xff, 0xff, 0xff, 0xff, 0xff, 0xff, 0xff, 0x1b, 0x00, 0x00, 0x00, 0x00, 0x00, 0x00, 0x00,
0x00, 0x00, 0x00, 0x00, 0xd3, 0xff, 0xff, 0xff, 0xff, 0xff, 0xff, 0xff, 0xcf, 
/* -55- */
0x00, 0xf5, 0xff, 0xff, 0xff, 0xff, 0xff, 0xff, 0xff, 0xff, 0x0b, 0x00, 0x00, 0x00, 0x00, 0x00,
0x00, 0x00, 0x00, 0x00, 0x00, 0x00, 0x00, 0x00, 0x00, 0x00, 0x00, 0x60, 0xff, 0xff, 0xff, 0xff,
0xff, 0xff, 0xff, 0xff, 0xbf, 0x01, 0x00, 0x00, 0x00, 0x00, 0x00, 0x00, 0x00, 0x00, 0x60, 0xff,
0xff, 0xff, 0xff, 0xff, 0xff, 0xff, 0xff, 0x06, 0x00, 0x00, 0x00, 0x00, 0x00, 0x00, 0x00, 0x00,
0x00, 0x00, 0x00, 0x00, 0x00, 0x00, 0x00, 0x00, 0x00, 0x00, 0x00, 0x90, 0xff, 0xff, 0xff, 0xff,
0xff, 0xff, 0xff, 0xdf, 0x02, 0x00, 0x00, 0x00, 0x00, 0x00, 0x00, 0x00, 0x00, 0x00, 0x00, 0x10,
0xfb, 0xff, 0xff, 0xff, 0xff, 0xff, 0xff, 0xff, 0x1b, 0x00, 0x00, 0x00, 0x00, 0x00, 0x00, 0x00,
0x00, 0x00, 0x00, 0x00, 0xd3, 0xff, 0xff, 0xff, 0xff, 0xff, 0xff, 0xff, 0xcf, 
/* -56- */
0x00, 0xd2, 0xff, 0xff, 0xff, 0xff, 0xff, 0xff, 0xff, 0xff, 0x5f, 0x00, 0x00, 0x00, 0x00, 0x00,
0x00, 0x00, 0x00, 0x00, 0x00, 0x00, 0x00, 0x00, 0x00, 0x00, 0x00, 0xd1, 0xff, 0xff, 0xff, 0xff,
0xff, 0xff, 0xff, 0xff, 0xbf, 0x01, 0x00, 0x00, 0x00, 0x00, 0x00, 0x00, 0x00, 0x00, 0x60, 0xff,
0xff, 0xff, 0xff, 0xff, 0xff, 0xff, 0xff, 0x06, 0x00, 0x00, 0x00, 0x00, 0x00, 0x00, 0x00, 0x00,
0x00, 0x00, 0x00, 0x00, 0x00, 0x00, 0x00, 0x00, 0x00, 0x00, 0x00, 0x90, 0xff, 0xff, 0xff, 0xff,
0xff, 0xff, 0xff, 0xdf, 0x02, 0x00, 0x00, 0x00, 0x00, 0x00, 0x00, 0x00, 0x00, 0x00, 0x00, 0x10,
0xfb, 0xff, 0xff, 0xff, 0xff, 0xff, 0xff, 0xff, 0x1b, 0x00, 0x00, 0x00, 0x00, 0x00, 0x00, 0x00,
0x00, 0x00, 0x00, 0x00, 0xd3, 0xff, 0xff, 0xff, 0xff, 0xff, 0xff, 0xff, 0xcf, 
/* -57- */
0x00, 0xa0, 0xff, 0xff, 0xff, 0xff, 0xff, 0xff, 0xff, 0xff, 0xcf, 0x01, 0x00, 0x00, 0x00, 0x00,
0x00, 0x00, 0x00, 0x00, 0x00, 0x00, 0x00, 0x00, 0x00, 0x00, 0x00, 0xf8, 0xff, 0xff, 0xff, 0xff,
0xff, 0xff, 0xff, 0xff, 0xbf, 0x01, 0x00, 0x00, 0x00, 0x00, 0x00, 0x00, 0x00, 0x00, 0x60, 0xff,
0xff, 0xff, 0xff, 0xff, 0xff, 0xff, 0xff, 0x06, 0x00, 0x00, 0x00, 0x00, 0x00, 0x00, 0x00, 0x00,
0x00, 0x00, 0x00, 0x00, 0x00, 0x00, 0x00, 0x00, 0x00, 0x00, 0x00, 0x90, 0xff, 0xff, 0xff, 0xff,
0xff, 0xff, 0xff, 0xdf, 0x02, 0x00, 0x00, 0x00, 0x00, 0x00, 0x00, 0x00, 0x00, 0x00, 0x00, 0x10,
0xfb, 0xff, 0xff, 0xff, 0xff, 0xff, 0xff, 0xff, 0x1b, 0x00, 0x00, 0x00, 0x00, 0x00, 0x00, 0x00,
0x00, 0x00, 0x00, 0x00, 0xd3, 0xff, 0xff, 0xff, 0xff, 0xff, 0xff, 0xff, 0xcf, 
/* -58- */
0x00, 0x50, 0xff, 0xff, 0xff, 0xff, 0xff, 0xff, 0xff, 0xff, 0xff, 0x08, 0x00, 0x00, 0x00, 0x00,
0x00, 0x00, 0x00, 0x00, 0x00, 0x00, 0x00, 0x00, 0x00, 0x00, 0x50, 0xff, 0xff, 0xff, 0xff, 0xff,
0xff, 0xff, 0xff, 0xff, 0xbf, 0x01, 0x00, 0x00, 0x00, 0x00, 0x00, 0x00, 0x00, 0x00, 0x60, 0xff,
0xff, 0xff, 0xff, 0xff, 0xff, 0xff, 0xff, 0x06, 0x00, 0x00, 0x00, 0x00, 0x00, 0x00, 0x00, 0x00,
0x00, 0x00, 0x00, 0x00, 0x00, 0x00, 0x00, 0x00, 0x00, 0x00, 0x00, 0x90, 0xff, 0xff, 0xff, 0xff,
0xff, 0xff, 0xff, 0xdf, 0x02, 0x00, 0x00, 0x00, 0x00, 0x00, 0x00, 0x00, 0x00, 0x00, 0x00, 0x10,
0xfb, 0xff, 0xff, 0xff, 0xff, 0xff, 0xff, 0xff, 0x1b, 0x00, 0x00, 0x00, 0x00, 0x00, 0x00, 0x00,
0x00, 0x00, 0x00, 0x00, 0xd3, 0xff, 0xff, 0xff, 0xff, 0xff, 0xff, 0xff, 0xcf, 
/* -59- */
0x00, 0x00, 0xfd, 0xff, 0xff, 0xff, 0xff, 0xff, 0xff, 0xff, 0xff, 0x6f, 0x00, 0x00, 0x00, 0x00,
0x00, 0x00, 0x00, 0x00, 0x00, 0x00, 0x00, 0x00, 0x00, 0x00, 0xd3, 0xff, 0xff, 0xff, 0xff, 0xff,
0xff, 0xff, 0xff, 0xff, 0xbf, 0x01, 0x00, 0x00, 0x00, 0x00, 0x00, 0x00, 0x00, 0x00, 0x60, 0xff,
0xff, 0xff, 0xff, 0xff, 0xff, 0xff, 0xff, 0x06, 0x00, 0x00, 0x00, 0x00, 0x00, 0x00, 0x00, 0x00,
0x00, 0x00, 0x00, 0x00, 0x00, 0x00, 0x00, 0x00, 0x00, 0x00, 0x00, 0x90, 0xff, 0xff, 0xff, 0xff,
0xff, 0xff, 0xff, 0xdf, 0x02, 0x00, 0x00, 0x00, 0x00, 0x00, 0x00, 0x00, 0x00, 0x00, 0x00, 0x10,
0xfb, 0xff, 0xff, 0xff, 0xff, 0xff, 0xff, 0xff, 0x1b, 0x00, 0x00, 0x00, 0x00, 0x00, 0x00, 0x00,
0x00, 0x00, 0x00, 0x00, 0xd3, 0xff, 0xff, 0xff, 0xff, 0xff, 0xff, 0xff, 0xcf, 
/* -60- */
0x00, 0x00, 0xf8, 0xff, 0xff, 0xff, 0xff, 0xff, 0xff, 0xff, 0xff, 0xff, 0x04, 0x00, 0x00, 0x00,
0x00, 0x00, 0x00, 0x00, 0x00, 0x00, 0x00, 0x00, 0x00, 0x20, 0xfc, 0xff, 0xff, 0xff, 0xff, 0xff,
0xff, 0xff, 0xff, 0xff, 0xbf, 0x01, 0x00, 0x00, 0x00, 0x00, 0x00, 0x00, 0x00, 0x00, 0x60, 0xff,
0xff, 0xff, 0xff, 0xff, 0xff, 0xff, 0xff, 0x06, 0x00, 0x00, 0x00, 0x00, 0x00, 0x00, 0x00, 0x00,
0x00, 0x00, 0x00, 0x00, 0x00, 0x00, 0x00, 0x00, 0x00, 0x00, 0x00, 0x90, 0xff, 0xff, 0xff, 0xff,
0xff, 0xff, 0xff, 0xdf, 0x02, 0x00, 0x00, 0x00, 0x00, 0x00, 0x00, 0x00, 0x00, 0x00, 0x00, 0x10,
0xfb, 0xff, 0xff, 0xff, 0xff, 0xff, 0xff, 0xff, 0x1b, 0x00, 0x00, 0x00, 0x00, 0x00, 0x00, 0x00,
0x00, 0x00, 0x00, 0x00, 0xd3, 0xff, 0xff, 0xff, 0xff, 0xff, 0xff, 0xff, 0xcf, 
/* -61- */
0x00, 0x00, 0xe2, 0xff, 0xff, 0xff, 0xff, 0xff, 0xff, 0xff, 0xff, 0xff, 0x5e, 0x00, 0x00, 0x00,
0x00, 0x00, 0x00, 0x00, 0x00, 0x00, 0x00, 0x00, 0x00, 0xc3, 0xff, 0xff, 0xff, 0xff, 0xff, 0xff,
0xff, 0xff, 0xff, 0xff, 0xbf, 0x01, 0x00, 0x00, 0x00, 0x00, 0x00, 0x00, 0x00, 0x00, 0x60, 0xff,
0xff, 0xff, 0xff, 0xff, 0xff, 0xff, 0xff, 0x06, 0x00, 0x00, 0x00, 0x00, 0x00, 0x00, 0x00, 0x00,
0x00, 0x00, 0x00, 0x00, 0x00, 0x00, 0x00, 0x00, 0x00, 0x00, 0x00, 0x90, 0xff, 0xff, 0xff, 0xff,
0xff, 0xff, 0xff, 0xdf, 0x02, 0x00, 0x00, 0x00, 0x00, 0x00, 0x00, 0x00, 0x00, 0x00, 0x00, 0x10,
0xfb, 0xff, 0xff, 0xff, 0xff, 0xff, 0xff, 0xff, 0x1b, 0x00, 0x00, 0x00, 0x00, 0x00, 0x00, 0x00,
0x00, 0x00, 0x00, 0x00, 0xd3, 0xff, 0xff, 0xff, 0xff, 0xff, 0xff, 0xff, 0xcf, 
/* -62- */
0x00, 0x00, 0x80, 0xff, 0xff, 0xff, 0xff, 0xff, 0xff, 0xff, 0xff, 0xff, 0xff, 0x17, 0x00, 0x00,
0x00, 0x00, 0x00, 0x00, 0x00, 0x00, 0x00, 0x00, 0x50, 0xfd, 0xff, 0xff, 0xff, 0xff, 0xff, 0xff,
0xff, 0xff, 0xff, 0xff, 0xbf, 0x01, 0x00, 0x00, 0x00, 0x00, 0x00, 0x00, 0x00, 0x00, 0x60, 0xff,
0xff, 0xff, 0xff, 0xff, 0xff, 0xff, 0xff, 0x06, 0x00, 0x00, 0x00, 0x00, 0x00, 0x00, 0x00, 0x00,
0x00, 0x00, 0x00, 0x00, 0x00, 0x00, 0x00, 0x00, 0x00, 0x00, 0x00, 0x90, 0xff, 0xff, 0xff, 0xff,
0xff, 0xff, 0xff, 0xdf, 0x02, 0x00, 0x00, 0x00, 0x00, 0x00, 0x00, 0x00, 0x00, 0x00, 0x00, 0x10,
0xfb, 0xff, 0xff, 0xff, 0xff, 0xff, 0xff, 0xff, 0x1b, 0x00, 0x00, 0x00, 0x00, 0x00, 0x00, 0x00,
0x00, 0x00, 0x00, 0x00, 0xd3, 0xff, 0xff, 0xff, 0xff, 0xff, 0xff, 0xff, 0xcf, 
/* -63- */
0x00, 0x00, 0x20, 0xfe, 0xff, 0xff, 0xff, 0xff, 0xff, 0xff, 0xff, 0xff, 0xff, 0xaf, 0x03, 0x00,
0x00, 0x00, 0x00, 0x00, 0x00, 0x00, 0x00, 0x30, 0xf9, 0xff, 0xff, 0xff, 0xff, 0xff, 0xff, 0xff,
0xff, 0xff, 0xff, 0xff, 0xbf, 0x01, 0x00, 0x00, 0x00, 0x00, 0x00, 0x00, 0x00, 0x00, 0x60, 0xff,
0xff, 0xff, 0xff, 0xff, 0xff, 0xff, 0xff, 0x06, 0x00, 0x00, 0x00, 0x00, 0x00, 0x00, 0x00, 0x00,
0x00, 0x00, 0x00, 0x00, 0x00, 0x00, 0x00, 0x00, 0x00, 0x00, 0x00, 0x90, 0xff, 0xff, 0xff, 0xff,
0xff, 0xff, 0xff, 0xdf, 0x02, 0x00, 0x00, 0x00, 0x00, 0x00, 0x00, 0x00, 0x00, 0x00, 0x00, 0x10,
0xfb, 0xff, 0xff, 0xff, 0xff, 0xff, 0xff, 0xff, 0x1b, 0x00, 0x00, 0x00, 0x00, 0x00, 0x00, 0x00,
0x00, 0x00, 0x00, 0x00, 0xd3, 0xff, 0xff, 0xff, 0xff, 0xff, 0xff, 0xff, 0xcf, 
/* -64- */
0x00, 0x00, 0x00, 0xf7, 0xff, 0xff, 0xff, 0xff, 0xff, 0xff, 0xff, 0xff, 0xff, 0xff, 0x9e, 0x03,
0x00, 0x00, 0x00, 0x00, 0x00, 0x00, 0x20, 0xd9, 0xff, 0xff, 0xff, 0xff, 0xff, 0xff, 0xff, 0xff,
0xff, 0xff, 0xff, 0xff, 0xbf, 0x01, 0x00, 0x00, 0x00, 0x00, 0x00, 0x00, 0x00, 0x00, 0x60, 0xff,
0xff, 0xff, 0xff, 0xff, 0xff, 0xff, 0xff, 0x06, 0x00, 0x00, 0x00, 0x00, 0x00, 0x00, 0x00, 0x00,
0x00, 0x00, 0x00, 0x00, 0x00, 0x00, 0x00, 0x00, 0x00, 0x00, 0x00, 0x90, 0xff, 0xff, 0xff, 0xff,
0xff, 0xff, 0xff, 0xdf, 0x02, 0x00, 0x00, 0x00, 0x00, 0x00, 0x00, 0x00, 0x00, 0x00, 0x00, 0x10,
0xfb, 0xff, 0xff, 0xff, 0xff, 0xff, 0xff, 0xff, 0x1b, 0x00, 0x00, 0x00, 0x00, 0x00, 0x00, 0x00,
0x00, 0x00, 0x00, 0x00, 0xd3, 0xff, 0xff, 0xff, 0xff, 0xff, 0xff, 0xff, 0xcf, 
/* -65- */
0x00, 0x00, 0x00, 0xc1, 0xff, 0xff, 0xff, 0xff, 0xff, 0xff, 0xff, 0xff, 0xff, 0xff, 0xff, 0xbe,
0x26, 0x00, 0x00, 0x00, 0x00, 0x72, 0xeb, 0xff, 0xff, 0xff, 0xff, 0xff, 0xff, 0xff, 0xff, 0xff,
0xff, 0xff, 0xff, 0xff, 0xbf, 0x01, 0x00, 0x00, 0x00, 0x00, 0x00, 0x00, 0x00, 0x00, 0x60, 0xff,
0xff, 0xff, 0xff, 0xff, 0xff, 0xff, 0xff, 0x06, 0x00, 0x00, 0x00, 0x00, 0x00, 0x00, 0x00, 0x00,
0x00, 0x00, 0x00, 0x00, 0x00, 0x00, 0x00, 0x00, 0x00, 0x00, 0x00, 0x90, 0xff, 0xff, 0xff, 0xff,
0xff, 0xff, 0xff, 0xdf, 0x02, 0x00, 0x00, 0x00, 0x00, 0x00, 0x00, 0x00, 0x00, 0x00, 0x00, 0x10,
0xfb, 0xff, 0xff, 0xff, 0xff, 0xff, 0xff, 0xff, 0x1b, 0x00, 0x00, 0x00, 0x00, 0x00, 0x00, 0x00,
0x00, 0x00, 0x00, 0x00, 0xd3, 0xff, 0xff, 0xff, 0xff, 0xff, 0xff, 0xff, 0xcf, 
/* -66- */
0x00, 0x00, 0x00, 0x50, 0xff, 0xff, 0xff, 0xff, 0xff, 0xff, 0xff, 0xff, 0xff, 0xff, 0xff, 0xff,
0xff, 0xce, 0xab, 0xaa, 0xec, 0xff, 0xff, 0xff, 0xff, 0xff, 0xff, 0xff, 0xff, 0xff, 0xff, 0xff,
0xff, 0xff, 0xff, 0xff, 0xbf, 0x01, 0x00, 0x00, 0x00, 0x00, 0x00, 0x00, 0x00, 0x00, 0x60, 0xff,
0xff, 0xff, 0xff, 0xff, 0xff, 0xff, 0xff, 0x06, 0x00, 0x00, 0x00, 0x00, 0x00, 0x00, 0x00, 0x00,
0x00, 0x00, 0x00, 0x00, 0x00, 0x00, 0x00, 0x00, 0x00, 0x00, 0x00, 0x90, 0xff, 0xff, 0xff, 0xff,
0xff, 0xff, 0xff, 0xdf, 0x02, 0x00, 0x00, 0x00, 0x00, 0x00, 0x00, 0x00, 0x00, 0x00, 0x00, 0x10,
0xfb, 0xff, 0xff, 0xff, 0xff, 0xff, 0xff, 0xff, 0x1b, 0x00, 0x00, 0x00, 0x00, 0x00, 0x00, 0x00,
0x00, 0x00, 0x00, 0x00, 0xd3, 0xff, 0xff, 0xff, 0xff, 0xff, 0xff, 0xff, 0xcf, 
/* -67- */
0x00, 0x00, 0x00, 0x00, 0xf9, 0xff, 0xff, 0xff, 0xff, 0xff, 0xff, 0xff, 0xff, 0xff, 0xff, 0xff,
0xff, 0xff, 0xff, 0xff, 0xff, 0xff, 0xff, 0xff, 0xff, 0xff, 0xff, 0xff, 0xff, 0xff, 0xff, 0xff,
0xff, 0xff, 0xff, 0xff, 0xbf, 0x01, 0x00, 0x00, 0x00, 0x00, 0x00, 0x00, 0x00, 0x00, 0x60, 0xff,
0xff, 0xff, 0xff, 0xff, 0xff, 0xff, 0xff, 0x06, 0x00, 0x00, 0x00, 0x00, 0x00, 0x00, 0x00, 0x00,
0x00, 0x00, 0x00, 0x00, 0x00, 0x00, 0x00, 0x00, 0x00, 0x00, 0x00, 0x90, 0xff, 0xff, 0xff, 0xff,
0xff, 0xff, 0xff, 0xdf, 0x02, 0x00, 0x00, 0x00, 0x00, 0x00, 0x00, 0x00, 0x00, 0x00, 0x00, 0x10,
0xfb, 0xff, 0xff, 0xff, 0xff, 0xff, 0xff, 0xff, 0x1b, 0x00, 0x00, 0x00, 0x00, 0x00, 0x00, 0x00,
0x00, 0x00, 0x00, 0x00, 0xd3, 0xff, 0xff, 0xff, 0xff, 0xff, 0xff, 0xff, 0xcf, 
/* -68- */
0x00, 0x00, 0x00, 0x00, 0xc1, 0xff, 0xff, 0xff, 0xff, 0xff, 0xff, 0xff, 0xff, 0xff, 0xff, 0xff,
0xff, 0xff, 0xff, 0xff, 0xff, 0xff, 0xff, 0xff, 0xff, 0xff, 0xff, 0xff, 0xff, 0xff, 0xff, 0xff,
0xff, 0xff, 0xff, 0xff, 0xbf, 0x01, 0x00, 0x00, 0x00, 0x00, 0x00, 0x00, 0x00, 0x00, 0x60, 0xff,
0xff, 0xff, 0xff, 0xff, 0xff, 0xff, 0xff, 0x06, 0x00, 0x00, 0x00, 0x00, 0x00, 0x00, 0x00, 0x00,
0x00, 0x00, 0x00, 0x00, 0x00, 0x00, 0x00, 0x00, 0x00, 0x00, 0x00, 0x90, 0xff, 0xff, 0xff, 0xff,
0xff, 0xff, 0xff, 0xdf, 0x02, 0x00, 0x00, 0x00, 0x00, 0x00, 0x00, 0x00, 0x00, 0x00, 0x00, 0x10,
0xfb, 0xff, 0xff, 0xff, 0xff, 0xff, 0xff, 0xff, 0x1b, 0x00, 0x00, 0x00, 0x00, 0x00, 0x00, 0x00,
0x00, 0x00, 0x00, 0x00, 0xd3, 0xff, 0xff, 0xff, 0xff, 0xff, 0xff, 0xff, 0xcf, 
/* -69- */
0x00, 0x00, 0x00, 0x00, 0x30, 0xfe, 0xff, 0xff, 0xff, 0xff, 0xff, 0xff, 0xff, 0xff, 0xff, 0xff,
0xff, 0xff, 0xff, 0xff, 0xff, 0xff, 0xff, 0xff, 0xff, 0xff, 0xff, 0xff, 0xff, 0xff, 0xff, 0xff,
0xff, 0xff, 0xff, 0xff, 0xbf, 0x01, 0x00, 0x00, 0x00, 0x00, 0x00, 0x00, 0x00, 0x00, 0x60, 0xff,
0xff, 0xff, 0xff, 0xff, 0xff, 0xff, 0xff, 0x06, 0x00, 0x00, 0x00, 0x00, 0x00, 0x00, 0x00, 0x00,
0x00, 0x00, 0x00, 0x00, 0x00, 0x00, 0x00, 0x00, 0x00, 0x00, 0x00, 0x90, 0xff, 0xff, 0xff, 0xff,
0xff, 0xff, 0xff, 0xdf, 0x02, 0x00, 0x00, 0x00, 0x00, 0x00, 0x00, 0x00, 0x00, 0x00, 0x00, 0x10,
0xfb, 0xff, 0xff, 0xff, 0xff, 0xff, 0xff, 0xff, 0x1b, 0x00, 0x00, 0x00, 0x00, 0x00, 0x00, 0x00,
0x00, 0x00, 0x00, 0x00, 0xd3, 0xff, 0xff, 0xff, 0xff, 0xff, 0xff, 0xff, 0xcf, 
/* -70- */
0x00, 0x00, 0x00, 0x00, 0x00, 0xe4, 0xff, 0xff, 0xff, 0xff, 0xff, 0xff, 0xff, 0xff, 0xff, 0xff,
0xff, 0xff, 0xff, 0xff, 0xff, 0xff, 0xff, 0xff, 0xff, 0xff, 0xff, 0xff, 0xff, 0xff, 0xff, 0xff,
0xff, 0xff, 0xff, 0xff, 0xbf, 0x01, 0x00, 0x00, 0x00, 0x00, 0x00, 0x00, 0x00, 0x00, 0x60, 0xff,
0xff, 0xff, 0xff, 0xff, 0xff, 0xff, 0xff, 0x06, 0x00, 0x00, 0x00, 0x00, 0x00, 0x00, 0x00, 0x00,
0x00, 0x00, 0x00, 0x00, 0x00, 0x00, 0x00, 0x00, 0x00, 0x00, 0x00, 0x90, 0xff, 0xff, 0xff, 0xff,
0xff, 0xff, 0xff, 0xdf, 0x02, 0x00, 0x00, 0x00, 0x00, 0x00, 0x00, 0x00, 0x00, 0x00, 0x00, 0x10,
0xfb, 0xff, 0xff, 0xff, 0xff, 0xff, 0xff, 0xff, 0x1b, 0x00, 0x00, 0x00, 0x00, 0x00, 0x00, 0x00,
0x00, 0x00, 0x00, 0x00, 0xd3, 0xff, 0xff, 0xff, 0xff, 0xff, 0xff, 0xff, 0xcf, 
/* -71- */
0x00, 0x00, 0x00, 0x00, 0x00, 0x50, 0xff, 0xff, 0xff, 0xff, 0xff, 0xff, 0xff, 0xff, 0xff, 0xff,
0xff, 0xff, 0xff, 0xff, 0xff, 0xff, 0xff, 0xff, 0xff, 0xff, 0xff, 0xff, 0xff, 0xff, 0xff, 0xff,
0xff, 0xff, 0xff, 0xff, 0xbf, 0x01, 0x00, 0x00, 0x00, 0x00, 0x00, 0x00, 0x00, 0x00, 0x60, 0xff,
0xff, 0xff, 0xff, 0xff, 0xff, 0xff, 0xff, 0x06, 0x00, 0x00, 0x00, 0x00, 0x00, 0x00, 0x00, 0x00,
0x00, 0x00, 0x00, 0x00, 0x00, 0x00, 0x00, 0x00, 0x00, 0x00, 0x00, 0x90, 0xff, 0xff, 0xff, 0xff,
0xff, 0xff, 0xff, 0xdf, 0x02, 0x00, 0x00, 0x00, 0x00, 0x00, 0x00, 0x00, 0x00, 0x00, 0x00, 0x10,
0xfb, 0xff, 0xff, 0xff, 0xff, 0xff, 0xff, 0xff, 0x1b, 0x00, 0x00, 0x00, 0x00, 0x00, 0x00, 0x00,
0x00, 0x00, 0x00, 0x00, 0xd3, 0xff, 0xff, 0xff, 0xff, 0xff, 0xff, 0xff, 0xcf, 
/* -72- */
0x00, 0x00, 0x00, 0x00, 0x00, 0x00, 0xe6, 0xff, 0xff, 0xff, 0xff, 0xff, 0xff, 0xff, 0xff, 0xff,
0xff, 0xff, 0xff, 0xff, 0xff, 0xff, 0xff, 0xff, 0xff, 0xff, 0xff, 0xff, 0xc9, 0xff, 0xff, 0xff,
0xff, 0xff, 0xff, 0xff, 0xbf, 0x01, 0x00, 0x00, 0x00, 0x00, 0x00, 0x00, 0x00, 0x00, 0x60, 0xff,
0xff, 0xff, 0xff, 0xff, 0xff, 0xff, 0xff, 0x06, 0x00, 0x00, 0x00, 0x00, 0x00, 0x00, 0x00, 0x00,
0x00, 0x00, 0x00, 0x00, 0x00, 0x00, 0x00, 0x00, 0x00, 0x00, 0x00, 0x90, 0xff, 0xff, 0xff, 0xff,
0xff, 0xff, 0xff, 0xdf, 0x02, 0x00, 0x00, 0x00, 0x00, 0x00, 0x00, 0x00, 0x00, 0x00, 0x00, 0x10,
0xfb, 0xff, 0xff, 0xff, 0xff, 0xff, 0xff, 0xff, 0x1b, 0x00, 0x00, 0x00, 0x00, 0x00, 0x00, 0x00,
0x00, 0x00, 0x00, 0x00, 0xd3, 0xff, 0xff, 0xff, 0xff, 0xff, 0xff, 0xff, 0xcf, 
/* -73- */
0x00, 0x00, 0x00, 0x00, 0x00, 0x00, 0x40, 0xfe, 0xff, 0xff, 0xff, 0xff, 0xff, 0xff, 0xff, 0xff,
0xff, 0xff, 0xff, 0xff, 0xff, 0xff, 0xff, 0xff, 0xff, 0xff, 0xff, 0x8f, 0xb2, 0xff, 0xff, 0xff,
0xff, 0xff, 0xff, 0xff, 0xbf, 0x01, 0x00, 0x00, 0x00, 0x00, 0x00, 0x00, 0x00, 0x00, 0x60, 0xff,
0xff, 0xff, 0xff, 0xff, 0xff, 0xff, 0xff, 0x06, 0x00, 0x00, 0x00, 0x00, 0x00, 0x00, 0x00, 0x00,
0x00, 0x00, 0x00, 0x00, 0x00, 0x00, 0x00, 0x00, 0x00, 0x00, 0x00, 0x90, 0xff, 0xff, 0xff, 0xff,
0xff, 0xff, 0xff, 0xdf, 0x02, 0x00, 0x00, 0x00, 0x00, 0x00, 0x00, 0x00, 0x00, 0x00, 0x00, 0x10,
0xfb, 0xff, 0xff, 0xff, 0xff, 0xff, 0xff, 0xff, 0x1b, 0x00, 0x00, 0x00, 0x00, 0x00, 0x00, 0x00,
0x00, 0x00, 0x00, 0x00, 0xd3, 0xff, 0xff, 0xff, 0xff, 0xff, 0xff, 0xff, 0xcf, 
/* -74- */
0x00, 0x00, 0x00, 0x00, 0x00, 0x00, 0x00, 0xc3, 0xff, 0xff, 0xff, 0xff, 0xff, 0xff, 0xff, 0xff,
0xff, 0xff, 0xff, 0xff, 0xff, 0xff, 0xff, 0xff, 0xff, 0xff, 0xff, 0x07, 0xb1, 0xff, 0xff, 0xff,
0xff, 0xff, 0xff, 0xff, 0xbf, 0x01, 0x00, 0x00, 0x00, 0x00, 0x00, 0x00, 0x00, 0x00, 0x60, 0xff,
0xff, 0xff, 0xff, 0xff, 0xff, 0xff, 0xff, 0x06, 0x00, 0x00, 0x00, 0x00, 0x00, 0x00, 0x00, 0x00,
0x00, 0x00, 0x00, 0x00, 0x00, 0x00, 0x00, 0x00, 0x00, 0x00, 0x00, 0x90, 0xff, 0xff, 0xff, 0xff,
0xff, 0xff, 0xff, 0xdf, 0x02, 0x00, 0x00, 0x00, 0x00, 0x00, 0x00, 0x00, 0x00, 0x00, 0x00, 0x10,
0xfb, 0xff, 0xff, 0xff, 0xff, 0xff, 0xff, 0xff, 0x1b, 0x00, 0x00, 0x00, 0x00, 0x00, 0x00, 0x00,
0x00, 0x00, 0x00, 0x00, 0xd3, 0xff, 0xff, 0xff, 0xff, 0xff, 0xff, 0xff, 0xcf, 
/* -75- */
0x00, 0x00, 0x00, 0x00, 0x00, 0x00, 0x00, 0x10, 0xf9, 0xff, 0xff, 0xff, 0xff, 0xff, 0xff, 0xff,
0xff, 0xff, 0xff, 0xff, 0xff, 0xff, 0xff, 0xff, 0xff, 0xff, 0x5e, 0x00, 0xb1, 0xff, 0xff, 0xff,
0xff, 0xff, 0xff, 0xff, 0xbf, 0x01, 0x00, 0x00, 0x00, 0x00, 0x00, 0x00, 0x00, 0x00, 0x60, 0xff,
0xff, 0xff, 0xff, 0xff, 0xff, 0xff, 0xff, 0x06, 0x00, 0x00, 0x00, 0x00, 0x00, 0x00, 0x00, 0x00,
0x00, 0x00, 0x00, 0x00, 0x00, 0x00, 0x00, 0x00, 0x00, 0x00, 0x00, 0x90, 0xff, 0xff, 0xff, 0xff,
0xff, 0xff, 0xff, 0xdf, 0x02, 0x00, 0x00, 0x00, 0x00, 0x00, 0x00, 0x00, 0x00, 0x00, 0x00, 0x10,
0xfb, 0xff, 0xff, 0xff, 0xff, 0xff, 0xff, 0xff, 0x1b, 0x00, 0x00, 0x00, 0x00, 0x00, 0x00, 0x00,
0x00, 0x00, 0x00, 0x00, 0xd3, 0xff, 0xff, 0xff, 0xff, 0xff, 0xff, 0xff, 0xcf, 
/* -76- */
0x00, 0x00, 0x00, 0x00, 0x00, 0x00, 0x00, 0x00, 0x50, 0xfd, 0xff, 0xff, 0xff, 0xff, 0xff, 0xff,
0xff, 0xff, 0xff, 0xff, 0xff, 0xff, 0xff, 0xff, 0xff, 0xbf, 0x03, 0x00, 0xb1, 0xff, 0xff, 0xff,
0xff, 0xff, 0xff, 0xff, 0xbf, 0x01, 0x00, 0x00, 0x00, 0x00, 0x00, 0x00, 0x00, 0x00, 0x60, 0xff,
0xff, 0xff, 0xff, 0xff, 0xff, 0xff, 0xff, 0x06, 0x00, 0x00, 0x00, 0x00, 0x00, 0x00, 0x00, 0x00,
0x00, 0x00, 0x00, 0x00, 0x00, 0x00, 0x00, 0x00, 0x00, 0x00, 0x00, 0x90, 0xff, 0xff, 0xff, 0xff,
0xff, 0xff, 0xff, 0xdf, 0x02, 0x00, 0x00, 0x00, 0x00, 0x00, 0x00, 0x00, 0x00, 0x00, 0x00, 0x10,
0xfb, 0xff, 0xff, 0xff, 0xff, 0xff, 0xff, 0xff, 0x1b, 0x00, 0x00, 0x00, 0x00, 0x00, 0x00, 0x00,
0x00, 0x00, 0x00, 0x00, 0xd3, 0xff, 0xff, 0xff, 0xff, 0xff, 0xff, 0xff, 0xcf, 
/* -77- */
0x00, 0x00, 0x00, 0x00, 0x00, 0x00, 0x00, 0x00, 0x00, 0x71, 0xfd, 0xff, 0xff, 0xff, 0xff, 0xff,
0xff, 0xff, 0xff, 0xff, 0xff, 0xff, 0xff, 0xff, 0xdf, 0x07, 0x00, 0x00, 0xb1, 0xff, 0xff, 0xff,
0xff, 0xff, 0xff, 0xff, 0xbf, 0x01, 0x00, 0x00, 0x00, 0x00, 0x00, 0x00, 0x00, 0x00, 0x60, 0xff,
0xff, 0xff, 0xff, 0xff, 0xff, 0xff, 0xff, 0x06, 0x00, 0x00, 0x00, 0x00, 0x00, 0x00, 0x00, 0x00,
0x00, 0x00, 0x00, 0x00, 0x00, 0x00, 0x00, 0x00, 0x00, 0x00, 0x00, 0x90, 0xff, 0xff, 0xff, 0xff,
0xff, 0xff, 0xff, 0xdf, 0x02, 0x00, 0x00, 0x00, 0x00, 0x00, 0x00, 0x00, 0x00, 0x00, 0x00, 0x10,
0xfb, 0xff, 0xff, 0xff, 0xff, 0xff, 0xff, 0xff, 0x1b, 0x00, 0x00, 0x00, 0x00, 0x00, 0x00, 0x00,
0x00, 0x00, 0x00, 0x00, 0xd3, 0xff, 0xff, 0xff, 0xff, 0xff, 0xff, 0xff, 0xdf, 
/* -78- */
0x00, 0x00, 0x00, 0x00, 0x00, 0x00, 0x00, 0x00, 0x00, 0x00, 0x72, 0xfb, 0xff, 0xff, 0xff, 0xff,
0xff, 0xff, 0xff, 0xff, 0xff, 0xff, 0xff, 0xdf, 0x28, 0x00, 0x00, 0x00, 0xc1, 0xff, 0xff, 0xff,
0xff, 0xff, 0xff, 0xff, 0xcf, 0x01, 0x00, 0x00, 0x00, 0x00, 0x00, 0x00, 0x00, 0x00, 0x60, 0xfe,
0xff, 0xff, 0xff, 0xff, 0xff, 0xff, 0xef, 0x05, 0x00, 0x00, 0x00, 0x00, 0x00, 0x00, 0x00, 0x00,
0x00, 0x00, 0x00, 0x00, 0x00, 0x00, 0x00, 0x00, 0x00, 0x00, 0x00, 0x90, 0xff, 0xff, 0xff, 0xff,
0xff, 0xff, 0xff, 0xcf, 0x02, 0x00, 0x00, 0x00, 0x00, 0x00, 0x00, 0x00, 0x00, 0x00, 0x00, 0x10,
0xfb, 0xff, 0xff, 0xff, 0xff, 0xff, 0xff, 0xff, 0x1a, 0x00, 0x00, 0x00, 0x00, 0x00, 0x00, 0x00,
0x00, 0x00, 0x00, 0x00, 0xc2, 0xff, 0xff, 0xff, 0xff, 0xff, 0xff, 0xff, 0xcf, 
/* -79- */
0x00, 0x00, 0x00, 0x00, 0x00, 0x00, 0x00, 0x00, 0x00, 0x00, 0x00, 0x41, 0xd9, 0xff, 0xff, 0xff,
0xff, 0xff, 0xff, 0xff, 0xff, 0xff, 0xbf, 0x26, 0x00, 0x00, 0x00, 0x00, 0x40, 0x55, 0x55, 0x55,
0x55, 0x55, 0x55, 0x55, 0x45, 0x00, 0x00, 0x00, 0x00, 0x00, 0x00, 0x00, 0x00, 0x00, 0x10, 0x33,
0x33, 0x33, 0x33, 0x33, 0x33, 0x33, 0x33, 0x01, 0x00, 0x00, 0x00, 0x00, 0x00, 0x00, 0x00, 0x00,
0x00, 0x00, 0x00, 0x00, 0x00, 0x00, 0x00, 0x00, 0x00, 0x00, 0x00, 0x20, 0x33, 0x33, 0x33, 0x33,
0x33, 0x33, 0x33, 0x33, 0x00, 0x00, 0x00, 0x00, 0x00, 0x00, 0x00, 0x00, 0x00, 0x00, 0x00, 0x00,
0x32, 0x33, 0x33, 0x33, 0x33, 0x33, 0x33, 0x33, 0x02, 0x00, 0x00, 0x00, 0x00, 0x00, 0x00, 0x00,
0x00, 0x00, 0x00, 0x00, 0x30, 0x33, 0x33, 0x33, 0x33, 0x33, 0x33, 0x33, 0x33, 
/* -80- */
0x00, 0x00, 0x00, 0x00, 0x00, 0x00, 0x00, 0x00, 0x00, 0x00, 0x00, 0x00, 0x10, 0x73, 0xdb, 0xff,
0xff, 0xff, 0xff, 0xff, 0xef, 0x6a, 0x12, 0x00, 0x00, 0x00, 0x00, 0x00, 0x00, 0x00, 0x00, 0x00,
0x00, 0x00, 0x00, 0x00, 0x00, 0x00, 0x00, 0x00, 0x00, 0x00, 0x00, 0x00, 0x00, 0x00, 0x00, 0x00,
0x00, 0x00, 0x00, 0x00, 0x00, 0x00, 0x00, 0x00, 0x00, 0x00, 0x00, 0x00, 0x00, 0x00, 0x00, 0x00,
0x00, 0x00, 0x00, 0x00, 0x00, 0x00, 0x00, 0x00, 0x00, 0x00, 0x00, 0x00, 0x00, 0x00, 0x00, 0x00,
0x00, 0x00, 0x00, 0x00, 0x00, 0x00, 0x00, 0x00, 0x00, 0x00, 0x00, 0x00, 0x00, 0x00, 0x00, 0x00,
0x00, 0x00, 0x00, 0x00, 0x00, 0x00, 0x00, 0x00, 0x00, 0x00, 0x00, 0x00, 0x00, 0x00, 0x00, 0x00,
0x00, 0x00, 0x00, 0x00, 0x00, 0x00, 0x00, 0x00, 0x00, 0x00, 0x00, 0x00, 0x00, 
};


ARM_SECTION("arm2d.asset.c_bmpArmLogoGRAY8")
const uint8_t c_bmpArmLogoGRAY8[250*81] = {
/* -0- */
0x00, 0x00, 0x00, 0x00, 0x00, 0x00, 0x00, 0x00, 0x00, 0x00, 0x00, 0x00, 0x00, 0x00, 0x00, 0x00, 0x00, 0x00, 0x00, 0x00, 0x00, 0x00, 0x00, 0x00, 0x00, 0x00, 0x00, 0x00, 0x00, 0x00, 0x00, 0x00,
0x00, 0x00, 0x00, 0x00, 0x00, 0x00, 0x00, 0x00, 0x00, 0x00, 0x00, 0x00, 0x00, 0x00, 0x00, 0x00, 0x00, 0x00, 0x00, 0x00, 0x00, 0x00, 0x00, 0x00, 0x00, 0x00, 0x00, 0x00, 0x00, 0x00, 0x00, 0x00,
0x00, 0x00, 0x00, 0x00, 0x00, 0x00, 0x00, 0x00, 0x00, 0x00, 0x00, 0x00, 0x00, 0x00, 0x00, 0x00, 0x00, 0x00, 0x00, 0x00, 0x00, 0x00, 0x00, 0x00, 0x00, 0x00, 0x00, 0x00, 0x00, 0x00, 0x00, 0x00,
0x00, 0x00, 0x00, 0x00, 0x00, 0x00, 0x00, 0x00, 0x00, 0x00, 0x00, 0x00, 0x00, 0x00, 0x00, 0x00, 0x00, 0x00, 0x00, 0x00, 0x00, 0x00, 0x00, 0x00, 0x00, 0x00, 0x00, 0x00, 0x00, 0x00, 0x00, 0x00,
0x00, 0x00, 0x00, 0x00, 0x00, 0x00, 0x00, 0x00, 0x00, 0x00, 0x00, 0x00, 0x00, 0x00, 0x00, 0x00, 0x00, 0x00, 0x00, 0x00, 0x00, 0x00, 0x00, 0x00, 0x00, 0x00, 0x00, 0x00, 0x00, 0x00, 0x00, 0x00,
0x00, 0x00, 0x00, 0x00, 0x00, 0x00, 0x00, 0x00, 0x00, 0x00, 0x00, 0x00, 0x00, 0x00, 0x00, 0x00, 0x00, 0x00, 0x00, 0x00, 0x00, 0x00, 0x00, 0x00, 0x00, 0x00, 0x00, 0x00, 0x00, 0x00, 0x00, 0x00,
0x00, 0x00, 0x00, 0x00, 0x00, 0x00, 0x00, 0x00, 0x00, 0x00, 0x00, 0x00, 0x00, 0x00, 0x00, 0x00, 0x00, 0x00, 0x00, 0x00, 0x00, 0x00, 0x00, 0x00, 0x00, 0x00, 0x00, 0x00, 0x00, 0x00, 0x00, 0x00,
0x00, 0x00, 0x00, 0x00, 0x00, 0x00, 0x00, 0x00, 0x00, 0x00, 0x00, 0x00, 0x00, 0x00, 0x00, 0x00, 0x00, 0x00, 0x00, 0x00, 0x00, 0x00, 0x00, 0x00, 0x00, 0x00, 
/* -1- */
0x00, 0x00, 0x00, 0x00, 0x00, 0x00, 0x00, 0x00, 0x00, 0x00, 0x00, 0x00, 0x00, 0x00, 0x00, 0x00, 0x00, 0x00, 0x00, 0x00, 0x00, 0x00, 0x00, 0x00, 0x00, 0x00, 0x00, 0x00, 0x00, 0x00, 0x00, 0x00,
0x00, 0x00, 0x00, 0x00, 0x00, 0x00, 0x00, 0x00, 0x00, 0x00, 0x00, 0x00, 0x00, 0x00, 0x00, 0x00, 0x00, 0x00, 0x00, 0x00, 0x00, 0x00, 0x00, 0x00, 0x00, 0x00, 0x00, 0x00, 0x00, 0x00, 0x00, 0x00,
0x00, 0x00, 0x00, 0x00, 0x00, 0x00, 0x00, 0x00, 0x00, 0x00, 0x00, 0x00, 0x00, 0x00, 0x00, 0x00, 0x00, 0x00, 0x00, 0x00, 0x00, 0x00, 0x00, 0x00, 0x00, 0x00, 0x00, 0x00, 0x00, 0x00, 0x00, 0x00,
0x00, 0x00, 0x00, 0x00, 0x00, 0x00, 0x00, 0x00, 0x00, 0x00, 0x00, 0x00, 0x00, 0x00, 0x00, 0x00, 0x00, 0x00, 0x00, 0x00, 0x00, 0x00, 0x00, 0x00, 0x00, 0x00, 0x00, 0x00, 0x00, 0x00, 0x00, 0x00,
0x00, 0x00, 0x00, 0x00, 0x00, 0x00, 0x00, 0x00, 0x00, 0x00, 0x00, 0x00, 0x00, 0x00, 0x00, 0x00, 0x00, 0x00, 0x00, 0x00, 0x00, 0x00, 0x00, 0x00, 0x00, 0x00, 0x00, 0x00, 0x00, 0x00, 0x00, 0x00,
0x00, 0x00, 0x00, 0x00, 0x00, 0x00, 0x00, 0x00, 0x00, 0x00, 0x00, 0x00, 0x00, 0x00, 0x00, 0x00, 0x00, 0x00, 0x00, 0x00, 0x00, 0x00, 0x00, 0x00, 0x00, 0x00, 0x00, 0x00, 0x00, 0x00, 0x00, 0x00,
0x00, 0x00, 0x00, 0x00, 0x00, 0x00, 0x00, 0x00, 0x00, 0x00, 0x00, 0x00, 0x00, 0x00, 0x00, 0x00, 0x00, 0x00, 0x00, 0x00, 0x00, 0x00, 0x00, 0x00, 0x00, 0x00, 0x00, 0x00, 0x00, 0x00, 0x00, 0x00,
0x00, 0x00, 0x00, 0x00, 0x00, 0x00, 0x00, 0x00, 0x00, 0x00, 0x00, 0x00, 0x00, 0x00, 0x00, 0x00, 0x00, 0x00, 0x00, 0x00, 0x00, 0x00, 0x00, 0x00, 0x00, 0x00, 
/* -2- */
0x00, 0x00, 0x00, 0x00, 0x00, 0x00, 0x00, 0x00, 0x00, 0x00, 0x00, 0x00, 0x00, 0x00, 0x00, 0x00, 0x00, 0x00, 0x00, 0x00, 0x00, 0x00, 0x00, 0x00, 0x00, 0x00, 0x00, 0x00, 0x00, 0x00, 0x00, 0x00,
0x00, 0x00, 0x00, 0x00, 0x00, 0x00, 0x00, 0x00, 0x00, 0x00, 0x00, 0x00, 0x00, 0x00, 0x00, 0x00, 0x00, 0x00, 0x00, 0x00, 0x00, 0x00, 0x00, 0x00, 0x00, 0x00, 0x00, 0x00, 0x00, 0x00, 0x00, 0x00,
0x00, 0x00, 0x00, 0x00, 0x00, 0x00, 0x00, 0x00, 0x00, 0x00, 0x00, 0x00, 0x00, 0x00, 0x00, 0x00, 0x00, 0x00, 0x00, 0x00, 0x00, 0x00, 0x00, 0x00, 0x00, 0x00, 0x00, 0x00, 0x00, 0x00, 0x00, 0x00,
0x00, 0x00, 0x00, 0x00, 0x00, 0x00, 0x00, 0x00, 0x00, 0x00, 0x00, 0x00, 0x00, 0x00, 0x00, 0x00, 0x00, 0x00, 0x00, 0x00, 0x00, 0x00, 0x00, 0x00, 0x00, 0x00, 0x00, 0x00, 0x00, 0x00, 0x00, 0x00,
0x00, 0x00, 0x00, 0x00, 0x00, 0x00, 0x00, 0x00, 0x00, 0x00, 0x00, 0x00, 0x00, 0x00, 0x00, 0x00, 0x00, 0x00, 0x00, 0x00, 0x00, 0x00, 0x00, 0x00, 0x00, 0x00, 0x00, 0x00, 0x00, 0x00, 0x00, 0x00,
0x00, 0x00, 0x00, 0x00, 0x00, 0x00, 0x00, 0x00, 0x00, 0x00, 0x00, 0x00, 0x00, 0x00, 0x00, 0x00, 0x00, 0x00, 0x00, 0x00, 0x00, 0x00, 0x00, 0x00, 0x00, 0x00, 0x00, 0x00, 0x00, 0x00, 0x00, 0x00,
0x00, 0x00, 0x00, 0x00, 0x00, 0x00, 0x00, 0x00, 0x00, 0x00, 0x00, 0x00, 0x00, 0x00, 0x00, 0x00, 0x00, 0x00, 0x00, 0x00, 0x00, 0x00, 0x00, 0x00, 0x00, 0x00, 0x00, 0x00, 0x00, 0x00, 0x00, 0x00,
0x00, 0x00, 0x00, 0x00, 0x00, 0x00, 0x00, 0x00, 0x00, 0x00, 0x00, 0x00, 0x00, 0x00, 0x00, 0x00, 0x00, 0x00, 0x00, 0x00, 0x00, 0x00, 0x00, 0x00, 0x00, 0x00, 
/* -3- */
0x00, 0x00, 0x00, 0x00, 0x00, 0x00, 0x00, 0x00, 0x00, 0x00, 0x00, 0x00, 0x00, 0x00, 0x00, 0x00, 0x00, 0x00, 0x00, 0x00, 0x00, 0x00, 0x00, 0x00, 0x00, 0x00, 0x00, 0x00, 0x00, 0x00, 0x00, 0x00,
0x00, 0x00, 0x00, 0x00, 0x00, 0x00, 0x00, 0x00, 0x00, 0x00, 0x00, 0x00, 0x00, 0x00, 0x00, 0x00, 0x00, 0x00, 0x00, 0x00, 0x00, 0x00, 0x00, 0x00, 0x00, 0x00, 0x00, 0x00, 0x00, 0x00, 0x00, 0x00,
0x00, 0x00, 0x00, 0x00, 0x00, 0x00, 0x00, 0x00, 0x00, 0x00, 0x00, 0x00, 0x00, 0x00, 0x00, 0x00, 0x00, 0x00, 0x00, 0x00, 0x00, 0x00, 0x00, 0x00, 0x00, 0x00, 0x00, 0x00, 0x00, 0x00, 0x00, 0x00,
0x00, 0x00, 0x00, 0x00, 0x00, 0x00, 0x00, 0x00, 0x00, 0x00, 0x00, 0x00, 0x00, 0x00, 0x00, 0x00, 0x00, 0x00, 0x00, 0x00, 0x00, 0x00, 0x00, 0x00, 0x00, 0x00, 0x00, 0x00, 0x00, 0x00, 0x00, 0x00,
0x00, 0x00, 0x00, 0x00, 0x00, 0x00, 0x00, 0x00, 0x00, 0x00, 0x00, 0x00, 0x00, 0x00, 0x00, 0x00, 0x00, 0x00, 0x00, 0x00, 0x00, 0x00, 0x00, 0x00, 0x00, 0x00, 0x00, 0x00, 0x00, 0x00, 0x00, 0x00,
0x00, 0x00, 0x00, 0x00, 0x00, 0x00, 0x00, 0x00, 0x00, 0x00, 0x00, 0x00, 0x00, 0x00, 0x00, 0x00, 0x00, 0x00, 0x00, 0x00, 0x00, 0x00, 0x00, 0x00, 0x00, 0x00, 0x00, 0x00, 0x00, 0x00, 0x00, 0x00,
0x00, 0x00, 0x00, 0x00, 0x00, 0x00, 0x00, 0x00, 0x00, 0x00, 0x00, 0x00, 0x00, 0x00, 0x00, 0x00, 0x00, 0x00, 0x00, 0x00, 0x00, 0x00, 0x00, 0x00, 0x00, 0x00, 0x00, 0x00, 0x00, 0x00, 0x00, 0x00,
0x00, 0x00, 0x00, 0x00, 0x00, 0x00, 0x00, 0x00, 0x00, 0x00, 0x00, 0x00, 0x00, 0x00, 0x00, 0x00, 0x00, 0x00, 0x00, 0x00, 0x00, 0x00, 0x00, 0x00, 0x00, 0x00, 
/* -4- */
0x00, 0x00, 0x00, 0x00, 0x00, 0x00, 0x00, 0x00, 0x00, 0x00, 0x00, 0x00, 0x00, 0x00, 0x00, 0x00, 0x00, 0x00, 0x00, 0x00, 0x00, 0x00, 0x00, 0x00, 0x00, 0x00, 0x00, 0x00, 0x00, 0x00, 0x00, 0x00,
0x00, 0x00, 0x00, 0x00, 0x00, 0x00, 0x00, 0x00, 0x00, 0x00, 0x00, 0x00, 0x00, 0x00, 0x00, 0x00, 0x00, 0x00, 0x00, 0x00, 0x00, 0x00, 0x00, 0x00, 0x00, 0x00, 0x00, 0x00, 0x00, 0x00, 0x00, 0x00,
0x00, 0x00, 0x00, 0x00, 0x00, 0x00, 0x00, 0x00, 0x00, 0x00, 0x00, 0x00, 0x00, 0x00, 0x00, 0x00, 0x00, 0x00, 0x00, 0x00, 0x00, 0x00, 0x00, 0x00, 0x00, 0x00, 0x00, 0x00, 0x00, 0x00, 0x00, 0x00,
0x00, 0x00, 0x00, 0x00, 0x00, 0x00, 0x00, 0x00, 0x00, 0x00, 0x00, 0x00, 0x00, 0x00, 0x00, 0x00, 0x00, 0x00, 0x00, 0x00, 0x00, 0x00, 0x00, 0x00, 0x00, 0x00, 0x00, 0x00, 0x00, 0x00, 0x00, 0x00,
0x00, 0x00, 0x00, 0x00, 0x00, 0x00, 0x00, 0x00, 0x00, 0x00, 0x00, 0x00, 0x00, 0x00, 0x00, 0x00, 0x00, 0x00, 0x00, 0x00, 0x00, 0x00, 0x00, 0x00, 0x00, 0x00, 0x00, 0x00, 0x00, 0x00, 0x00, 0x00,
0x00, 0x00, 0x00, 0x00, 0x00, 0x00, 0x00, 0x00, 0x00, 0x00, 0x00, 0x00, 0x00, 0x00, 0x00, 0x00, 0x00, 0x00, 0x00, 0x00, 0x00, 0x00, 0x00, 0x00, 0x00, 0x00, 0x00, 0x00, 0x00, 0x00, 0x00, 0x00,
0x00, 0x00, 0x00, 0x00, 0x00, 0x00, 0x00, 0x00, 0x00, 0x00, 0x00, 0x00, 0x00, 0x00, 0x00, 0x00, 0x00, 0x00, 0x00, 0x00, 0x00, 0x00, 0x00, 0x00, 0x00, 0x00, 0x00, 0x00, 0x00, 0x00, 0x00, 0x00,
0x00, 0x00, 0x00, 0x00, 0x00, 0x00, 0x00, 0x00, 0x00, 0x00, 0x00, 0x00, 0x00, 0x00, 0x00, 0x00, 0x00, 0x00, 0x00, 0x00, 0x00, 0x00, 0x00, 0x00, 0x00, 0x00, 
/* -5- */
0x00, 0x00, 0x00, 0x00, 0x00, 0x00, 0x00, 0x00, 0x00, 0x00, 0x00, 0x00, 0x00, 0x00, 0x00, 0x00, 0x00, 0x00, 0x00, 0x00, 0x00, 0x00, 0x00, 0x00, 0x00, 0x00, 0x00, 0x00, 0x71, 0x6d, 0x6c, 0x6e,
0x73, 0x6d, 0x6f, 0x70, 0x70, 0x6e, 0x72, 0x6d, 0x6e, 0x71, 0x6d, 0x00, 0x00, 0x00, 0x00, 0x00, 0x00, 0x00, 0x00, 0x00, 0x00, 0x00, 0x00, 0x00, 0x00, 0x00, 0x00, 0x00, 0x00, 0x00, 0x00, 0x00,
0x00, 0x00, 0x00, 0x00, 0x00, 0x00, 0x00, 0x00, 0x00, 0x00, 0x00, 0x00, 0x00, 0x00, 0x00, 0x00, 0x00, 0x00, 0x00, 0x00, 0x00, 0x00, 0x00, 0x00, 0x00, 0x00, 0x00, 0x00, 0x00, 0x00, 0x00, 0x00,
0x00, 0x00, 0x00, 0x00, 0x00, 0x00, 0x00, 0x00, 0x00, 0x00, 0x00, 0x00, 0x00, 0x00, 0x00, 0x00, 0x00, 0x00, 0x00, 0x00, 0x00, 0x00, 0x00, 0x00, 0x00, 0x6c, 0x72, 0x6f, 0x6f, 0x6f, 0x6f, 0x6f,
0x6f, 0x6f, 0x6e, 0x70, 0x71, 0x73, 0x6a, 0x00, 0x00, 0x00, 0x00, 0x00, 0x00, 0x00, 0x00, 0x00, 0x00, 0x00, 0x00, 0x00, 0x00, 0x00, 0x00, 0x00, 0x00, 0x00, 0x00, 0x00, 0x00, 0x00, 0x00, 0x00,
0x00, 0x00, 0x00, 0x00, 0x00, 0x00, 0x00, 0x00, 0x00, 0x00, 0x00, 0x00, 0x00, 0x00, 0x00, 0x00, 0x00, 0x00, 0x00, 0x6d, 0x6f, 0x6f, 0x6d, 0x6f, 0x6f, 0x6e, 0x6f, 0x6f, 0x6e, 0x6f, 0x6e, 0x73,
0x00, 0x00, 0x00, 0x00, 0x00, 0x00, 0x00, 0x00, 0x00, 0x00, 0x00, 0x00, 0x00, 0x00, 0x00, 0x00, 0x00, 0x00, 0x00, 0x00, 0x00, 0x00, 0x00, 0x00, 0x00, 0x00, 0x68, 0x6f, 0x6e, 0x6e, 0x70, 0x70,
0x70, 0x6f, 0x6f, 0x6f, 0x70, 0x6f, 0x70, 0x71, 0x63, 0x00, 0x00, 0x00, 0x00, 0x00, 0x00, 0x00, 0x00, 0x00, 0x00, 0x00, 0x00, 0x00, 0x00, 0x00, 0x00, 0x00, 
/* -6- */
0x00, 0x00, 0x00, 0x00, 0x00, 0x00, 0x00, 0x00, 0x00, 0x00, 0x00, 0x00, 0x00, 0x00, 0x00, 0x00, 0x00, 0x00, 0x00, 0x00, 0x00, 0x00, 0x00, 0x00, 0x00, 0x6e, 0x70, 0x6f, 0x70, 0x6f, 0x6f, 0x6f,
0x72, 0x72, 0x72, 0x72, 0x72, 0x72, 0x72, 0x71, 0x6f, 0x6f, 0x6f, 0x6f, 0x6e, 0x6a, 0x00, 0x00, 0x00, 0x00, 0x00, 0x00, 0x00, 0x00, 0x00, 0x00, 0x00, 0x00, 0x00, 0x00, 0x00, 0x00, 0x00, 0x00,
0x00, 0x00, 0x00, 0x00, 0x00, 0x00, 0x00, 0x00, 0x00, 0x00, 0x00, 0x00, 0x00, 0x00, 0x00, 0x00, 0x00, 0x00, 0x00, 0x00, 0x00, 0x00, 0x00, 0x00, 0x00, 0x00, 0x00, 0x00, 0x00, 0x00, 0x00, 0x00,
0x00, 0x00, 0x00, 0x00, 0x00, 0x00, 0x00, 0x00, 0x00, 0x00, 0x00, 0x00, 0x00, 0x00, 0x00, 0x00, 0x00, 0x00, 0x00, 0x00, 0x00, 0x00, 0x7f, 0x6f, 0x6f, 0x6f, 0x6f, 0x72, 0x72, 0x72, 0x72, 0x72,
0x72, 0x72, 0x72, 0x72, 0x6f, 0x6f, 0x70, 0x6e, 0x72, 0x6a, 0x00, 0x00, 0x00, 0x00, 0x00, 0x00, 0x00, 0x00, 0x00, 0x00, 0x00, 0x00, 0x00, 0x00, 0x00, 0x00, 0x00, 0x00, 0x00, 0x00, 0x00, 0x00,
0x00, 0x00, 0x00, 0x00, 0x00, 0x00, 0x00, 0x00, 0x00, 0x00, 0x00, 0x00, 0x00, 0x00, 0x00, 0x00, 0x00, 0x6e, 0x6f, 0x6f, 0x6f, 0x6f, 0x73, 0x72, 0x72, 0x72, 0x72, 0x72, 0x72, 0x71, 0x6f, 0x70,
0x70, 0x6e, 0x68, 0x00, 0x00, 0x00, 0x00, 0x00, 0x00, 0x00, 0x00, 0x00, 0x00, 0x00, 0x00, 0x00, 0x00, 0x00, 0x00, 0x00, 0x00, 0x00, 0x00, 0x6d, 0x70, 0x6f, 0x6f, 0x6e, 0x6f, 0x73, 0x72, 0x72,
0x72, 0x72, 0x72, 0x72, 0x72, 0x72, 0x6f, 0x6f, 0x70, 0x70, 0x6f, 0x00, 0x00, 0x00, 0x00, 0x00, 0x00, 0x00, 0x00, 0x00, 0x00, 0x00, 0x00, 0x00, 0x00, 0x00, 
/* -7- */
0x00, 0x00, 0x00, 0x00, 0x00, 0x00, 0x00, 0x00, 0x00, 0x00, 0x00, 0x00, 0x00, 0x00, 0x00, 0x00, 0x00, 0x00, 0x00, 0x00, 0x00, 0x00, 0x66, 0x6e, 0x6f, 0x6f, 0x6f, 0x73, 0x74, 0x72, 0x71, 0x70,
0x6f, 0x6f, 0x6f, 0x6f, 0x6f, 0x6f, 0x6f, 0x6f, 0x70, 0x72, 0x74, 0x73, 0x6f, 0x6e, 0x6f, 0x71, 0x00, 0x00, 0x00, 0x00, 0x00, 0x00, 0x00, 0x00, 0x71, 0x6f, 0x6e, 0x6e, 0x6e, 0x6e, 0x6e, 0x6e,
0x6e, 0x6e, 0x6e, 0x6e, 0x6e, 0x6e, 0x6e, 0x6e, 0x6e, 0x70, 0x6a, 0x00, 0x00, 0x00, 0x00, 0x00, 0x00, 0x00, 0x00, 0x00, 0x00, 0x00, 0x00, 0x00, 0x00, 0x00, 0x00, 0x00, 0x00, 0x6d, 0x6f, 0x70,
0x6f, 0x6f, 0x6f, 0x6f, 0x6f, 0x6f, 0x6f, 0x6f, 0x6f, 0x6f, 0x6f, 0x6f, 0x6f, 0x6e, 0x6d, 0x00, 0x00, 0x00, 0x00, 0x00, 0x00, 0x6e, 0x6f, 0x6f, 0x75, 0x72, 0x70, 0x6f, 0x6f, 0x6f, 0x6f, 0x6f,
0x6f, 0x6f, 0x6f, 0x6f, 0x70, 0x72, 0x74, 0x72, 0x6f, 0x6f, 0x70, 0x00, 0x00, 0x00, 0x00, 0x00, 0x00, 0x00, 0x00, 0x00, 0x00, 0x00, 0x8e, 0x6e, 0x72, 0x6f, 0x6f, 0x6f, 0x6f, 0x6f, 0x6f, 0x6f,
0x6f, 0x6f, 0x6f, 0x6f, 0x6f, 0x6f, 0x71, 0x6f, 0x6f, 0x00, 0x00, 0x00, 0x00, 0x00, 0x00, 0x6e, 0x70, 0x6f, 0x73, 0x74, 0x71, 0x70, 0x6f, 0x6f, 0x6f, 0x6f, 0x6f, 0x6f, 0x6f, 0x6f, 0x71, 0x72,
0x74, 0x6f, 0x6f, 0x6f, 0x6d, 0x00, 0x00, 0x00, 0x00, 0x00, 0x00, 0x00, 0x00, 0x00, 0x00, 0x00, 0x00, 0x00, 0x00, 0x00, 0x00, 0x6f, 0x6f, 0x6f, 0x6f, 0x74, 0x73, 0x71, 0x70, 0x6f, 0x6f, 0x6f,
0x6f, 0x6f, 0x6f, 0x6f, 0x6f, 0x6f, 0x70, 0x71, 0x74, 0x71, 0x70, 0x6f, 0x6f, 0x00, 0x00, 0x00, 0x00, 0x00, 0x00, 0x00, 0x00, 0x00, 0x00, 0x00, 0x00, 0x00, 
/* -8- */
0x00, 0x00, 0x00, 0x00, 0x00, 0x00, 0x00, 0x00, 0x00, 0x00, 0x00, 0x00, 0x00, 0x00, 0x00, 0x00, 0x00, 0x00, 0x00, 0x00, 0xaa, 0x6f, 0x6f, 0x70, 0x73, 0x74, 0x71, 0x6f, 0x6f, 0x6f, 0x6f, 0x6f,
0x6f, 0x6f, 0x6f, 0x6f, 0x6f, 0x6f, 0x6f, 0x6f, 0x6f, 0x6f, 0x6f, 0x6f, 0x71, 0x74, 0x6f, 0x70, 0x6f, 0x6c, 0x00, 0x00, 0x00, 0x00, 0x00, 0x00, 0x71, 0x6f, 0x77, 0x73, 0x73, 0x73, 0x73, 0x73,
0x73, 0x73, 0x73, 0x73, 0x73, 0x73, 0x73, 0x73, 0x76, 0x70, 0x6c, 0x00, 0x00, 0x00, 0x00, 0x00, 0x00, 0x00, 0x00, 0x00, 0x00, 0x00, 0x00, 0x00, 0x00, 0x00, 0x00, 0x00, 0x00, 0x6e, 0x71, 0x76,
0x75, 0x75, 0x75, 0x75, 0x75, 0x75, 0x75, 0x75, 0x75, 0x75, 0x75, 0x75, 0x75, 0x74, 0x6f, 0x00, 0x00, 0x00, 0x00, 0x74, 0x70, 0x70, 0x74, 0x71, 0x6f, 0x6f, 0x6f, 0x6f, 0x6f, 0x6f, 0x6f, 0x6f,
0x6f, 0x6f, 0x6f, 0x6f, 0x6f, 0x6f, 0x6f, 0x70, 0x72, 0x74, 0x6f, 0x6f, 0x72, 0x00, 0x00, 0x00, 0x00, 0x00, 0x00, 0x00, 0x00, 0x00, 0x63, 0x6f, 0x7a, 0x75, 0x75, 0x75, 0x75, 0x75, 0x75, 0x75,
0x75, 0x75, 0x75, 0x75, 0x75, 0x75, 0x78, 0x6f, 0x6f, 0x00, 0x00, 0x00, 0x00, 0x6e, 0x6f, 0x70, 0x74, 0x72, 0x6f, 0x6f, 0x6f, 0x6f, 0x6f, 0x6f, 0x6f, 0x6f, 0x6f, 0x6f, 0x6f, 0x6f, 0x6f, 0x6f,
0x6f, 0x71, 0x74, 0x70, 0x6e, 0x71, 0x00, 0x00, 0x00, 0x00, 0x00, 0x00, 0x00, 0x00, 0x00, 0x00, 0x00, 0x00, 0x00, 0x00, 0x6f, 0x6f, 0x6f, 0x75, 0x71, 0x6f, 0x6f, 0x6f, 0x6f, 0x6f, 0x6f, 0x6f,
0x6f, 0x6f, 0x6f, 0x6f, 0x6f, 0x6f, 0x6f, 0x6f, 0x6f, 0x70, 0x72, 0x73, 0x71, 0x6f, 0x6c, 0x00, 0x00, 0x00, 0x00, 0x00, 0x00, 0x00, 0x00, 0x00, 0x00, 0x00, 
/* -9- */
0x00, 0x00, 0x00, 0x00, 0x00, 0x00, 0x00, 0x00, 0x00, 0x00, 0x00, 0x00, 0x00, 0x00, 0x00, 0x00, 0x00, 0x00, 0x8e, 0x70, 0x6f, 0x70, 0x72, 0x72, 0x70, 0x6f, 0x6f, 0x6f, 0x6f, 0x6f, 0x6f, 0x6f,
0x6f, 0x6f, 0x6f, 0x6f, 0x6f, 0x6f, 0x6f, 0x6f, 0x6f, 0x6f, 0x6f, 0x6f, 0x6f, 0x6f, 0x70, 0x73, 0x70, 0x6f, 0x6e, 0x00, 0x00, 0x00, 0x00, 0x00, 0x70, 0x6f, 0x73, 0x70, 0x70, 0x70, 0x70, 0x70,
0x70, 0x70, 0x70, 0x70, 0x70, 0x70, 0x70, 0x70, 0x73, 0x6f, 0x69, 0x00, 0x00, 0x00, 0x00, 0x00, 0x00, 0x00, 0x00, 0x00, 0x00, 0x00, 0x00, 0x00, 0x00, 0x00, 0x00, 0x00, 0x00, 0x6e, 0x6f, 0x70,
0x6f, 0x6f, 0x6f, 0x6f, 0x6f, 0x6f, 0x6f, 0x6f, 0x6f, 0x6f, 0x6f, 0x6f, 0x6f, 0x6f, 0x6e, 0x00, 0x00, 0x00, 0x6e, 0x6f, 0x70, 0x72, 0x6f, 0x6f, 0x6f, 0x6f, 0x6f, 0x6f, 0x6f, 0x6f, 0x6f, 0x6f,
0x6f, 0x6f, 0x6f, 0x6f, 0x6f, 0x6f, 0x6f, 0x6f, 0x6f, 0x6f, 0x71, 0x72, 0x6f, 0x00, 0x00, 0x00, 0x00, 0x00, 0x00, 0x00, 0x00, 0x00, 0x63, 0x6f, 0x74, 0x6f, 0x6f, 0x6f, 0x6f, 0x6f, 0x6f, 0x6f,
0x6f, 0x6f, 0x6f, 0x6f, 0x6f, 0x6f, 0x72, 0x6f, 0x6f, 0x00, 0x00, 0x00, 0x70, 0x70, 0x72, 0x72, 0x6f, 0x6f, 0x6f, 0x6f, 0x6f, 0x6f, 0x6f, 0x6f, 0x6f, 0x6f, 0x6f, 0x6f, 0x6f, 0x6f, 0x6f, 0x6f,
0x6f, 0x6f, 0x6f, 0x71, 0x72, 0x6f, 0x6e, 0x71, 0x00, 0x00, 0x00, 0x00, 0x00, 0x00, 0x00, 0x00, 0x00, 0x00, 0x71, 0x6f, 0x71, 0x72, 0x71, 0x6f, 0x6f, 0x6f, 0x6f, 0x6f, 0x6f, 0x6f, 0x6f, 0x6f,
0x6f, 0x6f, 0x6f, 0x6f, 0x6f, 0x6f, 0x6f, 0x6f, 0x6f, 0x6f, 0x6f, 0x6f, 0x72, 0x70, 0x6f, 0x6f, 0x00, 0x00, 0x00, 0x00, 0x00, 0x00, 0x00, 0x00, 0x00, 0x00, 
/* -10- */
0x00, 0x00, 0x00, 0x00, 0x00, 0x00, 0x00, 0x00, 0x00, 0x00, 0x00, 0x00, 0x00, 0x00, 0x00, 0x00, 0x7f, 0x6e, 0x6f, 0x6f, 0x71, 0x71, 0x6f, 0x6f, 0x6f, 0x6f, 0x6f, 0x6f, 0x6f, 0x6f, 0x6f, 0x6f,
0x6f, 0x6f, 0x6f, 0x6f, 0x6f, 0x6f, 0x6f, 0x6f, 0x6f, 0x6f, 0x6f, 0x6f, 0x6f, 0x6f, 0x6f, 0x6f, 0x70, 0x72, 0x6f, 0x6f, 0x6e, 0x00, 0x00, 0x00, 0x71, 0x6f, 0x73, 0x6f, 0x6f, 0x6f, 0x6f, 0x6f,
0x6f, 0x6f, 0x6f, 0x6f, 0x6f, 0x6f, 0x6f, 0x6f, 0x72, 0x6f, 0x69, 0x00, 0x00, 0x00, 0x00, 0x00, 0x00, 0x00, 0x00, 0x00, 0x00, 0x00, 0x00, 0x00, 0x00, 0x00, 0x00, 0x00, 0x00, 0x6e, 0x6f, 0x70,
0x6f, 0x6f, 0x6f, 0x6f, 0x6f, 0x6f, 0x6f, 0x6f, 0x6f, 0x6f, 0x6f, 0x6f, 0x6f, 0x6f, 0x6e, 0x00, 0x7f, 0x6f, 0x6f, 0x72, 0x70, 0x6f, 0x6f, 0x6f, 0x6f, 0x6f, 0x6f, 0x6f, 0x6f, 0x6f, 0x6f, 0x6f,
0x6f, 0x6f, 0x6f, 0x6f, 0x6f, 0x6f, 0x6f, 0x6f, 0x6f, 0x6f, 0x70, 0x6f, 0x6d, 0x00, 0x00, 0x00, 0x00, 0x00, 0x00, 0x00, 0x00, 0x00, 0x7f, 0x6f, 0x73, 0x6f, 0x6f, 0x6f, 0x6f, 0x6f, 0x6f, 0x6f,
0x6f, 0x6f, 0x6f, 0x6f, 0x6f, 0x6f, 0x72, 0x6f, 0x6f, 0x00, 0x63, 0x6f, 0x6f, 0x71, 0x70, 0x6f, 0x6f, 0x6f, 0x6f, 0x6f, 0x6f, 0x6f, 0x6f, 0x6f, 0x6f, 0x6f, 0x6f, 0x6f, 0x6f, 0x6f, 0x6f, 0x6f,
0x6f, 0x6f, 0x6f, 0x6f, 0x6f, 0x71, 0x70, 0x6e, 0x71, 0x00, 0x00, 0x00, 0x00, 0x00, 0x00, 0x00, 0x6a, 0x6d, 0x6f, 0x71, 0x71, 0x6f, 0x6f, 0x6f, 0x6f, 0x6f, 0x6f, 0x6f, 0x6f, 0x6f, 0x6f, 0x6f,
0x6f, 0x6f, 0x6f, 0x6f, 0x6f, 0x6f, 0x6f, 0x6f, 0x6f, 0x6f, 0x6f, 0x6f, 0x6f, 0x70, 0x71, 0x6f, 0x6f, 0x6c, 0x00, 0x00, 0x00, 0x00, 0x00, 0x00, 0x00, 0x00, 
/* -11- */
0x00, 0x00, 0x00, 0x00, 0x00, 0x00, 0x00, 0x00, 0x00, 0x00, 0x00, 0x00, 0x00, 0x00, 0x00, 0x6f, 0x6f, 0x6f, 0x72, 0x6f, 0x6f, 0x6f, 0x6f, 0x6f, 0x6f, 0x6f, 0x6f, 0x6f, 0x6f, 0x6f, 0x6f, 0x6f,
0x6f, 0x6f, 0x6f, 0x6f, 0x6f, 0x6f, 0x6f, 0x6f, 0x6f, 0x6f, 0x6f, 0x6f, 0x6f, 0x6f, 0x6f, 0x6f, 0x6f, 0x6f, 0x70, 0x72, 0x70, 0x70, 0x00, 0x00, 0x6f, 0x6f, 0x73, 0x6f, 0x6f, 0x6f, 0x6f, 0x6f,
0x6f, 0x6f, 0x6f, 0x6f, 0x6f, 0x6f, 0x6f, 0x6f, 0x72, 0x6f, 0x69, 0x00, 0x00, 0x00, 0x00, 0x00, 0x00, 0x00, 0x00, 0x00, 0x00, 0x00, 0x00, 0x00, 0x00, 0x00, 0x00, 0x00, 0x00, 0x6e, 0x6f, 0x70,
0x6f, 0x6f, 0x6f, 0x6f, 0x6f, 0x6f, 0x6f, 0x6f, 0x6f, 0x6f, 0x6f, 0x6f, 0x6f, 0x6f, 0x6e, 0x6a, 0x6f, 0x70, 0x72, 0x6f, 0x6f, 0x6f, 0x6f, 0x6f, 0x6f, 0x6f, 0x6f, 0x6f, 0x6f, 0x6f, 0x6f, 0x6f,
0x6f, 0x6f, 0x6f, 0x6f, 0x6f, 0x6f, 0x6f, 0x6f, 0x6f, 0x6f, 0x72, 0x70, 0x00, 0x00, 0x00, 0x00, 0x00, 0x00, 0x00, 0x00, 0x00, 0x00, 0x7f, 0x6f, 0x73, 0x6f, 0x6f, 0x6f, 0x6f, 0x6f, 0x6f, 0x6f,
0x6f, 0x6f, 0x6f, 0x6f, 0x6f, 0x6f, 0x72, 0x6f, 0x70, 0x6c, 0x6f, 0x70, 0x70, 0x6f, 0x6f, 0x6f, 0x6f, 0x6f, 0x6f, 0x6f, 0x6f, 0x6f, 0x6f, 0x6f, 0x6f, 0x6f, 0x6f, 0x6f, 0x6f, 0x6f, 0x6f, 0x6f,
0x6f, 0x6f, 0x6f, 0x6f, 0x6f, 0x6f, 0x6f, 0x72, 0x6f, 0x6d, 0x00, 0x00, 0x00, 0x00, 0x00, 0x6c, 0x6f, 0x70, 0x71, 0x6f, 0x6f, 0x6f, 0x6f, 0x6f, 0x6f, 0x6f, 0x6f, 0x6f, 0x6f, 0x6f, 0x6f, 0x6f,
0x6f, 0x6f, 0x6f, 0x6f, 0x6f, 0x6f, 0x6f, 0x6f, 0x6f, 0x6f, 0x6f, 0x6f, 0x6f, 0x6f, 0x6f, 0x70, 0x70, 0x6f, 0x6c, 0x00, 0x00, 0x00, 0x00, 0x00, 0x00, 0x00, 
/* -12- */
0x00, 0x00, 0x00, 0x00, 0x00, 0x00, 0x00, 0x00, 0x00, 0x00, 0x00, 0x00, 0x00, 0x00, 0x6d, 0x70, 0x71, 0x70, 0x6f, 0x6f, 0x6f, 0x6f, 0x6f, 0x6f, 0x6f, 0x6f, 0x6f, 0x6f, 0x6f, 0x6f, 0x6f, 0x6f,
0x6f, 0x6f, 0x6f, 0x6f, 0x6f, 0x6f, 0x6f, 0x6f, 0x6f, 0x6f, 0x6f, 0x6f, 0x6f, 0x6f, 0x6f, 0x6f, 0x6f, 0x6f, 0x6f, 0x6f, 0x74, 0x70, 0x71, 0x00, 0x74, 0x6f, 0x73, 0x6f, 0x6f, 0x6f, 0x6f, 0x6f,
0x6f, 0x6f, 0x6f, 0x6f, 0x6f, 0x6f, 0x6f, 0x6f, 0x72, 0x6f, 0x69, 0x00, 0x00, 0x00, 0x00, 0x00, 0x00, 0x00, 0x00, 0x00, 0x00, 0x00, 0x00, 0x00, 0x00, 0x00, 0x00, 0x00, 0x00, 0x6e, 0x6f, 0x70,
0x6f, 0x6f, 0x6f, 0x6f, 0x6f, 0x6f, 0x6f, 0x6f, 0x6f, 0x6f, 0x6f, 0x6f, 0x6f, 0x6f, 0x70, 0x6f, 0x71, 0x71, 0x6f, 0x6f, 0x6f, 0x6f, 0x6f, 0x6f, 0x6f, 0x6f, 0x6f, 0x6f, 0x6f, 0x6f, 0x6f, 0x6f,
0x6f, 0x6f, 0x6f, 0x6f, 0x6f, 0x6f, 0x6f, 0x6f, 0x6f, 0x70, 0x6f, 0x6f, 0x00, 0x00, 0x00, 0x00, 0x00, 0x00, 0x00, 0x00, 0x00, 0x00, 0x7f, 0x6f, 0x73, 0x6f, 0x6f, 0x6f, 0x6f, 0x6f, 0x6f, 0x6f,
0x6f, 0x6f, 0x6f, 0x6f, 0x6f, 0x6f, 0x72, 0x6f, 0x70, 0x70, 0x72, 0x6f, 0x6f, 0x6f, 0x6f, 0x6f, 0x6f, 0x6f, 0x6f, 0x6f, 0x6f, 0x6f, 0x6f, 0x6f, 0x6f, 0x6f, 0x6f, 0x6f, 0x6f, 0x6f, 0x6f, 0x6f,
0x6f, 0x6f, 0x6f, 0x6f, 0x6f, 0x6f, 0x6f, 0x70, 0x71, 0x6f, 0x73, 0x00, 0x00, 0x00, 0x71, 0x6f, 0x70, 0x71, 0x6f, 0x6f, 0x6f, 0x6f, 0x6f, 0x6f, 0x6f, 0x6f, 0x6f, 0x6f, 0x6f, 0x6f, 0x6f, 0x6f,
0x6f, 0x6f, 0x6f, 0x6f, 0x6f, 0x6f, 0x6f, 0x6f, 0x6f, 0x6f, 0x6f, 0x6f, 0x6f, 0x6f, 0x6f, 0x6f, 0x70, 0x72, 0x6f, 0x6f, 0x00, 0x00, 0x00, 0x00, 0x00, 0x00, 
/* -13- */
0x00, 0x00, 0x00, 0x00, 0x00, 0x00, 0x00, 0x00, 0x00, 0x00, 0x00, 0x00, 0x00, 0x70, 0x6f, 0x74, 0x6f, 0x6f, 0x6f, 0x6f, 0x6f, 0x6f, 0x6f, 0x6f, 0x6f, 0x6f, 0x6f, 0x6f, 0x6f, 0x6f, 0x6f, 0x6f,
0x6f, 0x6f, 0x6f, 0x6f, 0x6f, 0x6f, 0x6f, 0x6f, 0x6f, 0x6f, 0x6f, 0x6f, 0x6f, 0x6f, 0x6f, 0x6f, 0x6f, 0x6f, 0x6f, 0x6f, 0x6f, 0x73, 0x6f, 0x6f, 0x6f, 0x6e, 0x73, 0x6f, 0x6f, 0x6f, 0x6f, 0x6f,
0x6f, 0x6f, 0x6f, 0x6f, 0x6f, 0x6f, 0x6f, 0x6f, 0x72, 0x6f, 0x69, 0x00, 0x00, 0x00, 0x00, 0x00, 0x00, 0x00, 0x00, 0x00, 0x00, 0x00, 0x00, 0x00, 0x00, 0x00, 0x00, 0x00, 0x00, 0x6e, 0x6f, 0x70,
0x6f, 0x6f, 0x6f, 0x6f, 0x6f, 0x6f, 0x6f, 0x6f, 0x6f, 0x6f, 0x6f, 0x6f, 0x6f, 0x6f, 0x6f, 0x6f, 0x72, 0x6f, 0x6f, 0x6f, 0x6f, 0x6f, 0x6f, 0x6f, 0x6f, 0x6f, 0x6f, 0x6f, 0x6f, 0x6f, 0x6f, 0x6f,
0x6f, 0x6f, 0x6f, 0x6f, 0x6f, 0x6f, 0x6f, 0x6f, 0x6f, 0x75, 0x6f, 0x6a, 0x00, 0x00, 0x00, 0x00, 0x00, 0x00, 0x00, 0x00, 0x00, 0x00, 0x7f, 0x6f, 0x73, 0x6f, 0x6f, 0x6f, 0x6f, 0x6f, 0x6f, 0x6f,
0x6f, 0x6f, 0x6f, 0x6f, 0x6f, 0x6f, 0x71, 0x6f, 0x6f, 0x6f, 0x70, 0x6f, 0x6f, 0x6f, 0x6f, 0x6f, 0x6f, 0x6f, 0x6f, 0x6f, 0x6f, 0x6f, 0x6f, 0x6f, 0x6f, 0x6f, 0x6f, 0x6f, 0x6f, 0x6f, 0x6f, 0x6f,
0x6f, 0x6f, 0x6f, 0x6f, 0x6f, 0x6f, 0x6f, 0x6f, 0x71, 0x72, 0x6f, 0x7f, 0x00, 0x75, 0x6f, 0x70, 0x71, 0x6f, 0x6f, 0x6f, 0x6f, 0x6f, 0x6f, 0x6f, 0x6f, 0x6f, 0x6f, 0x6f, 0x6f, 0x6f, 0x6f, 0x6f,
0x6f, 0x6f, 0x6f, 0x6f, 0x6f, 0x6f, 0x6f, 0x6f, 0x6f, 0x6f, 0x6f, 0x6f, 0x6f, 0x6f, 0x6f, 0x6f, 0x6f, 0x70, 0x71, 0x6f, 0x68, 0x00, 0x00, 0x00, 0x00, 0x00, 
/* -14- */
0x00, 0x00, 0x00, 0x00, 0x00, 0x00, 0x00, 0x00, 0x00, 0x00, 0x00, 0x00, 0x6e, 0x6f, 0x73, 0x6f, 0x6f, 0x6f, 0x6f, 0x6f, 0x6f, 0x6f, 0x6f, 0x6f, 0x6f, 0x6f, 0x6f, 0x6f, 0x6f, 0x6f, 0x6f, 0x6f,
0x6f, 0x6f, 0x6f, 0x6f, 0x6f, 0x6f, 0x6f, 0x6f, 0x6f, 0x6f, 0x6f, 0x6f, 0x6f, 0x6f, 0x6f, 0x6f, 0x6f, 0x6f, 0x6f, 0x6f, 0x6f, 0x6f, 0x73, 0x6f, 0x70, 0x6f, 0x73, 0x6f, 0x6f, 0x6f, 0x6f, 0x6f,
0x6f, 0x6f, 0x6f, 0x6f, 0x6f, 0x6f, 0x6f, 0x6f, 0x72, 0x6f, 0x69, 0x00, 0x00, 0x00, 0x00, 0x00, 0x00, 0x00, 0x00, 0x00, 0x00, 0x00, 0x00, 0x00, 0x00, 0x00, 0x00, 0x00, 0x00, 0x6e, 0x6f, 0x70,
0x6f, 0x6f, 0x6f, 0x6f, 0x6f, 0x6f, 0x6f, 0x6f, 0x6f, 0x6f, 0x6f, 0x6f, 0x6f, 0x6f, 0x6f, 0x71, 0x6f, 0x6f, 0x6f, 0x6f, 0x6f, 0x6f, 0x6f, 0x6f, 0x6f, 0x6f, 0x6f, 0x6f, 0x6f, 0x6f, 0x6f, 0x6f,
0x6f, 0x6f, 0x6f, 0x6f, 0x6f, 0x6f, 0x6f, 0x6f, 0x72, 0x71, 0x6f, 0x00, 0x00, 0x00, 0x00, 0x00, 0x00, 0x00, 0x00, 0x00, 0x00, 0x00, 0x7f, 0x6f, 0x73, 0x6f, 0x6f, 0x6f, 0x6f, 0x6f, 0x6f, 0x6f,
0x6f, 0x6f, 0x6f, 0x6f, 0x6f, 0x6f, 0x6f, 0x6f, 0x6f, 0x70, 0x6f, 0x6f, 0x6f, 0x6f, 0x6f, 0x6f, 0x6f, 0x6f, 0x6f, 0x6f, 0x6f, 0x6f, 0x6f, 0x6f, 0x6f, 0x6f, 0x6f, 0x6f, 0x6f, 0x6f, 0x6f, 0x6f,
0x6f, 0x6f, 0x6f, 0x6f, 0x6f, 0x6f, 0x6f, 0x6f, 0x6f, 0x72, 0x70, 0x6e, 0x00, 0x70, 0x71, 0x71, 0x6f, 0x6f, 0x6f, 0x6f, 0x6f, 0x6f, 0x6f, 0x6f, 0x6f, 0x6f, 0x6f, 0x6f, 0x6f, 0x6f, 0x6f, 0x6f,
0x6f, 0x6f, 0x6f, 0x6f, 0x6f, 0x6f, 0x6f, 0x6f, 0x6f, 0x6f, 0x6f, 0x6f, 0x6f, 0x6f, 0x6f, 0x6f, 0x6f, 0x6f, 0x70, 0x71, 0x6f, 0x00, 0x00, 0x00, 0x00, 0x00, 
/* -15- */
0x00, 0x00, 0x00, 0x00, 0x00, 0x00, 0x00, 0x00, 0x00, 0x00, 0x00, 0x6f, 0x6f, 0x71, 0x6f, 0x6f, 0x6f, 0x6f, 0x6f, 0x6f, 0x6f, 0x6f, 0x6f, 0x6f, 0x6f, 0x6f, 0x6f, 0x6f, 0x6f, 0x6f, 0x6f, 0x6f,
0x6f, 0x6f, 0x6f, 0x6f, 0x6f, 0x6f, 0x6f, 0x6f, 0x6f, 0x6f, 0x6f, 0x6f, 0x6f, 0x6f, 0x6f, 0x6f, 0x6f, 0x6f, 0x6f, 0x6f, 0x6f, 0x6f, 0x6f, 0x71, 0x6f, 0x6f, 0x72, 0x6f, 0x6f, 0x6f, 0x6f, 0x6f,
0x6f, 0x6f, 0x6f, 0x6f, 0x6f, 0x6f, 0x6f, 0x6f, 0x72, 0x6f, 0x69, 0x00, 0x00, 0x00, 0x00, 0x00, 0x00, 0x00, 0x00, 0x00, 0x00, 0x00, 0x00, 0x00, 0x00, 0x00, 0x00, 0x00, 0x00, 0x6e, 0x6f, 0x70,
0x6f, 0x6f, 0x6f, 0x6f, 0x6f, 0x6f, 0x6f, 0x6f, 0x6f, 0x6f, 0x6f, 0x6f, 0x6f, 0x6f, 0x70, 0x6f, 0x6f, 0x6f, 0x6f, 0x6f, 0x6f, 0x6f, 0x6f, 0x6f, 0x6f, 0x6f, 0x6f, 0x6f, 0x6f, 0x6f, 0x6f, 0x6f,
0x6f, 0x6f, 0x6f, 0x6f, 0x6f, 0x6f, 0x6f, 0x6f, 0x75, 0x6f, 0x6d, 0x00, 0x00, 0x00, 0x00, 0x00, 0x00, 0x00, 0x00, 0x00, 0x00, 0x00, 0x7f, 0x6f, 0x73, 0x6f, 0x6f, 0x6f, 0x6f, 0x6f, 0x6f, 0x6f,
0x6f, 0x6f, 0x6f, 0x6f, 0x6f, 0x6f, 0x6f, 0x70, 0x70, 0x6f, 0x6f, 0x6f, 0x6f, 0x6f, 0x6f, 0x6f, 0x6f, 0x6f, 0x6f, 0x6f, 0x6f, 0x6f, 0x6f, 0x6f, 0x6f, 0x6f, 0x6f, 0x6f, 0x6f, 0x6f, 0x6f, 0x6f,
0x6f, 0x6f, 0x6f, 0x6f, 0x6f, 0x6f, 0x6f, 0x6f, 0x6f, 0x6f, 0x72, 0x6f, 0x6f, 0x6f, 0x70, 0x6f, 0x6f, 0x6f, 0x6f, 0x6f, 0x6f, 0x6f, 0x6f, 0x6f, 0x6f, 0x6f, 0x6f, 0x6f, 0x6f, 0x6f, 0x6f, 0x6f,
0x6f, 0x6f, 0x6f, 0x6f, 0x6f, 0x6f, 0x6f, 0x6f, 0x6f, 0x6f, 0x6f, 0x6f, 0x6f, 0x6f, 0x6f, 0x6f, 0x6f, 0x6f, 0x6f, 0x70, 0x6f, 0x6f, 0x00, 0x00, 0x00, 0x00, 
/* -16- */
0x00, 0x00, 0x00, 0x00, 0x00, 0x00, 0x00, 0x00, 0x00, 0x00, 0x6f, 0x6f, 0x70, 0x6f, 0x6f, 0x6f, 0x6f, 0x6f, 0x6f, 0x6f, 0x6f, 0x6f, 0x6f, 0x6f, 0x6f, 0x6f, 0x6f, 0x6f, 0x6f, 0x6f, 0x6f, 0x6f,
0x6f, 0x6f, 0x6f, 0x6f, 0x6f, 0x6f, 0x6f, 0x6f, 0x6f, 0x6f, 0x6f, 0x6f, 0x6f, 0x6f, 0x6f, 0x6f, 0x6f, 0x6f, 0x6f, 0x6f, 0x6f, 0x6f, 0x6f, 0x6f, 0x70, 0x70, 0x6f, 0x6f, 0x6f, 0x6f, 0x6f, 0x6f,
0x6f, 0x6f, 0x6f, 0x6f, 0x6f, 0x6f, 0x6f, 0x6f, 0x72, 0x6f, 0x69, 0x00, 0x00, 0x00, 0x00, 0x00, 0x00, 0x00, 0x00, 0x00, 0x00, 0x00, 0x00, 0x00, 0x00, 0x00, 0x00, 0x00, 0x00, 0x6e, 0x6f, 0x70,
0x6f, 0x6f, 0x6f, 0x6f, 0x6f, 0x6f, 0x6f, 0x6f, 0x6f, 0x6f, 0x6f, 0x6f, 0x6f, 0x6f, 0x6f, 0x6f, 0x6f, 0x6f, 0x6f, 0x6f, 0x6f, 0x6f, 0x6f, 0x6f, 0x6f, 0x6f, 0x6f, 0x6f, 0x6f, 0x6f, 0x6f, 0x6f,
0x6f, 0x6f, 0x6f, 0x6f, 0x6f, 0x6f, 0x6f, 0x71, 0x6f, 0x70, 0x00, 0x00, 0x00, 0x00, 0x00, 0x00, 0x00, 0x00, 0x00, 0x00, 0x00, 0x00, 0x7f, 0x6f, 0x73, 0x6f, 0x6f, 0x6f, 0x6f, 0x6f, 0x6f, 0x6f,
0x6f, 0x6f, 0x6f, 0x6f, 0x6f, 0x6f, 0x6f, 0x6f, 0x6f, 0x6f, 0x6f, 0x6f, 0x6f, 0x6f, 0x6f, 0x6f, 0x6f, 0x6f, 0x6f, 0x6f, 0x6f, 0x6f, 0x6f, 0x6f, 0x6f, 0x6f, 0x6f, 0x6f, 0x6f, 0x6f, 0x6f, 0x6f,
0x6f, 0x6f, 0x6f, 0x6f, 0x6f, 0x6f, 0x6f, 0x6f, 0x6f, 0x6f, 0x6f, 0x70, 0x6f, 0x70, 0x6f, 0x6f, 0x6f, 0x6f, 0x6f, 0x6f, 0x6f, 0x6f, 0x6f, 0x6f, 0x6f, 0x6f, 0x6f, 0x6f, 0x6f, 0x6f, 0x6f, 0x6f,
0x6f, 0x6f, 0x6f, 0x6f, 0x6f, 0x6f, 0x6f, 0x6f, 0x6f, 0x6f, 0x6f, 0x6f, 0x6f, 0x6f, 0x6f, 0x6f, 0x6f, 0x6f, 0x6f, 0x6f, 0x71, 0x6f, 0x6c, 0x00, 0x00, 0x00, 
/* -17- */
0x00, 0x00, 0x00, 0x00, 0x00, 0x00, 0x00, 0x00, 0x00, 0x6f, 0x70, 0x70, 0x6f, 0x6f, 0x6f, 0x6f, 0x6f, 0x6f, 0x6f, 0x6f, 0x6f, 0x6f, 0x6f, 0x6f, 0x6f, 0x6f, 0x6f, 0x6f, 0x6f, 0x6f, 0x6f, 0x6f,
0x6f, 0x6f, 0x6f, 0x6f, 0x6f, 0x6f, 0x6f, 0x6f, 0x6f, 0x6f, 0x6f, 0x6f, 0x6f, 0x6f, 0x6f, 0x6f, 0x6f, 0x6f, 0x6f, 0x6f, 0x6f, 0x6f, 0x6f, 0x6f, 0x6f, 0x6f, 0x6f, 0x6f, 0x6f, 0x6f, 0x6f, 0x6f,
0x6f, 0x6f, 0x6f, 0x6f, 0x6f, 0x6f, 0x6f, 0x6f, 0x72, 0x6f, 0x69, 0x00, 0x00, 0x00, 0x00, 0x00, 0x00, 0x00, 0x00, 0x00, 0x00, 0x00, 0x00, 0x00, 0x00, 0x00, 0x00, 0x00, 0x00, 0x6e, 0x6f, 0x70,
0x6f, 0x6f, 0x6f, 0x6f, 0x6f, 0x6f, 0x6f, 0x6f, 0x6f, 0x6f, 0x6f, 0x6f, 0x6f, 0x6f, 0x6f, 0x6f, 0x6f, 0x6f, 0x6f, 0x6f, 0x6f, 0x6f, 0x6f, 0x6f, 0x6f, 0x6f, 0x6f, 0x6f, 0x6f, 0x6f, 0x6f, 0x6f,
0x6f, 0x6f, 0x6f, 0x6f, 0x6f, 0x6f, 0x6f, 0x72, 0x6f, 0x6d, 0x00, 0x00, 0x00, 0x00, 0x00, 0x00, 0x00, 0x00, 0x00, 0x00, 0x00, 0x00, 0x7f, 0x6f, 0x73, 0x6f, 0x6f, 0x6f, 0x6f, 0x6f, 0x6f, 0x6f,
0x6f, 0x6f, 0x6f, 0x6f, 0x6f, 0x6f, 0x6f, 0x6f, 0x6f, 0x6f, 0x6f, 0x6f, 0x6f, 0x6f, 0x6f, 0x6f, 0x6f, 0x6f, 0x6f, 0x6f, 0x6f, 0x6f, 0x6f, 0x6f, 0x6f, 0x6f, 0x6f, 0x6f, 0x6f, 0x6f, 0x6f, 0x6f,
0x6f, 0x6f, 0x6f, 0x6f, 0x6f, 0x6f, 0x6f, 0x6f, 0x6f, 0x6f, 0x6f, 0x6f, 0x6f, 0x6f, 0x6f, 0x6f, 0x6f, 0x6f, 0x6f, 0x6f, 0x6f, 0x6f, 0x6f, 0x6f, 0x6f, 0x6f, 0x6f, 0x6f, 0x6f, 0x6f, 0x6f, 0x6f,
0x6f, 0x6f, 0x6f, 0x6f, 0x6f, 0x6f, 0x6f, 0x6f, 0x6f, 0x6f, 0x6f, 0x6f, 0x6f, 0x6f, 0x6f, 0x6f, 0x6f, 0x6f, 0x6f, 0x6f, 0x70, 0x70, 0x6f, 0x00, 0x00, 0x00, 
/* -18- */
0x00, 0x00, 0x00, 0x00, 0x00, 0x00, 0x00, 0x00, 0x6f, 0x6f, 0x72, 0x6f, 0x6f, 0x6f, 0x6f, 0x6f, 0x6f, 0x6f, 0x6f, 0x6f, 0x6f, 0x6f, 0x6f, 0x6f, 0x6f, 0x6f, 0x6f, 0x6f, 0x6f, 0x6f, 0x6f, 0x6f,
0x6f, 0x6f, 0x6f, 0x6f, 0x6f, 0x6f, 0x6f, 0x6f, 0x6f, 0x6f, 0x6f, 0x6f, 0x6f, 0x6f, 0x6f, 0x6f, 0x6f, 0x6f, 0x6f, 0x6f, 0x6f, 0x6f, 0x6f, 0x6f, 0x6f, 0x6f, 0x6f, 0x6f, 0x6f, 0x6f, 0x6f, 0x6f,
0x6f, 0x6f, 0x6f, 0x6f, 0x6f, 0x6f, 0x6f, 0x6f, 0x72, 0x6f, 0x69, 0x00, 0x00, 0x00, 0x00, 0x00, 0x00, 0x00, 0x00, 0x00, 0x00, 0x00, 0x00, 0x00, 0x00, 0x00, 0x00, 0x00, 0x00, 0x6e, 0x6f, 0x70,
0x6f, 0x6f, 0x6f, 0x6f, 0x6f, 0x6f, 0x6f, 0x6f, 0x6f, 0x6f, 0x6f, 0x6f, 0x6f, 0x6f, 0x6f, 0x6f, 0x6f, 0x6f, 0x6f, 0x6f, 0x6f, 0x6f, 0x6f, 0x6f, 0x6f, 0x6f, 0x6f, 0x6f, 0x6f, 0x6f, 0x6f, 0x6f,
0x6f, 0x6f, 0x6f, 0x6f, 0x6f, 0x6f, 0x70, 0x70, 0x6f, 0x00, 0x00, 0x00, 0x00, 0x00, 0x00, 0x00, 0x00, 0x00, 0x00, 0x00, 0x00, 0x00, 0x7f, 0x6f, 0x73, 0x6f, 0x6f, 0x6f, 0x6f, 0x6f, 0x6f, 0x6f,
0x6f, 0x6f, 0x6f, 0x6f, 0x6f, 0x6f, 0x6f, 0x6f, 0x6f, 0x6f, 0x6f, 0x6f, 0x6f, 0x6f, 0x6f, 0x6f, 0x6f, 0x6f, 0x6f, 0x6f, 0x6f, 0x6f, 0x6f, 0x6f, 0x6f, 0x6f, 0x6f, 0x6f, 0x6f, 0x6f, 0x6f, 0x6f,
0x6f, 0x6f, 0x6f, 0x6f, 0x6f, 0x6f, 0x6f, 0x6f, 0x6f, 0x6f, 0x6f, 0x6f, 0x6f, 0x6f, 0x6f, 0x6f, 0x6f, 0x6f, 0x6f, 0x6f, 0x6f, 0x6f, 0x6f, 0x6f, 0x6f, 0x6f, 0x6f, 0x6f, 0x6f, 0x6f, 0x6f, 0x6f,
0x6f, 0x6f, 0x6f, 0x6f, 0x6f, 0x6f, 0x6f, 0x6f, 0x6f, 0x6f, 0x6f, 0x6f, 0x6f, 0x6f, 0x6f, 0x6f, 0x6f, 0x6f, 0x6f, 0x6f, 0x6f, 0x72, 0x6f, 0x70, 0x00, 0x00, 
/* -19- */
0x00, 0x00, 0x00, 0x00, 0x00, 0x00, 0x00, 0x6c, 0x6f, 0x73, 0x6f, 0x6f, 0x6f, 0x6f, 0x6f, 0x6f, 0x6f, 0x6f, 0x6f, 0x6f, 0x6f, 0x6f, 0x6f, 0x6f, 0x6f, 0x6f, 0x6f, 0x6f, 0x6f, 0x6f, 0x6f, 0x6f,
0x70, 0x71, 0x71, 0x71, 0x70, 0x70, 0x70, 0x70, 0x71, 0x71, 0x71, 0x70, 0x6f, 0x6f, 0x6f, 0x6f, 0x6f, 0x6f, 0x6f, 0x6f, 0x6f, 0x6f, 0x6f, 0x6f, 0x6f, 0x6f, 0x6f, 0x6f, 0x6f, 0x6f, 0x6f, 0x6f,
0x6f, 0x6f, 0x6f, 0x6f, 0x6f, 0x6f, 0x6f, 0x6f, 0x72, 0x6f, 0x69, 0x00, 0x00, 0x00, 0x00, 0x00, 0x00, 0x00, 0x00, 0x00, 0x00, 0x00, 0x00, 0x00, 0x00, 0x00, 0x00, 0x00, 0x00, 0x6e, 0x6f, 0x70,
0x6f, 0x6f, 0x6f, 0x6f, 0x6f, 0x6f, 0x6f, 0x6f, 0x6f, 0x6f, 0x6f, 0x6f, 0x6f, 0x6f, 0x6f, 0x6f, 0x6f, 0x6f, 0x6f, 0x6f, 0x6f, 0x6f, 0x6f, 0x6f, 0x6f, 0x6f, 0x6f, 0x70, 0x70, 0x70, 0x6f, 0x6f,
0x6f, 0x6f, 0x6f, 0x6f, 0x6f, 0x6f, 0x71, 0x6f, 0x77, 0x00, 0x00, 0x00, 0x00, 0x00, 0x00, 0x00, 0x00, 0x00, 0x00, 0x00, 0x00, 0x00, 0x7f, 0x6f, 0x73, 0x6f, 0x6f, 0x6f, 0x6f, 0x6f, 0x6f, 0x6f,
0x6f, 0x6f, 0x6f, 0x6f, 0x6f, 0x6f, 0x6f, 0x6f, 0x6f, 0x6f, 0x6f, 0x6f, 0x6f, 0x6f, 0x6f, 0x6f, 0x70, 0x70, 0x71, 0x70, 0x70, 0x70, 0x70, 0x70, 0x71, 0x70, 0x6f, 0x6f, 0x6f, 0x6f, 0x6f, 0x6f,
0x6f, 0x6f, 0x6f, 0x6f, 0x6f, 0x6f, 0x6f, 0x6f, 0x6f, 0x6f, 0x6f, 0x6f, 0x6f, 0x6f, 0x6f, 0x6f, 0x6f, 0x6f, 0x6f, 0x6f, 0x6f, 0x6f, 0x6f, 0x6f, 0x6f, 0x70, 0x71, 0x71, 0x70, 0x70, 0x70, 0x70,
0x71, 0x71, 0x70, 0x6f, 0x6f, 0x6f, 0x6f, 0x6f, 0x6f, 0x6f, 0x6f, 0x6f, 0x6f, 0x6f, 0x6f, 0x6f, 0x6f, 0x6f, 0x6f, 0x6f, 0x6f, 0x70, 0x71, 0x6f, 0x00, 0x00, 
/* -20- */
0x00, 0x00, 0x00, 0x00, 0x00, 0x00, 0x55, 0x6f, 0x70, 0x70, 0x6f, 0x6f, 0x6f, 0x6f, 0x6f, 0x6f, 0x6f, 0x6f, 0x6f, 0x6f, 0x6f, 0x6f, 0x6f, 0x6f, 0x6f, 0x6f, 0x6f, 0x6f, 0x6f, 0x70, 0x72, 0x72,
0x6f, 0x6f, 0x6f, 0x6f, 0x6f, 0x6f, 0x6f, 0x6e, 0x6f, 0x6f, 0x6f, 0x6f, 0x72, 0x72, 0x70, 0x6f, 0x6f, 0x6f, 0x6f, 0x6f, 0x6f, 0x6f, 0x6f, 0x6f, 0x6f, 0x6f, 0x6f, 0x6f, 0x6f, 0x6f, 0x6f, 0x6f,
0x6f, 0x6f, 0x6f, 0x6f, 0x6f, 0x6f, 0x6f, 0x6f, 0x72, 0x6f, 0x69, 0x00, 0x00, 0x00, 0x00, 0x00, 0x00, 0x00, 0x00, 0x00, 0x00, 0x00, 0x00, 0x00, 0x00, 0x00, 0x00, 0x00, 0x00, 0x6e, 0x6f, 0x70,
0x6f, 0x6f, 0x6f, 0x6f, 0x6f, 0x6f, 0x6f, 0x6f, 0x6f, 0x6f, 0x6f, 0x6f, 0x6f, 0x6f, 0x6f, 0x6f, 0x6f, 0x6f, 0x6f, 0x6f, 0x6f, 0x6f, 0x6f, 0x70, 0x72, 0x73, 0x71, 0x6f, 0x6f, 0x6f, 0x71, 0x72,
0x73, 0x72, 0x70, 0x6f, 0x6f, 0x6f, 0x70, 0x6f, 0x00, 0x00, 0x00, 0x00, 0x00, 0x00, 0x00, 0x00, 0x00, 0x00, 0x00, 0x00, 0x00, 0x00, 0x7f, 0x6f, 0x73, 0x6f, 0x6f, 0x6f, 0x6f, 0x6f, 0x6f, 0x6f,
0x6f, 0x6f, 0x6f, 0x6f, 0x6f, 0x6f, 0x6f, 0x6f, 0x6f, 0x6f, 0x6f, 0x6f, 0x6f, 0x6f, 0x70, 0x72, 0x6f, 0x6f, 0x70, 0x6f, 0x70, 0x6e, 0x6f, 0x6f, 0x6f, 0x6f, 0x72, 0x70, 0x6f, 0x6f, 0x6f, 0x6f,
0x6f, 0x6f, 0x6f, 0x6f, 0x6f, 0x6f, 0x6f, 0x6f, 0x6f, 0x6f, 0x6f, 0x6f, 0x6f, 0x6f, 0x6f, 0x6f, 0x6f, 0x6f, 0x6f, 0x6f, 0x6f, 0x6f, 0x6f, 0x70, 0x72, 0x6f, 0x6f, 0x6f, 0x6f, 0x6f, 0x6e, 0x70,
0x6f, 0x6f, 0x6f, 0x72, 0x70, 0x6f, 0x6f, 0x6f, 0x6f, 0x6f, 0x6f, 0x6f, 0x6f, 0x6f, 0x6f, 0x6f, 0x6f, 0x6f, 0x6f, 0x6f, 0x6f, 0x6f, 0x74, 0x6f, 0x71, 0x00, 
/* -21- */
0x00, 0x00, 0x00, 0x00, 0x00, 0x00, 0x6f, 0x70, 0x72, 0x6f, 0x6f, 0x6f, 0x6f, 0x6f, 0x6f, 0x6f, 0x6f, 0x6f, 0x6f, 0x6f, 0x6f, 0x6f, 0x6f, 0x6f, 0x6f, 0x6f, 0x6f, 0x6f, 0x72, 0x71, 0x70, 0x6f,
0x6f, 0x70, 0xaa, 0x00, 0x00, 0x00, 0x00, 0x00, 0x00, 0x71, 0x6f, 0x6f, 0x6e, 0x6f, 0x70, 0x73, 0x70, 0x6f, 0x6f, 0x6f, 0x6f, 0x6f, 0x6f, 0x6f, 0x6f, 0x6f, 0x6f, 0x6f, 0x6f, 0x6f, 0x6f, 0x6f,
0x6f, 0x6f, 0x6f, 0x6f, 0x6f, 0x6f, 0x6f, 0x6f, 0x72, 0x6f, 0x69, 0x00, 0x00, 0x00, 0x00, 0x00, 0x00, 0x00, 0x00, 0x00, 0x00, 0x00, 0x00, 0x00, 0x00, 0x00, 0x00, 0x00, 0x00, 0x6e, 0x6f, 0x70,
0x6f, 0x6f, 0x6f, 0x6f, 0x6f, 0x6f, 0x6f, 0x6f, 0x6f, 0x6f, 0x6f, 0x6f, 0x6f, 0x6f, 0x6f, 0x6f, 0x6f, 0x6f, 0x6f, 0x6f, 0x6f, 0x70, 0x74, 0x6f, 0x6f, 0x6f, 0x6f, 0x6f, 0x6f, 0x6e, 0x6e, 0x6f,
0x6f, 0x6f, 0x6f, 0x74, 0x70, 0x70, 0x6f, 0x6a, 0x00, 0x00, 0x00, 0x00, 0x00, 0x00, 0x00, 0x00, 0x00, 0x00, 0x00, 0x00, 0x00, 0x00, 0x7f, 0x6f, 0x73, 0x6f, 0x6f, 0x6f, 0x6f, 0x6f, 0x6f, 0x6f,
0x6f, 0x6f, 0x6f, 0x6f, 0x6f, 0x6f, 0x6f, 0x6f, 0x6f, 0x6f, 0x6f, 0x6f, 0x6f, 0x71, 0x72, 0x6f, 0x6f, 0x6f, 0x55, 0x00, 0x00, 0x00, 0x00, 0x00, 0x6d, 0x6f, 0x6f, 0x70, 0x71, 0x6f, 0x6f, 0x6f,
0x6f, 0x6f, 0x6f, 0x6f, 0x6f, 0x6f, 0x6f, 0x6f, 0x6f, 0x6f, 0x6f, 0x6f, 0x6f, 0x6f, 0x6f, 0x6f, 0x6f, 0x6f, 0x6f, 0x6f, 0x6f, 0x6f, 0x71, 0x71, 0x6f, 0x6f, 0x6e, 0x00, 0x00, 0x00, 0x00, 0x00,
0x00, 0x6f, 0x70, 0x6f, 0x71, 0x70, 0x6f, 0x6f, 0x6f, 0x6f, 0x6f, 0x6f, 0x6f, 0x6f, 0x6f, 0x6f, 0x6f, 0x6f, 0x6f, 0x6f, 0x6f, 0x6f, 0x71, 0x6f, 0x6f, 0x00, 
/* -22- */
0x00, 0x00, 0x00, 0x00, 0x00, 0x7f, 0x6f, 0x74, 0x6f, 0x6f, 0x6f, 0x6f, 0x6f, 0x6f, 0x6f, 0x6f, 0x6f, 0x6f, 0x6f, 0x6f, 0x6f, 0x6f, 0x6f, 0x6f, 0x6f, 0x6f, 0x70, 0x73, 0x70, 0x6f, 0x70, 0x00,
0x00, 0x00, 0x00, 0x00, 0x00, 0x00, 0x00, 0x00, 0x00, 0x00, 0x00, 0x00, 0x00, 0x6f, 0x6f, 0x70, 0x72, 0x71, 0x6f, 0x6f, 0x6f, 0x6f, 0x6f, 0x6f, 0x6f, 0x6f, 0x6f, 0x6f, 0x6f, 0x6f, 0x6f, 0x6f,
0x6f, 0x6f, 0x6f, 0x6f, 0x6f, 0x6f, 0x6f, 0x6f, 0x72, 0x6f, 0x69, 0x00, 0x00, 0x00, 0x00, 0x00, 0x00, 0x00, 0x00, 0x00, 0x00, 0x00, 0x00, 0x00, 0x00, 0x00, 0x00, 0x00, 0x00, 0x6e, 0x6f, 0x70,
0x6f, 0x6f, 0x6f, 0x6f, 0x6f, 0x6f, 0x6f, 0x6f, 0x6f, 0x6f, 0x6f, 0x6f, 0x6f, 0x6f, 0x6f, 0x6f, 0x6f, 0x6f, 0x6f, 0x6f, 0x72, 0x6f, 0x70, 0x6f, 0x6f, 0x00, 0x00, 0x00, 0x00, 0x00, 0x00, 0x00,
0x71, 0x6d, 0x6f, 0x70, 0x6f, 0x77, 0x70, 0x00, 0x00, 0x00, 0x00, 0x00, 0x00, 0x00, 0x00, 0x00, 0x00, 0x00, 0x00, 0x00, 0x00, 0x00, 0x7f, 0x6f, 0x73, 0x6f, 0x6f, 0x6f, 0x6f, 0x6f, 0x6f, 0x6f,
0x6f, 0x6f, 0x6f, 0x6f, 0x6f, 0x6f, 0x6f, 0x6f, 0x6f, 0x6f, 0x6f, 0x6f, 0x72, 0x6f, 0x6f, 0x6e, 0x00, 0x00, 0x00, 0x00, 0x00, 0x00, 0x00, 0x00, 0x00, 0x00, 0x6f, 0x6f, 0x71, 0x71, 0x6f, 0x6f,
0x6f, 0x6f, 0x6f, 0x6f, 0x6f, 0x6f, 0x6f, 0x6f, 0x6f, 0x6f, 0x6f, 0x6f, 0x6f, 0x6f, 0x6f, 0x6f, 0x6f, 0x6f, 0x6f, 0x6f, 0x6f, 0x72, 0x70, 0x6f, 0x6e, 0x00, 0x00, 0x00, 0x00, 0x00, 0x00, 0x00,
0x00, 0x00, 0x00, 0x6d, 0x6f, 0x70, 0x70, 0x6f, 0x6f, 0x6f, 0x6f, 0x6f, 0x6f, 0x6f, 0x6f, 0x6f, 0x6f, 0x6f, 0x6f, 0x6f, 0x6f, 0x6f, 0x6f, 0x73, 0x71, 0x00, 
/* -23- */
0x00, 0x00, 0x00, 0x00, 0x00, 0x6f, 0x71, 0x70, 0x6f, 0x6f, 0x6f, 0x6f, 0x6f, 0x6f, 0x6f, 0x6f, 0x6f, 0x6f, 0x6f, 0x6f, 0x6f, 0x6f, 0x6f, 0x6f, 0x6f, 0x71, 0x6f, 0x6f, 0x6f, 0x00, 0x00, 0x00,
0x00, 0x00, 0x00, 0x00, 0x00, 0x00, 0x00, 0x00, 0x00, 0x00, 0x00, 0x00, 0x00, 0x00, 0x00, 0x6c, 0x6f, 0x70, 0x71, 0x6f, 0x6f, 0x6f, 0x6f, 0x6f, 0x6f, 0x6f, 0x6f, 0x6f, 0x6f, 0x6f, 0x6f, 0x6f,
0x6f, 0x6f, 0x6f, 0x6f, 0x6f, 0x6f, 0x6f, 0x6f, 0x72, 0x6f, 0x69, 0x00, 0x00, 0x00, 0x00, 0x00, 0x00, 0x00, 0x00, 0x00, 0x00, 0x00, 0x00, 0x00, 0x00, 0x00, 0x00, 0x00, 0x00, 0x6e, 0x6f, 0x70,
0x6f, 0x6f, 0x6f, 0x6f, 0x6f, 0x6f, 0x6f, 0x6f, 0x6f, 0x6f, 0x6f, 0x6f, 0x6f, 0x6f, 0x6f, 0x6f, 0x6f, 0x6f, 0x6f, 0x72, 0x70, 0x70, 0x6c, 0x00, 0x00, 0x00, 0x00, 0x00, 0x00, 0x00, 0x00, 0x00,
0x00, 0x00, 0x00, 0x71, 0x70, 0x72, 0x6d, 0x00, 0x00, 0x00, 0x00, 0x00, 0x00, 0x00, 0x00, 0x00, 0x00, 0x00, 0x00, 0x00, 0x00, 0x00, 0x6d, 0x6f, 0x73, 0x6f, 0x6f, 0x6f, 0x6f, 0x6f, 0x6f, 0x6f,
0x6f, 0x6f, 0x6f, 0x6f, 0x6f, 0x6f, 0x6f, 0x6f, 0x6f, 0x6f, 0x6f, 0x72, 0x6f, 0x6f, 0x7f, 0x00, 0x00, 0x00, 0x00, 0x00, 0x00, 0x00, 0x00, 0x00, 0x00, 0x00, 0x00, 0x6a, 0x6f, 0x70, 0x70, 0x6f,
0x6f, 0x6f, 0x6f, 0x6f, 0x6f, 0x6f, 0x6f, 0x6f, 0x6f, 0x6f, 0x6f, 0x6f, 0x6f, 0x6f, 0x6f, 0x6f, 0x6f, 0x6f, 0x6f, 0x6f, 0x72, 0x70, 0x71, 0x00, 0x00, 0x00, 0x00, 0x00, 0x00, 0x00, 0x00, 0x00,
0x00, 0x00, 0x00, 0x00, 0x6c, 0x6f, 0x71, 0x6f, 0x6f, 0x6f, 0x6f, 0x6f, 0x6f, 0x6f, 0x6f, 0x6f, 0x6f, 0x6f, 0x6f, 0x6f, 0x6f, 0x6f, 0x6f, 0x74, 0x6f, 0x63, 
/* -24- */
0x00, 0x00, 0x00, 0x00, 0xaa, 0x6f, 0x72, 0x6f, 0x6f, 0x6f, 0x6f, 0x6f, 0x6f, 0x6f, 0x6f, 0x6f, 0x6f, 0x6f, 0x6f, 0x6f, 0x6f, 0x6f, 0x6f, 0x6f, 0x71, 0x6f, 0x6f, 0x6e, 0x00, 0x00, 0x00, 0x00,
0x00, 0x00, 0x00, 0x00, 0x00, 0x00, 0x00, 0x00, 0x00, 0x00, 0x00, 0x00, 0x00, 0x00, 0x00, 0x00, 0xaa, 0x6f, 0x70, 0x71, 0x6f, 0x6f, 0x6f, 0x6f, 0x6f, 0x6f, 0x6f, 0x6f, 0x6f, 0x6f, 0x6f, 0x6f,
0x6f, 0x6f, 0x6f, 0x6f, 0x6f, 0x6f, 0x6f, 0x6f, 0x72, 0x6f, 0x69, 0x00, 0x00, 0x00, 0x00, 0x00, 0x00, 0x00, 0x00, 0x00, 0x00, 0x00, 0x00, 0x00, 0x00, 0x00, 0x00, 0x00, 0x00, 0x6e, 0x6f, 0x70,
0x6f, 0x6f, 0x6f, 0x6f, 0x6f, 0x6f, 0x6f, 0x6f, 0x6f, 0x6f, 0x6f, 0x6f, 0x6f, 0x6f, 0x6f, 0x6f, 0x6f, 0x6f, 0x71, 0x70, 0x70, 0x00, 0x00, 0x00, 0x00, 0x00, 0x00, 0x00, 0x00, 0x00, 0x00, 0x00,
0x00, 0x00, 0x00, 0x00, 0x00, 0x6a, 0x55, 0x00, 0x00, 0x00, 0x00, 0x00, 0x00, 0x00, 0x00, 0x00, 0x00, 0x00, 0x00, 0x00, 0x00, 0x00, 0x6d, 0x6f, 0x73, 0x6f, 0x6f, 0x6f, 0x6f, 0x6f, 0x6f, 0x6f,
0x6f, 0x6f, 0x6f, 0x6f, 0x6f, 0x6f, 0x6f, 0x6f, 0x6f, 0x6f, 0x71, 0x70, 0x6e, 0x00, 0x00, 0x00, 0x00, 0x00, 0x00, 0x00, 0x00, 0x00, 0x00, 0x00, 0x00, 0x00, 0x00, 0x00, 0x63, 0x6e, 0x70, 0x6f,
0x6f, 0x6f, 0x6f, 0x6f, 0x6f, 0x6f, 0x6f, 0x6f, 0x6f, 0x6f, 0x6f, 0x6f, 0x6f, 0x6f, 0x6f, 0x6f, 0x6f, 0x6f, 0x6f, 0x72, 0x70, 0x6f, 0x00, 0x00, 0x00, 0x00, 0x00, 0x00, 0x00, 0x00, 0x00, 0x00,
0x00, 0x00, 0x00, 0x00, 0x00, 0x6d, 0x6f, 0x71, 0x6f, 0x6f, 0x6f, 0x6f, 0x6f, 0x6f, 0x6f, 0x6f, 0x6f, 0x6f, 0x6f, 0x6f, 0x6f, 0x6f, 0x6f, 0x72, 0x6f, 0x6f, 
/* -25- */
0x00, 0x00, 0x00, 0x00, 0x6f, 0x6f, 0x6f, 0x6f, 0x6f, 0x6f, 0x6f, 0x6f, 0x6f, 0x6f, 0x6f, 0x6f, 0x6f, 0x6f, 0x6f, 0x6f, 0x6f, 0x6f, 0x6f, 0x71, 0x6f, 0x6e, 0x00, 0x00, 0x00, 0x00, 0x00, 0x00,
0x00, 0x00, 0x00, 0x00, 0x00, 0x00, 0x00, 0x00, 0x00, 0x00, 0x00, 0x00, 0x00, 0x00, 0x00, 0x00, 0x00, 0x00, 0x6e, 0x70, 0x71, 0x70, 0x6f, 0x6f, 0x6f, 0x6f, 0x6f, 0x6f, 0x6f, 0x6f, 0x6f, 0x6f,
0x6f, 0x6f, 0x6f, 0x6f, 0x6f, 0x6f, 0x6f, 0x6f, 0x72, 0x6f, 0x69, 0x00, 0x00, 0x00, 0x00, 0x00, 0x00, 0x00, 0x00, 0x00, 0x00, 0x00, 0x00, 0x00, 0x00, 0x00, 0x00, 0x00, 0x00, 0x6e, 0x6f, 0x70,
0x6f, 0x6f, 0x6f, 0x6f, 0x6f, 0x6f, 0x6f, 0x6f, 0x6f, 0x6f, 0x6f, 0x6f, 0x6f, 0x6f, 0x6f, 0x6f, 0x6f, 0x72, 0x70, 0x6f, 0x00, 0x00, 0x00, 0x00, 0x00, 0x00, 0x00, 0x00, 0x00, 0x00, 0x00, 0x00,
0x00, 0x00, 0x00, 0x00, 0x00, 0x00, 0x00, 0x00, 0x00, 0x00, 0x00, 0x00, 0x00, 0x00, 0x00, 0x00, 0x00, 0x00, 0x00, 0x00, 0x00, 0x00, 0x6d, 0x6f, 0x73, 0x6f, 0x6f, 0x6f, 0x6f, 0x6f, 0x6f, 0x6f,
0x6f, 0x6f, 0x6f, 0x6f, 0x6f, 0x6f, 0x6f, 0x6f, 0x6f, 0x70, 0x6f, 0x6e, 0x00, 0x00, 0x00, 0x00, 0x00, 0x00, 0x00, 0x00, 0x00, 0x00, 0x00, 0x00, 0x00, 0x00, 0x00, 0x00, 0x00, 0x6f, 0x6f, 0x70,
0x6f, 0x6f, 0x6f, 0x6f, 0x6f, 0x6f, 0x6f, 0x6f, 0x6f, 0x6f, 0x6f, 0x6f, 0x6f, 0x6f, 0x6f, 0x6f, 0x6f, 0x6f, 0x71, 0x70, 0x6e, 0x00, 0x00, 0x00, 0x00, 0x00, 0x00, 0x00, 0x00, 0x00, 0x00, 0x00,
0x00, 0x00, 0x00, 0x00, 0x00, 0x00, 0x6c, 0x70, 0x70, 0x6f, 0x6f, 0x6f, 0x6f, 0x6f, 0x6f, 0x6f, 0x6f, 0x6f, 0x6f, 0x6f, 0x6f, 0x6f, 0x6f, 0x70, 0x70, 0x70, 
/* -26- */
0x00, 0x00, 0x00, 0x55, 0x6f, 0x71, 0x6f, 0x6f, 0x6f, 0x6f, 0x6f, 0x6f, 0x6f, 0x6f, 0x6f, 0x6f, 0x6f, 0x6f, 0x6f, 0x6f, 0x6f, 0x6f, 0x72, 0x6f, 0x6e, 0x00, 0x00, 0x00, 0x00, 0x00, 0x00, 0x00,
0x00, 0x00, 0x00, 0x00, 0x00, 0x00, 0x00, 0x00, 0x00, 0x00, 0x00, 0x00, 0x00, 0x00, 0x00, 0x00, 0x00, 0x00, 0x00, 0x70, 0x6f, 0x72, 0x70, 0x6f, 0x6f, 0x6f, 0x6f, 0x6f, 0x6f, 0x6f, 0x6f, 0x6f,
0x6f, 0x6f, 0x6f, 0x6f, 0x6f, 0x6f, 0x6f, 0x6f, 0x72, 0x6f, 0x69, 0x00, 0x00, 0x00, 0x00, 0x00, 0x00, 0x00, 0x00, 0x00, 0x00, 0x00, 0x00, 0x00, 0x00, 0x00, 0x00, 0x00, 0x00, 0x6e, 0x6f, 0x70,
0x6f, 0x6f, 0x6f, 0x6f, 0x6f, 0x6f, 0x6f, 0x6f, 0x6f, 0x6f, 0x6f, 0x6f, 0x6f, 0x6f, 0x6f, 0x6f, 0x72, 0x6f, 0x6f, 0x00, 0x00, 0x00, 0x00, 0x00, 0x00, 0x00, 0x00, 0x00, 0x00, 0x00, 0x00, 0x00,
0x00, 0x00, 0x00, 0x00, 0x00, 0x00, 0x00, 0x00, 0x00, 0x00, 0x00, 0x00, 0x00, 0x00, 0x00, 0x00, 0x00, 0x00, 0x00, 0x00, 0x00, 0x00, 0x6d, 0x6f, 0x73, 0x6f, 0x6f, 0x6f, 0x6f, 0x6f, 0x6f, 0x6f,
0x6f, 0x6f, 0x6f, 0x6f, 0x6f, 0x6f, 0x6f, 0x6f, 0x6f, 0x71, 0x6f, 0x66, 0x00, 0x00, 0x00, 0x00, 0x00, 0x00, 0x00, 0x00, 0x00, 0x00, 0x00, 0x00, 0x00, 0x00, 0x00, 0x00, 0x00, 0x00, 0x6f, 0x72,
0x6f, 0x6f, 0x6f, 0x6f, 0x6f, 0x6f, 0x6f, 0x6f, 0x6f, 0x6f, 0x6f, 0x6f, 0x6f, 0x6f, 0x6f, 0x6f, 0x6f, 0x6f, 0x72, 0x70, 0x71, 0x00, 0x00, 0x00, 0x00, 0x00, 0x00, 0x00, 0x00, 0x00, 0x00, 0x00,
0x00, 0x00, 0x00, 0x00, 0x00, 0x00, 0x77, 0x70, 0x74, 0x6f, 0x6f, 0x6f, 0x6f, 0x6f, 0x6f, 0x6f, 0x6f, 0x6f, 0x6f, 0x6f, 0x6f, 0x6f, 0x6f, 0x6f, 0x71, 0x71, 
/* -27- */
0x00, 0x00, 0x00, 0x71, 0x6f, 0x71, 0x6f, 0x6f, 0x6f, 0x6f, 0x6f, 0x6f, 0x6f, 0x6f, 0x6f, 0x6f, 0x6f, 0x6f, 0x6f, 0x6f, 0x6f, 0x71, 0x71, 0x6e, 0x00, 0x00, 0x00, 0x00, 0x00, 0x00, 0x00, 0x00,
0x00, 0x00, 0x00, 0x00, 0x00, 0x00, 0x00, 0x00, 0x00, 0x00, 0x00, 0x00, 0x00, 0x00, 0x00, 0x00, 0x00, 0x00, 0x00, 0x00, 0x6e, 0x6f, 0x72, 0x6f, 0x6f, 0x6f, 0x6f, 0x6f, 0x6f, 0x6f, 0x6f, 0x6f,
0x6f, 0x6f, 0x6f, 0x6f, 0x6f, 0x6f, 0x6f, 0x6f, 0x72, 0x6f, 0x69, 0x00, 0x00, 0x00, 0x00, 0x00, 0x00, 0x00, 0x00, 0x00, 0x00, 0x00, 0x00, 0x00, 0x00, 0x00, 0x00, 0x00, 0x00, 0x6e, 0x6f, 0x70,
0x6f, 0x6f, 0x6f, 0x6f, 0x6f, 0x6f, 0x6f, 0x6f, 0x6f, 0x6f, 0x6f, 0x6f, 0x6f, 0x6f, 0x6f, 0x70, 0x72, 0x6f, 0x00, 0x00, 0x00, 0x00, 0x00, 0x00, 0x00, 0x00, 0x00, 0x00, 0x00, 0x00, 0x00, 0x00,
0x00, 0x00, 0x00, 0x00, 0x00, 0x00, 0x00, 0x00, 0x00, 0x00, 0x00, 0x00, 0x00, 0x00, 0x00, 0x00, 0x00, 0x00, 0x00, 0x00, 0x00, 0x00, 0x6d, 0x6f, 0x73, 0x6f, 0x6f, 0x6f, 0x6f, 0x6f, 0x6f, 0x6f,
0x6f, 0x6f, 0x6f, 0x6f, 0x6f, 0x6f, 0x6f, 0x6f, 0x6f, 0x6f, 0x6f, 0x00, 0x00, 0x00, 0x00, 0x00, 0x00, 0x00, 0x00, 0x00, 0x00, 0x00, 0x00, 0x00, 0x00, 0x00, 0x00, 0x00, 0x00, 0x00, 0x6f, 0x70,
0x70, 0x6f, 0x6f, 0x6f, 0x6f, 0x6f, 0x6f, 0x6f, 0x6f, 0x6f, 0x6f, 0x6f, 0x6f, 0x6f, 0x6f, 0x6f, 0x6f, 0x71, 0x6f, 0x6f, 0x00, 0x00, 0x00, 0x00, 0x00, 0x00, 0x00, 0x00, 0x00, 0x00, 0x00, 0x00,
0x00, 0x00, 0x00, 0x00, 0x00, 0x00, 0x00, 0x6e, 0x73, 0x70, 0x6f, 0x6f, 0x6f, 0x6f, 0x6f, 0x6f, 0x6f, 0x6f, 0x6f, 0x6f, 0x6f, 0x6f, 0x6f, 0x6f, 0x72, 0x70, 
/* -28- */
0x00, 0x00, 0x00, 0x6f, 0x70, 0x70, 0x6f, 0x6f, 0x6f, 0x6f, 0x6f, 0x6f, 0x6f, 0x6f, 0x6f, 0x6f, 0x6f, 0x6f, 0x6f, 0x6f, 0x70, 0x70, 0x6e, 0x71, 0x00, 0x00, 0x00, 0x00, 0x00, 0x00, 0x00, 0x00,
0x00, 0x00, 0x00, 0x00, 0x00, 0x00, 0x00, 0x00, 0x00, 0x00, 0x00, 0x00, 0x00, 0x00, 0x00, 0x00, 0x00, 0x00, 0x00, 0x00, 0x00, 0x6e, 0x6f, 0x71, 0x6f, 0x6f, 0x6f, 0x6f, 0x6f, 0x6f, 0x6f, 0x6f,
0x6f, 0x6f, 0x6f, 0x6f, 0x6f, 0x6f, 0x6f, 0x6f, 0x72, 0x6f, 0x69, 0x00, 0x00, 0x00, 0x00, 0x00, 0x00, 0x00, 0x00, 0x00, 0x00, 0x00, 0x00, 0x00, 0x00, 0x00, 0x00, 0x00, 0x00, 0x6e, 0x6f, 0x70,
0x6f, 0x6f, 0x6f, 0x6f, 0x6f, 0x6f, 0x6f, 0x6f, 0x6f, 0x6f, 0x6f, 0x6f, 0x6f, 0x6f, 0x6f, 0x73, 0x6f, 0x6a, 0x00, 0x00, 0x00, 0x00, 0x00, 0x00, 0x00, 0x00, 0x00, 0x00, 0x00, 0x00, 0x00, 0x00,
0x00, 0x00, 0x00, 0x00, 0x00, 0x00, 0x00, 0x00, 0x00, 0x00, 0x00, 0x00, 0x00, 0x00, 0x00, 0x00, 0x00, 0x00, 0x00, 0x00, 0x00, 0x00, 0x6d, 0x6f, 0x73, 0x6f, 0x6f, 0x6f, 0x6f, 0x6f, 0x6f, 0x6f,
0x6f, 0x6f, 0x6f, 0x6f, 0x6f, 0x6f, 0x6f, 0x6f, 0x71, 0x6f, 0x71, 0x00, 0x00, 0x00, 0x00, 0x00, 0x00, 0x00, 0x00, 0x00, 0x00, 0x00, 0x00, 0x00, 0x00, 0x00, 0x00, 0x00, 0x00, 0x00, 0x73, 0x6f,
0x72, 0x6f, 0x6f, 0x6f, 0x6f, 0x6f, 0x6f, 0x6f, 0x6f, 0x6f, 0x6f, 0x6f, 0x6f, 0x6f, 0x6f, 0x6f, 0x6f, 0x70, 0x6f, 0x00, 0x00, 0x00, 0x00, 0x00, 0x00, 0x00, 0x00, 0x00, 0x00, 0x00, 0x00, 0x00,
0x00, 0x00, 0x00, 0x00, 0x00, 0x00, 0x00, 0x70, 0x6e, 0x72, 0x6f, 0x6f, 0x6f, 0x6f, 0x6f, 0x6f, 0x6f, 0x6f, 0x6f, 0x6f, 0x6f, 0x6f, 0x6f, 0x6f, 0x71, 0x6f, 
/* -29- */
0x00, 0x00, 0x6c, 0x6f, 0x73, 0x6f, 0x6f, 0x6f, 0x6f, 0x6f, 0x6f, 0x6f, 0x6f, 0x6f, 0x6f, 0x6f, 0x6f, 0x6f, 0x6f, 0x6f, 0x73, 0x6f, 0x71, 0x00, 0x00, 0x00, 0x00, 0x00, 0x00, 0x00, 0x00, 0x00,
0x00, 0x00, 0x00, 0x00, 0x00, 0x00, 0x00, 0x00, 0x00, 0x00, 0x00, 0x00, 0x00, 0x00, 0x00, 0x00, 0x00, 0x00, 0x00, 0x00, 0x00, 0x00, 0x6f, 0x70, 0x6f, 0x6f, 0x6f, 0x6f, 0x6f, 0x6f, 0x6f, 0x6f,
0x6f, 0x6f, 0x6f, 0x6f, 0x6f, 0x6f, 0x6f, 0x6f, 0x72, 0x6f, 0x69, 0x00, 0x00, 0x00, 0x00, 0x00, 0x00, 0x00, 0x00, 0x00, 0x00, 0x00, 0x00, 0x00, 0x00, 0x00, 0x00, 0x00, 0x00, 0x6e, 0x6f, 0x70,
0x6f, 0x6f, 0x6f, 0x6f, 0x6f, 0x6f, 0x6f, 0x6f, 0x6f, 0x6f, 0x6f, 0x6f, 0x6f, 0x6f, 0x71, 0x70, 0x6f, 0x00, 0x00, 0x00, 0x00, 0x00, 0x00, 0x00, 0x00, 0x00, 0x00, 0x00, 0x00, 0x00, 0x00, 0x00,
0x00, 0x00, 0x00, 0x00, 0x00, 0x00, 0x00, 0x00, 0x00, 0x00, 0x00, 0x00, 0x00, 0x00, 0x00, 0x00, 0x00, 0x00, 0x00, 0x00, 0x00, 0x00, 0x6d, 0x6f, 0x73, 0x6f, 0x6f, 0x6f, 0x6f, 0x6f, 0x6f, 0x6f,
0x6f, 0x6f, 0x6f, 0x6f, 0x6f, 0x6f, 0x6f, 0x6f, 0x72, 0x6f, 0x00, 0x00, 0x00, 0x00, 0x00, 0x00, 0x00, 0x00, 0x00, 0x00, 0x00, 0x00, 0x00, 0x00, 0x00, 0x00, 0x00, 0x00, 0x00, 0x00, 0x7f, 0x6f,
0x74, 0x6f, 0x6f, 0x6f, 0x6f, 0x6f, 0x6f, 0x6f, 0x6f, 0x6f, 0x6f, 0x6f, 0x6f, 0x6f, 0x6f, 0x6f, 0x6f, 0x6f, 0x6f, 0x00, 0x00, 0x00, 0x00, 0x00, 0x00, 0x00, 0x00, 0x00, 0x00, 0x00, 0x00, 0x00,
0x00, 0x00, 0x00, 0x00, 0x00, 0x00, 0x00, 0x6f, 0x6f, 0x74, 0x6f, 0x6f, 0x6f, 0x6f, 0x6f, 0x6f, 0x6f, 0x6f, 0x6f, 0x6f, 0x6f, 0x6f, 0x6f, 0x6f, 0x71, 0x6f, 
/* -30- */
0x00, 0x00, 0x6f, 0x6f, 0x72, 0x6f, 0x6f, 0x6f, 0x6f, 0x6f, 0x6f, 0x6f, 0x6f, 0x6f, 0x6f, 0x6f, 0x6f, 0x6f, 0x6f, 0x70, 0x6f, 0x70, 0x00, 0x00, 0x00, 0x00, 0x00, 0x00, 0x00, 0x00, 0x00, 0x00,
0x00, 0x00, 0x00, 0x00, 0x00, 0x00, 0x00, 0x00, 0x00, 0x00, 0x00, 0x00, 0x00, 0x00, 0x00, 0x00, 0x00, 0x00, 0x00, 0x00, 0x00, 0x00, 0x6d, 0x6f, 0x70, 0x6f, 0x6f, 0x6f, 0x6f, 0x6f, 0x6f, 0x6f,
0x6f, 0x6f, 0x6f, 0x6f, 0x6f, 0x6f, 0x6f, 0x6f, 0x72, 0x6f, 0x69, 0x00, 0x00, 0x00, 0x00, 0x00, 0x00, 0x00, 0x00, 0x00, 0x00, 0x00, 0x00, 0x00, 0x00, 0x00, 0x00, 0x00, 0x00, 0x6e, 0x6f, 0x70,
0x6f, 0x6f, 0x6f, 0x6f, 0x6f, 0x6f, 0x6f, 0x6f, 0x6f, 0x6f, 0x6f, 0x6f, 0x6f, 0x6f, 0x73, 0x6f, 0x72, 0x00, 0x00, 0x00, 0x00, 0x00, 0x00, 0x00, 0x00, 0x00, 0x00, 0x00, 0x00, 0x00, 0x00, 0x00,
0x00, 0x00, 0x00, 0x00, 0x00, 0x00, 0x00, 0x00, 0x00, 0x00, 0x00, 0x00, 0x00, 0x00, 0x00, 0x00, 0x00, 0x00, 0x00, 0x00, 0x00, 0x00, 0x6d, 0x6f, 0x73, 0x6f, 0x6f, 0x6f, 0x6f, 0x6f, 0x6f, 0x6f,
0x6f, 0x6f, 0x6f, 0x6f, 0x6f, 0x6f, 0x6f, 0x70, 0x6f, 0x71, 0x00, 0x00, 0x00, 0x00, 0x00, 0x00, 0x00, 0x00, 0x00, 0x00, 0x00, 0x00, 0x00, 0x00, 0x00, 0x00, 0x00, 0x00, 0x00, 0x00, 0x00, 0x6f,
0x75, 0x6f, 0x6f, 0x6f, 0x6f, 0x6f, 0x6f, 0x6f, 0x6f, 0x6f, 0x6f, 0x6f, 0x6f, 0x6f, 0x6f, 0x6f, 0x70, 0x6f, 0x71, 0x00, 0x00, 0x00, 0x00, 0x00, 0x00, 0x00, 0x00, 0x00, 0x00, 0x00, 0x00, 0x00,
0x00, 0x00, 0x00, 0x00, 0x00, 0x00, 0x00, 0x00, 0x6f, 0x75, 0x6f, 0x6f, 0x6f, 0x6f, 0x6f, 0x6f, 0x6f, 0x6f, 0x6f, 0x6f, 0x6f, 0x6f, 0x6f, 0x6f, 0x71, 0x6f, 
/* -31- */
0x00, 0x00, 0x6f, 0x71, 0x70, 0x6f, 0x6f, 0x6f, 0x6f, 0x6f, 0x6f, 0x6f, 0x6f, 0x6f, 0x6f, 0x6f, 0x6f, 0x6f, 0x6f, 0x71, 0x6f, 0x00, 0x00, 0x00, 0x00, 0x00, 0x00, 0x00, 0x00, 0x00, 0x00, 0x00,
0x00, 0x00, 0x00, 0x00, 0x00, 0x00, 0x00, 0x00, 0x00, 0x00, 0x00, 0x00, 0x00, 0x00, 0x00, 0x00, 0x00, 0x00, 0x00, 0x00, 0x00, 0x00, 0x00, 0x70, 0x72, 0x6f, 0x6f, 0x6f, 0x6f, 0x6f, 0x6f, 0x6f,
0x6f, 0x6f, 0x6f, 0x6f, 0x6f, 0x6f, 0x6f, 0x6f, 0x72, 0x6f, 0x69, 0x00, 0x00, 0x00, 0x00, 0x00, 0x00, 0x00, 0x00, 0x00, 0x00, 0x00, 0x00, 0x00, 0x00, 0x00, 0x00, 0x00, 0x00, 0x6e, 0x6f, 0x70,
0x6f, 0x6f, 0x6f, 0x6f, 0x6f, 0x6f, 0x6f, 0x6f, 0x6f, 0x6f, 0x6f, 0x6f, 0x6f, 0x6f, 0x70, 0x70, 0x00, 0x00, 0x00, 0x00, 0x00, 0x00, 0x00, 0x00, 0x00, 0x00, 0x00, 0x00, 0x00, 0x00, 0x00, 0x00,
0x00, 0x00, 0x00, 0x00, 0x00, 0x00, 0x00, 0x00, 0x00, 0x00, 0x00, 0x00, 0x00, 0x00, 0x00, 0x00, 0x00, 0x00, 0x00, 0x00, 0x00, 0x00, 0x6d, 0x6f, 0x73, 0x6f, 0x6f, 0x6f, 0x6f, 0x6f, 0x6f, 0x6f,
0x6f, 0x6f, 0x6f, 0x6f, 0x6f, 0x6f, 0x6f, 0x72, 0x6f, 0x6f, 0x00, 0x00, 0x00, 0x00, 0x00, 0x00, 0x00, 0x00, 0x00, 0x00, 0x00, 0x00, 0x00, 0x00, 0x00, 0x00, 0x00, 0x00, 0x00, 0x00, 0x00, 0x70,
0x73, 0x6f, 0x6f, 0x6f, 0x6f, 0x6f, 0x6f, 0x6f, 0x6f, 0x6f, 0x6f, 0x6f, 0x6f, 0x6f, 0x6f, 0x6f, 0x71, 0x6f, 0x55, 0x00, 0x00, 0x00, 0x00, 0x00, 0x00, 0x00, 0x00, 0x00, 0x00, 0x00, 0x00, 0x00,
0x00, 0x00, 0x00, 0x00, 0x00, 0x00, 0x00, 0x00, 0x6e, 0x74, 0x6f, 0x6f, 0x6f, 0x6f, 0x6f, 0x6f, 0x6f, 0x6f, 0x6f, 0x6f, 0x6f, 0x6f, 0x6f, 0x6f, 0x70, 0x70, 
/* -32- */
0x00, 0x66, 0x6e, 0x75, 0x6f, 0x6f, 0x6f, 0x6f, 0x6f, 0x6f, 0x6f, 0x6f, 0x6f, 0x6f, 0x6f, 0x6f, 0x6f, 0x6f, 0x6f, 0x6f, 0x6f, 0x00, 0x00, 0x00, 0x00, 0x00, 0x00, 0x00, 0x00, 0x00, 0x00, 0x00,
0x00, 0x00, 0x00, 0x00, 0x00, 0x00, 0x00, 0x00, 0x00, 0x00, 0x00, 0x00, 0x00, 0x00, 0x00, 0x00, 0x00, 0x00, 0x00, 0x00, 0x00, 0x00, 0x00, 0x6b, 0x6f, 0x71, 0x6f, 0x6f, 0x6f, 0x6f, 0x6f, 0x6f,
0x6f, 0x6f, 0x6f, 0x6f, 0x6f, 0x6f, 0x6f, 0x6f, 0x72, 0x6f, 0x69, 0x00, 0x00, 0x00, 0x00, 0x00, 0x00, 0x00, 0x00, 0x00, 0x00, 0x00, 0x00, 0x00, 0x00, 0x00, 0x00, 0x00, 0x00, 0x6e, 0x6f, 0x70,
0x6f, 0x6f, 0x6f, 0x6f, 0x6f, 0x6f, 0x6f, 0x6f, 0x6f, 0x6f, 0x6f, 0x6f, 0x6f, 0x70, 0x6f, 0x70, 0x00, 0x00, 0x00, 0x00, 0x00, 0x00, 0x00, 0x00, 0x00, 0x00, 0x00, 0x00, 0x00, 0x00, 0x00, 0x00,
0x00, 0x00, 0x00, 0x00, 0x00, 0x00, 0x00, 0x00, 0x00, 0x00, 0x00, 0x00, 0x00, 0x00, 0x00, 0x00, 0x00, 0x00, 0x00, 0x00, 0x00, 0x00, 0x6d, 0x6f, 0x73, 0x6f, 0x6f, 0x6f, 0x6f, 0x6f, 0x6f, 0x6f,
0x6f, 0x6f, 0x6f, 0x6f, 0x6f, 0x6f, 0x6f, 0x73, 0x6e, 0x79, 0x00, 0x00, 0x00, 0x00, 0x00, 0x00, 0x00, 0x00, 0x00, 0x00, 0x00, 0x00, 0x00, 0x00, 0x00, 0x00, 0x00, 0x00, 0x00, 0x00, 0x00, 0x71,
0x6f, 0x70, 0x6f, 0x6f, 0x6f, 0x6f, 0x6f, 0x6f, 0x6f, 0x6f, 0x6f, 0x6f, 0x6f, 0x6f, 0x6f, 0x6f, 0x71, 0x70, 0x00, 0x00, 0x00, 0x00, 0x00, 0x00, 0x00, 0x00, 0x00, 0x00, 0x00, 0x00, 0x00, 0x00,
0x00, 0x00, 0x00, 0x00, 0x00, 0x00, 0x00, 0x00, 0x70, 0x71, 0x70, 0x6f, 0x6f, 0x6f, 0x6f, 0x6f, 0x6f, 0x6f, 0x6f, 0x6f, 0x6f, 0x6f, 0x6f, 0x6f, 0x70, 0x70, 
/* -33- */
0x00, 0x6e, 0x6f, 0x73, 0x6f, 0x6f, 0x6f, 0x6f, 0x6f, 0x6f, 0x6f, 0x6f, 0x6f, 0x6f, 0x6f, 0x6f, 0x6f, 0x6f, 0x70, 0x70, 0x66, 0x00, 0x00, 0x00, 0x00, 0x00, 0x00, 0x00, 0x00, 0x00, 0x00, 0x00,
0x00, 0x00, 0x00, 0x00, 0x00, 0x00, 0x00, 0x00, 0x00, 0x00, 0x00, 0x00, 0x00, 0x00, 0x00, 0x00, 0x00, 0x00, 0x00, 0x00, 0x00, 0x00, 0x00, 0x55, 0x6f, 0x75, 0x6f, 0x6f, 0x6f, 0x6f, 0x6f, 0x6f,
0x6f, 0x6f, 0x6f, 0x6f, 0x6f, 0x6f, 0x6f, 0x6f, 0x72, 0x6f, 0x69, 0x00, 0x00, 0x00, 0x00, 0x00, 0x00, 0x00, 0x00, 0x00, 0x00, 0x00, 0x00, 0x00, 0x00, 0x00, 0x00, 0x00, 0x00, 0x6e, 0x6f, 0x70,
0x6f, 0x6f, 0x6f, 0x6f, 0x6f, 0x6f, 0x6f, 0x6f, 0x6f, 0x6f, 0x6f, 0x6f, 0x6f, 0x71, 0x6f, 0x6c, 0x00, 0x00, 0x00, 0x00, 0x00, 0x00, 0x00, 0x00, 0x00, 0x00, 0x00, 0x00, 0x00, 0x00, 0x00, 0x00,
0x00, 0x00, 0x00, 0x00, 0x00, 0x00, 0x00, 0x00, 0x00, 0x00, 0x00, 0x00, 0x00, 0x00, 0x00, 0x00, 0x00, 0x00, 0x00, 0x00, 0x00, 0x00, 0x6d, 0x6f, 0x73, 0x6f, 0x6f, 0x6f, 0x6f, 0x6f, 0x6f, 0x6f,
0x6f, 0x6f, 0x6f, 0x6f, 0x6f, 0x6f, 0x6f, 0x75, 0x6e, 0x00, 0x00, 0x00, 0x00, 0x00, 0x00, 0x00, 0x00, 0x00, 0x00, 0x00, 0x00, 0x00, 0x00, 0x00, 0x00, 0x00, 0x00, 0x00, 0x00, 0x00, 0x00, 0x6e,
0x6f, 0x71, 0x6f, 0x6f, 0x6f, 0x6f, 0x6f, 0x6f, 0x6f, 0x6f, 0x6f, 0x6f, 0x6f, 0x6f, 0x6f, 0x6f, 0x72, 0x6e, 0x00, 0x00, 0x00, 0x00, 0x00, 0x00, 0x00, 0x00, 0x00, 0x00, 0x00, 0x00, 0x00, 0x00,
0x00, 0x00, 0x00, 0x00, 0x00, 0x00, 0x00, 0x00, 0x70, 0x6f, 0x71, 0x6f, 0x6f, 0x6f, 0x6f, 0x6f, 0x6f, 0x6f, 0x6f, 0x6f, 0x6f, 0x6f, 0x6f, 0x6f, 0x70, 0x6f, 
/* -34- */
0x00, 0x72, 0x6f, 0x71, 0x6f, 0x6f, 0x6f, 0x6f, 0x6f, 0x6f, 0x6f, 0x6f, 0x6f, 0x6f, 0x6f, 0x6f, 0x6f, 0x6f, 0x72, 0x6f, 0x00, 0x00, 0x00, 0x00, 0x00, 0x00, 0x00, 0x00, 0x00, 0x00, 0x00, 0x00,
0x00, 0x00, 0x00, 0x00, 0x00, 0x00, 0x00, 0x00, 0x00, 0x00, 0x00, 0x00, 0x00, 0x00, 0x00, 0x00, 0x00, 0x00, 0x00, 0x00, 0x00, 0x00, 0x00, 0x00, 0x71, 0x70, 0x71, 0x6f, 0x6f, 0x6f, 0x6f, 0x6f,
0x6f, 0x6f, 0x6f, 0x6f, 0x6f, 0x6f, 0x6f, 0x6f, 0x72, 0x6f, 0x69, 0x00, 0x00, 0x00, 0x00, 0x00, 0x00, 0x00, 0x00, 0x00, 0x00, 0x00, 0x00, 0x00, 0x00, 0x00, 0x00, 0x00, 0x00, 0x6e, 0x6f, 0x70,
0x6f, 0x6f, 0x6f, 0x6f, 0x6f, 0x6f, 0x6f, 0x6f, 0x6f, 0x6f, 0x6f, 0x6f, 0x6f, 0x71, 0x70, 0x55, 0x00, 0x00, 0x00, 0x00, 0x00, 0x00, 0x00, 0x00, 0x00, 0x00, 0x00, 0x00, 0x00, 0x00, 0x00, 0x00,
0x00, 0x00, 0x00, 0x00, 0x00, 0x00, 0x00, 0x00, 0x00, 0x00, 0x00, 0x00, 0x00, 0x00, 0x00, 0x00, 0x00, 0x00, 0x00, 0x00, 0x00, 0x00, 0x6d, 0x6f, 0x73, 0x6f, 0x6f, 0x6f, 0x6f, 0x6f, 0x6f, 0x6f,
0x6f, 0x6f, 0x6f, 0x6f, 0x6f, 0x6f, 0x6f, 0x75, 0x6f, 0x00, 0x00, 0x00, 0x00, 0x00, 0x00, 0x00, 0x00, 0x00, 0x00, 0x00, 0x00, 0x00, 0x00, 0x00, 0x00, 0x00, 0x00, 0x00, 0x00, 0x00, 0x00, 0x70,
0x6f, 0x72, 0x6f, 0x6f, 0x6f, 0x6f, 0x6f, 0x6f, 0x6f, 0x6f, 0x6f, 0x6f, 0x6f, 0x6f, 0x6f, 0x6f, 0x73, 0x6e, 0x00, 0x00, 0x00, 0x00, 0x00, 0x00, 0x00, 0x00, 0x00, 0x00, 0x00, 0x00, 0x00, 0x00,
0x00, 0x00, 0x00, 0x00, 0x00, 0x00, 0x00, 0x00, 0x6f, 0x70, 0x71, 0x6f, 0x6f, 0x6f, 0x6f, 0x6f, 0x6f, 0x6f, 0x6f, 0x6f, 0x6f, 0x6f, 0x6f, 0x6f, 0x70, 0x6f, 
/* -35- */
0x00, 0x6f, 0x72, 0x70, 0x6f, 0x6f, 0x6f, 0x6f, 0x6f, 0x6f, 0x6f, 0x6f, 0x6f, 0x6f, 0x6f, 0x6f, 0x6f, 0x6f, 0x70, 0x6e, 0x00, 0x00, 0x00, 0x00, 0x00, 0x00, 0x00, 0x00, 0x00, 0x00, 0x00, 0x00,
0x00, 0x00, 0x00, 0x00, 0x00, 0x00, 0x00, 0x00, 0x00, 0x00, 0x00, 0x00, 0x00, 0x00, 0x00, 0x00, 0x00, 0x00, 0x00, 0x00, 0x00, 0x00, 0x00, 0x00, 0x6f, 0x6f, 0x73, 0x6f, 0x6f, 0x6f, 0x6f, 0x6f,
0x6f, 0x6f, 0x6f, 0x6f, 0x6f, 0x6f, 0x6f, 0x6f, 0x72, 0x6f, 0x69, 0x00, 0x00, 0x00, 0x00, 0x00, 0x00, 0x00, 0x00, 0x00, 0x00, 0x00, 0x00, 0x00, 0x00, 0x00, 0x00, 0x00, 0x00, 0x6e, 0x6f, 0x70,
0x6f, 0x6f, 0x6f, 0x6f, 0x6f, 0x6f, 0x6f, 0x6f, 0x6f, 0x6f, 0x6f, 0x6f, 0x6f, 0x71, 0x6f, 0x00, 0x00, 0x00, 0x00, 0x00, 0x00, 0x00, 0x00, 0x00, 0x00, 0x00, 0x00, 0x00, 0x00, 0x00, 0x00, 0x00,
0x00, 0x00, 0x00, 0x00, 0x00, 0x00, 0x00, 0x00, 0x00, 0x00, 0x00, 0x00, 0x00, 0x00, 0x00, 0x00, 0x00, 0x00, 0x00, 0x00, 0x00, 0x00, 0x6d, 0x6f, 0x73, 0x6f, 0x6f, 0x6f, 0x6f, 0x6f, 0x6f, 0x6f,
0x6f, 0x6f, 0x6f, 0x6f, 0x6f, 0x6f, 0x70, 0x6f, 0x6f, 0x00, 0x00, 0x00, 0x00, 0x00, 0x00, 0x00, 0x00, 0x00, 0x00, 0x00, 0x00, 0x00, 0x00, 0x00, 0x00, 0x00, 0x00, 0x00, 0x00, 0x00, 0x00, 0x6f,
0x6f, 0x72, 0x6f, 0x6f, 0x6f, 0x6f, 0x6f, 0x6f, 0x6f, 0x6f, 0x6f, 0x6f, 0x6f, 0x6f, 0x6f, 0x70, 0x70, 0x6f, 0x00, 0x00, 0x00, 0x00, 0x00, 0x00, 0x00, 0x00, 0x00, 0x00, 0x00, 0x00, 0x00, 0x00,
0x00, 0x00, 0x00, 0x00, 0x00, 0x00, 0x00, 0x00, 0x6f, 0x6f, 0x71, 0x6f, 0x6f, 0x6f, 0x6f, 0x6f, 0x6f, 0x6f, 0x6f, 0x6f, 0x6f, 0x6f, 0x6f, 0x6f, 0x70, 0x6f, 
/* -36- */
0x00, 0x6f, 0x75, 0x6f, 0x6f, 0x6f, 0x6f, 0x6f, 0x6f, 0x6f, 0x6f, 0x6f, 0x6f, 0x6f, 0x6f, 0x6f, 0x6f, 0x72, 0x70, 0x6e, 0x00, 0x00, 0x00, 0x00, 0x00, 0x00, 0x00, 0x00, 0x00, 0x00, 0x00, 0x00,
0x00, 0x00, 0x00, 0x00, 0x00, 0x00, 0x00, 0x00, 0x00, 0x00, 0x00, 0x00, 0x00, 0x00, 0x00, 0x00, 0x00, 0x00, 0x00, 0x00, 0x00, 0x00, 0x00, 0x00, 0x66, 0x6f, 0x75, 0x6f, 0x6f, 0x6f, 0x6f, 0x6f,
0x6f, 0x6f, 0x6f, 0x6f, 0x6f, 0x6f, 0x6f, 0x6f, 0x72, 0x6f, 0x69, 0x00, 0x00, 0x00, 0x00, 0x00, 0x00, 0x00, 0x00, 0x00, 0x00, 0x00, 0x00, 0x00, 0x00, 0x00, 0x00, 0x00, 0x00, 0x6e, 0x6f, 0x70,
0x6f, 0x6f, 0x6f, 0x6f, 0x6f, 0x6f, 0x6f, 0x6f, 0x6f, 0x6f, 0x6f, 0x6f, 0x6f, 0x70, 0x6f, 0x00, 0x00, 0x00, 0x00, 0x00, 0x00, 0x00, 0x00, 0x00, 0x00, 0x00, 0x00, 0x00, 0x00, 0x00, 0x00, 0x00,
0x00, 0x00, 0x00, 0x00, 0x00, 0x00, 0x00, 0x00, 0x00, 0x00, 0x00, 0x00, 0x00, 0x00, 0x00, 0x00, 0x00, 0x00, 0x00, 0x00, 0x00, 0x00, 0x6d, 0x6e, 0x73, 0x6f, 0x6f, 0x6f, 0x6f, 0x6f, 0x6f, 0x6f,
0x6f, 0x6f, 0x6f, 0x6f, 0x6f, 0x6f, 0x71, 0x6f, 0x71, 0x00, 0x00, 0x00, 0x00, 0x00, 0x00, 0x00, 0x00, 0x00, 0x00, 0x00, 0x00, 0x00, 0x00, 0x00, 0x00, 0x00, 0x00, 0x00, 0x00, 0x00, 0x00, 0x71,
0x6f, 0x72, 0x6f, 0x6f, 0x6f, 0x6f, 0x6f, 0x6f, 0x6f, 0x6f, 0x6f, 0x6f, 0x6f, 0x6f, 0x6f, 0x70, 0x6f, 0x6c, 0x00, 0x00, 0x00, 0x00, 0x00, 0x00, 0x00, 0x00, 0x00, 0x00, 0x00, 0x00, 0x00, 0x00,
0x00, 0x00, 0x00, 0x00, 0x00, 0x00, 0x00, 0x00, 0x70, 0x70, 0x72, 0x6f, 0x6f, 0x6f, 0x6f, 0x6f, 0x6f, 0x6f, 0x6f, 0x6f, 0x6f, 0x6f, 0x6f, 0x6f, 0x70, 0x6f, 
/* -37- */
0x55, 0x6f, 0x74, 0x6f, 0x6f, 0x6f, 0x6f, 0x6f, 0x6f, 0x6f, 0x6f, 0x6f, 0x6f, 0x6f, 0x6f, 0x6f, 0x6f, 0x73, 0x6f, 0x6d, 0x00, 0x00, 0x00, 0x00, 0x00, 0x00, 0x00, 0x00, 0x00, 0x00, 0x00, 0x00,
0x00, 0x00, 0x00, 0x00, 0x00, 0x00, 0x00, 0x00, 0x00, 0x00, 0x00, 0x00, 0x00, 0x00, 0x00, 0x00, 0x00, 0x00, 0x00, 0x00, 0x00, 0x00, 0x00, 0x00, 0x00, 0x6f, 0x72, 0x70, 0x6f, 0x6f, 0x6f, 0x6f,
0x6f, 0x6f, 0x6f, 0x6f, 0x6f, 0x6f, 0x6f, 0x6f, 0x72, 0x6f, 0x69, 0x00, 0x00, 0x00, 0x00, 0x00, 0x00, 0x00, 0x00, 0x00, 0x00, 0x00, 0x00, 0x00, 0x00, 0x00, 0x00, 0x00, 0x00, 0x6e, 0x6f, 0x70,
0x6f, 0x6f, 0x6f, 0x6f, 0x6f, 0x6f, 0x6f, 0x6f, 0x6f, 0x6f, 0x6f, 0x6f, 0x6f, 0x6f, 0x6f, 0x00, 0x00, 0x00, 0x00, 0x00, 0x00, 0x00, 0x00, 0x00, 0x00, 0x00, 0x00, 0x00, 0x00, 0x00, 0x00, 0x00,
0x00, 0x00, 0x00, 0x00, 0x00, 0x00, 0x00, 0x00, 0x00, 0x00, 0x00, 0x00, 0x00, 0x00, 0x00, 0x00, 0x00, 0x00, 0x00, 0x00, 0x00, 0x00, 0x6d, 0x6e, 0x73, 0x6f, 0x6f, 0x6f, 0x6f, 0x6f, 0x6f, 0x6f,
0x6f, 0x6f, 0x6f, 0x6f, 0x6f, 0x6f, 0x71, 0x6f, 0x70, 0x00, 0x00, 0x00, 0x00, 0x00, 0x00, 0x00, 0x00, 0x00, 0x00, 0x00, 0x00, 0x00, 0x00, 0x00, 0x00, 0x00, 0x00, 0x00, 0x00, 0x00, 0x00, 0x6e,
0x6f, 0x72, 0x6f, 0x6f, 0x6f, 0x6f, 0x6f, 0x6f, 0x6f, 0x6f, 0x6f, 0x6f, 0x6f, 0x6f, 0x6f, 0x71, 0x6f, 0x71, 0x00, 0x00, 0x00, 0x00, 0x00, 0x00, 0x00, 0x00, 0x00, 0x00, 0x00, 0x00, 0x00, 0x00,
0x00, 0x00, 0x00, 0x00, 0x00, 0x00, 0x00, 0x00, 0x6f, 0x6f, 0x72, 0x6f, 0x6f, 0x6f, 0x6f, 0x6f, 0x6f, 0x6f, 0x6f, 0x6f, 0x6f, 0x6f, 0x6f, 0x6f, 0x70, 0x6f, 
/* -38- */
0x66, 0x6f, 0x73, 0x6f, 0x6f, 0x6f, 0x6f, 0x6f, 0x6f, 0x6f, 0x6f, 0x6f, 0x6f, 0x6f, 0x6f, 0x6f, 0x6f, 0x75, 0x6f, 0x00, 0x00, 0x00, 0x00, 0x00, 0x00, 0x00, 0x00, 0x00, 0x00, 0x00, 0x00, 0x00,
0x00, 0x00, 0x00, 0x00, 0x00, 0x00, 0x00, 0x00, 0x00, 0x00, 0x00, 0x00, 0x00, 0x00, 0x00, 0x00, 0x00, 0x00, 0x00, 0x00, 0x00, 0x00, 0x00, 0x00, 0x00, 0x6f, 0x6f, 0x71, 0x6f, 0x6f, 0x6f, 0x6f,
0x6f, 0x6f, 0x6f, 0x6f, 0x6f, 0x6f, 0x6f, 0x6f, 0x72, 0x6f, 0x69, 0x00, 0x00, 0x00, 0x00, 0x00, 0x00, 0x00, 0x00, 0x00, 0x00, 0x00, 0x00, 0x00, 0x00, 0x00, 0x00, 0x00, 0x00, 0x6e, 0x6f, 0x70,
0x6f, 0x6f, 0x6f, 0x6f, 0x6f, 0x6f, 0x6f, 0x6f, 0x6f, 0x6f, 0x6f, 0x6f, 0x6f, 0x6f, 0x6f, 0x00, 0x00, 0x00, 0x00, 0x00, 0x00, 0x00, 0x00, 0x00, 0x00, 0x00, 0x00, 0x00, 0x00, 0x00, 0x00, 0x00,
0x00, 0x00, 0x00, 0x00, 0x00, 0x00, 0x00, 0x00, 0x00, 0x00, 0x00, 0x00, 0x00, 0x00, 0x00, 0x00, 0x00, 0x00, 0x00, 0x00, 0x00, 0x00, 0x6d, 0x6e, 0x73, 0x6f, 0x6f, 0x6f, 0x6f, 0x6f, 0x6f, 0x6f,
0x6f, 0x6f, 0x6f, 0x6f, 0x6f, 0x6f, 0x72, 0x6f, 0x6d, 0x00, 0x00, 0x00, 0x00, 0x00, 0x00, 0x00, 0x00, 0x00, 0x00, 0x00, 0x00, 0x00, 0x00, 0x00, 0x00, 0x00, 0x00, 0x00, 0x00, 0x00, 0x00, 0x72,
0x6f, 0x73, 0x6f, 0x6f, 0x6f, 0x6f, 0x6f, 0x6f, 0x6f, 0x6f, 0x6f, 0x6f, 0x6f, 0x6f, 0x6f, 0x72, 0x6f, 0x71, 0x00, 0x00, 0x00, 0x00, 0x00, 0x00, 0x00, 0x00, 0x00, 0x00, 0x00, 0x00, 0x00, 0x00,
0x00, 0x00, 0x00, 0x00, 0x00, 0x00, 0x00, 0x00, 0x6f, 0x6f, 0x72, 0x6f, 0x6f, 0x6f, 0x6f, 0x6f, 0x6f, 0x6f, 0x6f, 0x6f, 0x6f, 0x6f, 0x6f, 0x6f, 0x70, 0x6f, 
/* -39- */
0x71, 0x6f, 0x72, 0x6f, 0x6f, 0x6f, 0x6f, 0x6f, 0x6f, 0x6f, 0x6f, 0x6f, 0x6f, 0x6f, 0x6f, 0x6f, 0x70, 0x72, 0x6d, 0x00, 0x00, 0x00, 0x00, 0x00, 0x00, 0x00, 0x00, 0x00, 0x00, 0x00, 0x00, 0x00,
0x00, 0x00, 0x00, 0x00, 0x00, 0x00, 0x00, 0x00, 0x00, 0x00, 0x00, 0x00, 0x00, 0x00, 0x00, 0x00, 0x00, 0x00, 0x00, 0x00, 0x00, 0x00, 0x00, 0x00, 0x00, 0x70, 0x6f, 0x72, 0x6f, 0x6f, 0x6f, 0x6f,
0x6f, 0x6f, 0x6f, 0x6f, 0x6f, 0x6f, 0x6f, 0x6f, 0x72, 0x6f, 0x69, 0x00, 0x00, 0x00, 0x00, 0x00, 0x00, 0x00, 0x00, 0x00, 0x00, 0x00, 0x00, 0x00, 0x00, 0x00, 0x00, 0x00, 0x00, 0x6e, 0x6f, 0x70,
0x6f, 0x6f, 0x6f, 0x6f, 0x6f, 0x6f, 0x6f, 0x6f, 0x6f, 0x6f, 0x6f, 0x6f, 0x6f, 0x6f, 0x6f, 0x00, 0x00, 0x00, 0x00, 0x00, 0x00, 0x00, 0x00, 0x00, 0x00, 0x00, 0x00, 0x00, 0x00, 0x00, 0x00, 0x00,
0x00, 0x00, 0x00, 0x00, 0x00, 0x00, 0x00, 0x00, 0x00, 0x00, 0x00, 0x00, 0x00, 0x00, 0x00, 0x00, 0x00, 0x00, 0x00, 0x00, 0x00, 0x00, 0x6d, 0x6e, 0x73, 0x6f, 0x6f, 0x6f, 0x6f, 0x6f, 0x6f, 0x6f,
0x6f, 0x6f, 0x6f, 0x6f, 0x6f, 0x6f, 0x72, 0x6f, 0x6f, 0x00, 0x00, 0x00, 0x00, 0x00, 0x00, 0x00, 0x00, 0x00, 0x00, 0x00, 0x00, 0x00, 0x00, 0x00, 0x00, 0x00, 0x00, 0x00, 0x00, 0x00, 0x00, 0x6f,
0x6f, 0x73, 0x6f, 0x6f, 0x6f, 0x6f, 0x6f, 0x6f, 0x6f, 0x6f, 0x6f, 0x6f, 0x6f, 0x6f, 0x6f, 0x72, 0x6f, 0x73, 0x00, 0x00, 0x00, 0x00, 0x00, 0x00, 0x00, 0x00, 0x00, 0x00, 0x00, 0x00, 0x00, 0x00,
0x00, 0x00, 0x00, 0x00, 0x00, 0x00, 0x00, 0x00, 0x70, 0x6e, 0x72, 0x6f, 0x6f, 0x6f, 0x6f, 0x6f, 0x6f, 0x6f, 0x6f, 0x6f, 0x6f, 0x6f, 0x6f, 0x6f, 0x70, 0x6f, 
/* -40- */
0x6c, 0x6f, 0x72, 0x6f, 0x6f, 0x6f, 0x6f, 0x6f, 0x6f, 0x6f, 0x6f, 0x6f, 0x6f, 0x6f, 0x6f, 0x6f, 0x71, 0x6f, 0x71, 0x00, 0x00, 0x00, 0x00, 0x00, 0x00, 0x00, 0x00, 0x00, 0x00, 0x00, 0x00, 0x00,
0x00, 0x00, 0x00, 0x00, 0x00, 0x00, 0x00, 0x00, 0x00, 0x00, 0x00, 0x00, 0x00, 0x00, 0x00, 0x00, 0x00, 0x00, 0x00, 0x00, 0x00, 0x00, 0x00, 0x00, 0x00, 0x6f, 0x6f, 0x72, 0x6f, 0x6f, 0x6f, 0x6f,
0x6f, 0x6f, 0x6f, 0x6f, 0x6f, 0x6f, 0x6f, 0x6f, 0x72, 0x6f, 0x69, 0x00, 0x00, 0x00, 0x00, 0x00, 0x00, 0x00, 0x00, 0x00, 0x00, 0x00, 0x00, 0x00, 0x00, 0x00, 0x00, 0x00, 0x00, 0x6e, 0x6f, 0x70,
0x6f, 0x6f, 0x6f, 0x6f, 0x6f, 0x6f, 0x6f, 0x6f, 0x6f, 0x6f, 0x6f, 0x6f, 0x6f, 0x6f, 0x6e, 0x00, 0x00, 0x00, 0x00, 0x00, 0x00, 0x00, 0x00, 0x00, 0x00, 0x00, 0x00, 0x00, 0x00, 0x00, 0x00, 0x00,
0x00, 0x00, 0x00, 0x00, 0x00, 0x00, 0x00, 0x00, 0x00, 0x00, 0x00, 0x00, 0x00, 0x00, 0x00, 0x00, 0x00, 0x00, 0x00, 0x00, 0x00, 0x00, 0x6d, 0x6f, 0x73, 0x6f, 0x6f, 0x6f, 0x6f, 0x6f, 0x6f, 0x6f,
0x6f, 0x6f, 0x6f, 0x6f, 0x6f, 0x6f, 0x72, 0x6f, 0x6e, 0x00, 0x00, 0x00, 0x00, 0x00, 0x00, 0x00, 0x00, 0x00, 0x00, 0x00, 0x00, 0x00, 0x00, 0x00, 0x00, 0x00, 0x00, 0x00, 0x00, 0x00, 0x00, 0x6f,
0x6f, 0x73, 0x6f, 0x6f, 0x6f, 0x6f, 0x6f, 0x6f, 0x6f, 0x6f, 0x6f, 0x6f, 0x6f, 0x6f, 0x6f, 0x72, 0x6f, 0x6f, 0x00, 0x00, 0x00, 0x00, 0x00, 0x00, 0x00, 0x00, 0x00, 0x00, 0x00, 0x00, 0x00, 0x00,
0x00, 0x00, 0x00, 0x00, 0x00, 0x00, 0x00, 0x00, 0x6f, 0x6f, 0x72, 0x6f, 0x6f, 0x6f, 0x6f, 0x6f, 0x6f, 0x6f, 0x6f, 0x6f, 0x6f, 0x6f, 0x6f, 0x6f, 0x70, 0x6f, 
/* -41- */
0x6e, 0x6f, 0x72, 0x6f, 0x6f, 0x6f, 0x6f, 0x6f, 0x6f, 0x6f, 0x6f, 0x6f, 0x6f, 0x6f, 0x6f, 0x6f, 0x71, 0x6f, 0x70, 0x00, 0x00, 0x00, 0x00, 0x00, 0x00, 0x00, 0x00, 0x00, 0x00, 0x00, 0x00, 0x00,
0x00, 0x00, 0x00, 0x00, 0x00, 0x00, 0x00, 0x00, 0x00, 0x00, 0x00, 0x00, 0x00, 0x00, 0x00, 0x00, 0x00, 0x00, 0x00, 0x00, 0x00, 0x00, 0x00, 0x00, 0x00, 0x6d, 0x6f, 0x72, 0x6f, 0x6f, 0x6f, 0x6f,
0x6f, 0x6f, 0x6f, 0x6f, 0x6f, 0x6f, 0x6f, 0x6f, 0x72, 0x6f, 0x69, 0x00, 0x00, 0x00, 0x00, 0x00, 0x00, 0x00, 0x00, 0x00, 0x00, 0x00, 0x00, 0x00, 0x00, 0x00, 0x00, 0x00, 0x00, 0x6e, 0x6f, 0x70,
0x6f, 0x6f, 0x6f, 0x6f, 0x6f, 0x6f, 0x6f, 0x6f, 0x6f, 0x6f, 0x6f, 0x6f, 0x6f, 0x6f, 0x6f, 0x00, 0x00, 0x00, 0x00, 0x00, 0x00, 0x00, 0x00, 0x00, 0x00, 0x00, 0x00, 0x00, 0x00, 0x00, 0x00, 0x00,
0x00, 0x00, 0x00, 0x00, 0x00, 0x00, 0x00, 0x00, 0x00, 0x00, 0x00, 0x00, 0x00, 0x00, 0x00, 0x00, 0x00, 0x00, 0x00, 0x00, 0x00, 0x00, 0x6d, 0x6f, 0x73, 0x6f, 0x6f, 0x6f, 0x6f, 0x6f, 0x6f, 0x6f,
0x6f, 0x6f, 0x6f, 0x6f, 0x6f, 0x6f, 0x72, 0x6f, 0x6e, 0x00, 0x00, 0x00, 0x00, 0x00, 0x00, 0x00, 0x00, 0x00, 0x00, 0x00, 0x00, 0x00, 0x00, 0x00, 0x00, 0x00, 0x00, 0x00, 0x00, 0x00, 0x00, 0x6f,
0x6f, 0x73, 0x6f, 0x6f, 0x6f, 0x6f, 0x6f, 0x6f, 0x6f, 0x6f, 0x6f, 0x6f, 0x6f, 0x6f, 0x6f, 0x72, 0x6f, 0x6c, 0x00, 0x00, 0x00, 0x00, 0x00, 0x00, 0x00, 0x00, 0x00, 0x00, 0x00, 0x00, 0x00, 0x00,
0x00, 0x00, 0x00, 0x00, 0x00, 0x00, 0x00, 0x00, 0x6f, 0x6f, 0x72, 0x6f, 0x6f, 0x6f, 0x6f, 0x6f, 0x6f, 0x6f, 0x6f, 0x6f, 0x6f, 0x6f, 0x6f, 0x6f, 0x70, 0x6f, 
/* -42- */
0x6f, 0x6f, 0x72, 0x6f, 0x6f, 0x6f, 0x6f, 0x6f, 0x6f, 0x6f, 0x6f, 0x6f, 0x6f, 0x6f, 0x6f, 0x6f, 0x72, 0x6f, 0x6f, 0x00, 0x00, 0x00, 0x00, 0x00, 0x00, 0x00, 0x00, 0x00, 0x00, 0x00, 0x00, 0x00,
0x00, 0x00, 0x00, 0x00, 0x00, 0x00, 0x00, 0x00, 0x00, 0x00, 0x00, 0x00, 0x00, 0x00, 0x00, 0x00, 0x00, 0x00, 0x00, 0x00, 0x00, 0x00, 0x00, 0x00, 0x00, 0x76, 0x6f, 0x73, 0x6f, 0x6f, 0x6f, 0x6f,
0x6f, 0x6f, 0x6f, 0x6f, 0x6f, 0x6f, 0x6f, 0x6f, 0x72, 0x6f, 0x69, 0x00, 0x00, 0x00, 0x00, 0x00, 0x00, 0x00, 0x00, 0x00, 0x00, 0x00, 0x00, 0x00, 0x00, 0x00, 0x00, 0x00, 0x00, 0x6e, 0x6f, 0x70,
0x6f, 0x6f, 0x6f, 0x6f, 0x6f, 0x6f, 0x6f, 0x6f, 0x6f, 0x6f, 0x6f, 0x6f, 0x6f, 0x6f, 0x6f, 0x00, 0x00, 0x00, 0x00, 0x00, 0x00, 0x00, 0x00, 0x00, 0x00, 0x00, 0x00, 0x00, 0x00, 0x00, 0x00, 0x00,
0x00, 0x00, 0x00, 0x00, 0x00, 0x00, 0x00, 0x00, 0x00, 0x00, 0x00, 0x00, 0x00, 0x00, 0x00, 0x00, 0x00, 0x00, 0x00, 0x00, 0x00, 0x00, 0x6d, 0x6f, 0x73, 0x6f, 0x6f, 0x6f, 0x6f, 0x6f, 0x6f, 0x6f,
0x6f, 0x6f, 0x6f, 0x6f, 0x6f, 0x6f, 0x72, 0x6f, 0x6e, 0x00, 0x00, 0x00, 0x00, 0x00, 0x00, 0x00, 0x00, 0x00, 0x00, 0x00, 0x00, 0x00, 0x00, 0x00, 0x00, 0x00, 0x00, 0x00, 0x00, 0x00, 0x00, 0x6f,
0x6f, 0x73, 0x6f, 0x6f, 0x6f, 0x6f, 0x6f, 0x6f, 0x6f, 0x6f, 0x6f, 0x6f, 0x6f, 0x6f, 0x6f, 0x72, 0x70, 0x73, 0x00, 0x00, 0x00, 0x00, 0x00, 0x00, 0x00, 0x00, 0x00, 0x00, 0x00, 0x00, 0x00, 0x00,
0x00, 0x00, 0x00, 0x00, 0x00, 0x00, 0x00, 0x00, 0x6f, 0x6f, 0x72, 0x6f, 0x6f, 0x6f, 0x6f, 0x6f, 0x6f, 0x6f, 0x6f, 0x6f, 0x6f, 0x6f, 0x6f, 0x6f, 0x70, 0x6f, 
/* -43- */
0x71, 0x6f, 0x71, 0x6f, 0x6f, 0x6f, 0x6f, 0x6f, 0x6f, 0x6f, 0x6f, 0x6f, 0x6f, 0x6f, 0x6f, 0x6f, 0x72, 0x6f, 0x71, 0x00, 0x00, 0x00, 0x00, 0x00, 0x00, 0x00, 0x00, 0x00, 0x00, 0x00, 0x00, 0x00,
0x00, 0x00, 0x00, 0x00, 0x00, 0x00, 0x00, 0x00, 0x00, 0x00, 0x00, 0x00, 0x00, 0x00, 0x00, 0x00, 0x00, 0x00, 0x00, 0x00, 0x00, 0x00, 0x00, 0x00, 0x00, 0x6c, 0x6f, 0x73, 0x6f, 0x6f, 0x6f, 0x6f,
0x6f, 0x6f, 0x6f, 0x6f, 0x6f, 0x6f, 0x6f, 0x6f, 0x72, 0x6f, 0x69, 0x00, 0x00, 0x00, 0x00, 0x00, 0x00, 0x00, 0x00, 0x00, 0x00, 0x00, 0x00, 0x00, 0x00, 0x00, 0x00, 0x00, 0x00, 0x6e, 0x6f, 0x70,
0x6f, 0x6f, 0x6f, 0x6f, 0x6f, 0x6f, 0x6f, 0x6f, 0x6f, 0x6f, 0x6f, 0x6f, 0x6f, 0x6f, 0x6f, 0x00, 0x00, 0x00, 0x00, 0x00, 0x00, 0x00, 0x00, 0x00, 0x00, 0x00, 0x00, 0x00, 0x00, 0x00, 0x00, 0x00,
0x00, 0x00, 0x00, 0x00, 0x00, 0x00, 0x00, 0x00, 0x00, 0x00, 0x00, 0x00, 0x00, 0x00, 0x00, 0x00, 0x00, 0x00, 0x00, 0x00, 0x00, 0x00, 0x6a, 0x6f, 0x73, 0x6f, 0x6f, 0x6f, 0x6f, 0x6f, 0x6f, 0x6f,
0x6f, 0x6f, 0x6f, 0x6f, 0x6f, 0x6f, 0x72, 0x6f, 0x6f, 0x00, 0x00, 0x00, 0x00, 0x00, 0x00, 0x00, 0x00, 0x00, 0x00, 0x00, 0x00, 0x00, 0x00, 0x00, 0x00, 0x00, 0x00, 0x00, 0x00, 0x00, 0x00, 0x6f,
0x6f, 0x73, 0x6f, 0x6f, 0x6f, 0x6f, 0x6f, 0x6f, 0x6f, 0x6f, 0x6f, 0x6f, 0x6f, 0x6f, 0x6f, 0x72, 0x6f, 0x73, 0x00, 0x00, 0x00, 0x00, 0x00, 0x00, 0x00, 0x00, 0x00, 0x00, 0x00, 0x00, 0x00, 0x00,
0x00, 0x00, 0x00, 0x00, 0x00, 0x00, 0x00, 0x00, 0x6f, 0x6f, 0x72, 0x6f, 0x6f, 0x6f, 0x6f, 0x6f, 0x6f, 0x6f, 0x6f, 0x6f, 0x6f, 0x6f, 0x6f, 0x6f, 0x70, 0x6f, 
/* -44- */
0x71, 0x6f, 0x72, 0x6f, 0x6f, 0x6f, 0x6f, 0x6f, 0x6f, 0x6f, 0x6f, 0x6f, 0x6f, 0x6f, 0x6f, 0x6f, 0x72, 0x6f, 0x70, 0x00, 0x00, 0x00, 0x00, 0x00, 0x00, 0x00, 0x00, 0x00, 0x00, 0x00, 0x00, 0x00,
0x00, 0x00, 0x00, 0x00, 0x00, 0x00, 0x00, 0x00, 0x00, 0x00, 0x00, 0x00, 0x00, 0x00, 0x00, 0x00, 0x00, 0x00, 0x00, 0x00, 0x00, 0x00, 0x00, 0x00, 0x00, 0x6c, 0x6f, 0x73, 0x6f, 0x6f, 0x6f, 0x6f,
0x6f, 0x6f, 0x6f, 0x6f, 0x6f, 0x6f, 0x6f, 0x6f, 0x72, 0x6f, 0x69, 0x00, 0x00, 0x00, 0x00, 0x00, 0x00, 0x00, 0x00, 0x00, 0x00, 0x00, 0x00, 0x00, 0x00, 0x00, 0x00, 0x00, 0x00, 0x6e, 0x6f, 0x70,
0x6f, 0x6f, 0x6f, 0x6f, 0x6f, 0x6f, 0x6f, 0x6f, 0x6f, 0x6f, 0x6f, 0x6f, 0x6f, 0x6f, 0x6f, 0x00, 0x00, 0x00, 0x00, 0x00, 0x00, 0x00, 0x00, 0x00, 0x00, 0x00, 0x00, 0x00, 0x00, 0x00, 0x00, 0x00,
0x00, 0x00, 0x00, 0x00, 0x00, 0x00, 0x00, 0x00, 0x00, 0x00, 0x00, 0x00, 0x00, 0x00, 0x00, 0x00, 0x00, 0x00, 0x00, 0x00, 0x00, 0x00, 0x6a, 0x6f, 0x73, 0x6f, 0x6f, 0x6f, 0x6f, 0x6f, 0x6f, 0x6f,
0x6f, 0x6f, 0x6f, 0x6f, 0x6f, 0x6f, 0x72, 0x6f, 0x6f, 0x00, 0x00, 0x00, 0x00, 0x00, 0x00, 0x00, 0x00, 0x00, 0x00, 0x00, 0x00, 0x00, 0x00, 0x00, 0x00, 0x00, 0x00, 0x00, 0x00, 0x00, 0x00, 0x6f,
0x6f, 0x73, 0x6f, 0x6f, 0x6f, 0x6f, 0x6f, 0x6f, 0x6f, 0x6f, 0x6f, 0x6f, 0x6f, 0x6f, 0x6f, 0x72, 0x6f, 0x73, 0x00, 0x00, 0x00, 0x00, 0x00, 0x00, 0x00, 0x00, 0x00, 0x00, 0x00, 0x00, 0x00, 0x00,
0x00, 0x00, 0x00, 0x00, 0x00, 0x00, 0x00, 0x00, 0x6f, 0x6f, 0x72, 0x6f, 0x6f, 0x6f, 0x6f, 0x6f, 0x6f, 0x6f, 0x6f, 0x6f, 0x6f, 0x6f, 0x6f, 0x6f, 0x70, 0x6f, 
/* -45- */
0x6a, 0x6f, 0x72, 0x6f, 0x6f, 0x6f, 0x6f, 0x6f, 0x6f, 0x6f, 0x6f, 0x6f, 0x6f, 0x6f, 0x6f, 0x6f, 0x72, 0x6f, 0x6e, 0x00, 0x00, 0x00, 0x00, 0x00, 0x00, 0x00, 0x00, 0x00, 0x00, 0x00, 0x00, 0x00,
0x00, 0x00, 0x00, 0x00, 0x00, 0x00, 0x00, 0x00, 0x00, 0x00, 0x00, 0x00, 0x00, 0x00, 0x00, 0x00, 0x00, 0x00, 0x00, 0x00, 0x00, 0x00, 0x00, 0x00, 0x00, 0x6c, 0x70, 0x73, 0x6f, 0x6f, 0x6f, 0x6f,
0x6f, 0x6f, 0x6f, 0x6f, 0x6f, 0x6f, 0x6f, 0x6f, 0x72, 0x6f, 0x69, 0x00, 0x00, 0x00, 0x00, 0x00, 0x00, 0x00, 0x00, 0x00, 0x00, 0x00, 0x00, 0x00, 0x00, 0x00, 0x00, 0x00, 0x00, 0x6e, 0x6f, 0x70,
0x6f, 0x6f, 0x6f, 0x6f, 0x6f, 0x6f, 0x6f, 0x6f, 0x6f, 0x6f, 0x6f, 0x6f, 0x6f, 0x6f, 0x6f, 0x00, 0x00, 0x00, 0x00, 0x00, 0x00, 0x00, 0x00, 0x00, 0x00, 0x00, 0x00, 0x00, 0x00, 0x00, 0x00, 0x00,
0x00, 0x00, 0x00, 0x00, 0x00, 0x00, 0x00, 0x00, 0x00, 0x00, 0x00, 0x00, 0x00, 0x00, 0x00, 0x00, 0x00, 0x00, 0x00, 0x00, 0x00, 0x00, 0x6a, 0x6f, 0x73, 0x6f, 0x6f, 0x6f, 0x6f, 0x6f, 0x6f, 0x6f,
0x6f, 0x6f, 0x6f, 0x6f, 0x6f, 0x6f, 0x72, 0x6f, 0x6f, 0x00, 0x00, 0x00, 0x00, 0x00, 0x00, 0x00, 0x00, 0x00, 0x00, 0x00, 0x00, 0x00, 0x00, 0x00, 0x00, 0x00, 0x00, 0x00, 0x00, 0x00, 0x00, 0x6f,
0x6f, 0x73, 0x6f, 0x6f, 0x6f, 0x6f, 0x6f, 0x6f, 0x6f, 0x6f, 0x6f, 0x6f, 0x6f, 0x6f, 0x6f, 0x72, 0x6f, 0x73, 0x00, 0x00, 0x00, 0x00, 0x00, 0x00, 0x00, 0x00, 0x00, 0x00, 0x00, 0x00, 0x00, 0x00,
0x00, 0x00, 0x00, 0x00, 0x00, 0x00, 0x00, 0x00, 0x6f, 0x6f, 0x72, 0x6f, 0x6f, 0x6f, 0x6f, 0x6f, 0x6f, 0x6f, 0x6f, 0x6f, 0x6f, 0x6f, 0x6f, 0x6f, 0x70, 0x6f, 
/* -46- */
0x6c, 0x6f, 0x72, 0x6f, 0x6f, 0x6f, 0x6f, 0x6f, 0x6f, 0x6f, 0x6f, 0x6f, 0x6f, 0x6f, 0x6f, 0x6f, 0x71, 0x6e, 0x6e, 0x00, 0x00, 0x00, 0x00, 0x00, 0x00, 0x00, 0x00, 0x00, 0x00, 0x00, 0x00, 0x00,
0x00, 0x00, 0x00, 0x00, 0x00, 0x00, 0x00, 0x00, 0x00, 0x00, 0x00, 0x00, 0x00, 0x00, 0x00, 0x00, 0x00, 0x00, 0x00, 0x00, 0x00, 0x00, 0x00, 0x00, 0x00, 0x6d, 0x6f, 0x72, 0x6f, 0x6f, 0x6f, 0x6f,
0x6f, 0x6f, 0x6f, 0x6f, 0x6f, 0x6f, 0x6f, 0x6f, 0x72, 0x6f, 0x69, 0x00, 0x00, 0x00, 0x00, 0x00, 0x00, 0x00, 0x00, 0x00, 0x00, 0x00, 0x00, 0x00, 0x00, 0x00, 0x00, 0x00, 0x00, 0x6e, 0x6f, 0x70,
0x6f, 0x6f, 0x6f, 0x6f, 0x6f, 0x6f, 0x6f, 0x6f, 0x6f, 0x6f, 0x6f, 0x6f, 0x6f, 0x6f, 0x6f, 0x00, 0x00, 0x00, 0x00, 0x00, 0x00, 0x00, 0x00, 0x00, 0x00, 0x00, 0x00, 0x00, 0x00, 0x00, 0x00, 0x00,
0x00, 0x00, 0x00, 0x00, 0x00, 0x00, 0x00, 0x00, 0x00, 0x00, 0x00, 0x00, 0x00, 0x00, 0x00, 0x00, 0x00, 0x00, 0x00, 0x00, 0x00, 0x00, 0x6a, 0x6f, 0x73, 0x6f, 0x6f, 0x6f, 0x6f, 0x6f, 0x6f, 0x6f,
0x6f, 0x6f, 0x6f, 0x6f, 0x6f, 0x6f, 0x72, 0x6f, 0x6f, 0x00, 0x00, 0x00, 0x00, 0x00, 0x00, 0x00, 0x00, 0x00, 0x00, 0x00, 0x00, 0x00, 0x00, 0x00, 0x00, 0x00, 0x00, 0x00, 0x00, 0x00, 0x00, 0x6f,
0x6f, 0x73, 0x6f, 0x6f, 0x6f, 0x6f, 0x6f, 0x6f, 0x6f, 0x6f, 0x6f, 0x6f, 0x6f, 0x6f, 0x6f, 0x72, 0x6f, 0x73, 0x00, 0x00, 0x00, 0x00, 0x00, 0x00, 0x00, 0x00, 0x00, 0x00, 0x00, 0x00, 0x00, 0x00,
0x00, 0x00, 0x00, 0x00, 0x00, 0x00, 0x00, 0x00, 0x6f, 0x6f, 0x72, 0x6f, 0x6f, 0x6f, 0x6f, 0x6f, 0x6f, 0x6f, 0x6f, 0x6f, 0x6f, 0x6f, 0x6f, 0x6f, 0x70, 0x6f, 
/* -47- */
0x6f, 0x6f, 0x73, 0x6f, 0x6f, 0x6f, 0x6f, 0x6f, 0x6f, 0x6f, 0x6f, 0x6f, 0x6f, 0x6f, 0x6f, 0x6f, 0x70, 0x72, 0x6e, 0x00, 0x00, 0x00, 0x00, 0x00, 0x00, 0x00, 0x00, 0x00, 0x00, 0x00, 0x00, 0x00,
0x00, 0x00, 0x00, 0x00, 0x00, 0x00, 0x00, 0x00, 0x00, 0x00, 0x00, 0x00, 0x00, 0x00, 0x00, 0x00, 0x00, 0x00, 0x00, 0x00, 0x00, 0x00, 0x00, 0x00, 0x00, 0x70, 0x6f, 0x72, 0x6f, 0x6f, 0x6f, 0x6f,
0x6f, 0x6f, 0x6f, 0x6f, 0x6f, 0x6f, 0x6f, 0x6f, 0x72, 0x6f, 0x69, 0x00, 0x00, 0x00, 0x00, 0x00, 0x00, 0x00, 0x00, 0x00, 0x00, 0x00, 0x00, 0x00, 0x00, 0x00, 0x00, 0x00, 0x00, 0x6e, 0x6f, 0x70,
0x6f, 0x6f, 0x6f, 0x6f, 0x6f, 0x6f, 0x6f, 0x6f, 0x6f, 0x6f, 0x6f, 0x6f, 0x6f, 0x6f, 0x6f, 0x00, 0x00, 0x00, 0x00, 0x00, 0x00, 0x00, 0x00, 0x00, 0x00, 0x00, 0x00, 0x00, 0x00, 0x00, 0x00, 0x00,
0x00, 0x00, 0x00, 0x00, 0x00, 0x00, 0x00, 0x00, 0x00, 0x00, 0x00, 0x00, 0x00, 0x00, 0x00, 0x00, 0x00, 0x00, 0x00, 0x00, 0x00, 0x00, 0x6a, 0x6f, 0x73, 0x6f, 0x6f, 0x6f, 0x6f, 0x6f, 0x6f, 0x6f,
0x6f, 0x6f, 0x6f, 0x6f, 0x6f, 0x6f, 0x72, 0x6f, 0x6f, 0x00, 0x00, 0x00, 0x00, 0x00, 0x00, 0x00, 0x00, 0x00, 0x00, 0x00, 0x00, 0x00, 0x00, 0x00, 0x00, 0x00, 0x00, 0x00, 0x00, 0x00, 0x00, 0x6f,
0x6f, 0x73, 0x6f, 0x6f, 0x6f, 0x6f, 0x6f, 0x6f, 0x6f, 0x6f, 0x6f, 0x6f, 0x6f, 0x6f, 0x6f, 0x72, 0x6f, 0x73, 0x00, 0x00, 0x00, 0x00, 0x00, 0x00, 0x00, 0x00, 0x00, 0x00, 0x00, 0x00, 0x00, 0x00,
0x00, 0x00, 0x00, 0x00, 0x00, 0x00, 0x00, 0x00, 0x6f, 0x6f, 0x72, 0x6f, 0x6f, 0x6f, 0x6f, 0x6f, 0x6f, 0x6f, 0x6f, 0x6f, 0x6f, 0x6f, 0x6f, 0x6f, 0x70, 0x6f, 
/* -48- */
0x77, 0x6f, 0x74, 0x6f, 0x6f, 0x6f, 0x6f, 0x6f, 0x6f, 0x6f, 0x6f, 0x6f, 0x6f, 0x6f, 0x6f, 0x6f, 0x6f, 0x75, 0x70, 0x00, 0x00, 0x00, 0x00, 0x00, 0x00, 0x00, 0x00, 0x00, 0x00, 0x00, 0x00, 0x00,
0x00, 0x00, 0x00, 0x00, 0x00, 0x00, 0x00, 0x00, 0x00, 0x00, 0x00, 0x00, 0x00, 0x00, 0x00, 0x00, 0x00, 0x00, 0x00, 0x00, 0x00, 0x00, 0x00, 0x00, 0x00, 0x6e, 0x6f, 0x71, 0x6f, 0x6f, 0x6f, 0x6f,
0x6f, 0x6f, 0x6f, 0x6f, 0x6f, 0x6f, 0x6f, 0x6f, 0x72, 0x6f, 0x69, 0x00, 0x00, 0x00, 0x00, 0x00, 0x00, 0x00, 0x00, 0x00, 0x00, 0x00, 0x00, 0x00, 0x00, 0x00, 0x00, 0x00, 0x00, 0x6e, 0x6f, 0x70,
0x6f, 0x6f, 0x6f, 0x6f, 0x6f, 0x6f, 0x6f, 0x6f, 0x6f, 0x6f, 0x6f, 0x6f, 0x6f, 0x6f, 0x6f, 0x00, 0x00, 0x00, 0x00, 0x00, 0x00, 0x00, 0x00, 0x00, 0x00, 0x00, 0x00, 0x00, 0x00, 0x00, 0x00, 0x00,
0x00, 0x00, 0x00, 0x00, 0x00, 0x00, 0x00, 0x00, 0x00, 0x00, 0x00, 0x00, 0x00, 0x00, 0x00, 0x00, 0x00, 0x00, 0x00, 0x00, 0x00, 0x00, 0x6a, 0x70, 0x73, 0x6f, 0x6f, 0x6f, 0x6f, 0x6f, 0x6f, 0x6f,
0x6f, 0x6f, 0x6f, 0x6f, 0x6f, 0x6f, 0x72, 0x6f, 0x6f, 0x00, 0x00, 0x00, 0x00, 0x00, 0x00, 0x00, 0x00, 0x00, 0x00, 0x00, 0x00, 0x00, 0x00, 0x00, 0x00, 0x00, 0x00, 0x00, 0x00, 0x00, 0x00, 0x6f,
0x6f, 0x73, 0x6f, 0x6f, 0x6f, 0x6f, 0x6f, 0x6f, 0x6f, 0x6f, 0x6f, 0x6f, 0x6f, 0x6f, 0x6f, 0x72, 0x6f, 0x73, 0x00, 0x00, 0x00, 0x00, 0x00, 0x00, 0x00, 0x00, 0x00, 0x00, 0x00, 0x00, 0x00, 0x00,
0x00, 0x00, 0x00, 0x00, 0x00, 0x00, 0x00, 0x00, 0x6f, 0x6f, 0x72, 0x6f, 0x6f, 0x6f, 0x6f, 0x6f, 0x6f, 0x6f, 0x6f, 0x6f, 0x6f, 0x6f, 0x6f, 0x6f, 0x70, 0x6f, 
/* -49- */
0x00, 0x70, 0x75, 0x6f, 0x6f, 0x6f, 0x6f, 0x6f, 0x6f, 0x6f, 0x6f, 0x6f, 0x6f, 0x6f, 0x6f, 0x6f, 0x6f, 0x74, 0x6f, 0x6d, 0x00, 0x00, 0x00, 0x00, 0x00, 0x00, 0x00, 0x00, 0x00, 0x00, 0x00, 0x00,
0x00, 0x00, 0x00, 0x00, 0x00, 0x00, 0x00, 0x00, 0x00, 0x00, 0x00, 0x00, 0x00, 0x00, 0x00, 0x00, 0x00, 0x00, 0x00, 0x00, 0x00, 0x00, 0x00, 0x00, 0x00, 0x6e, 0x72, 0x70, 0x6f, 0x6f, 0x6f, 0x6f,
0x6f, 0x6f, 0x6f, 0x6f, 0x6f, 0x6f, 0x6f, 0x6f, 0x72, 0x6f, 0x69, 0x00, 0x00, 0x00, 0x00, 0x00, 0x00, 0x00, 0x00, 0x00, 0x00, 0x00, 0x00, 0x00, 0x00, 0x00, 0x00, 0x00, 0x00, 0x6e, 0x6f, 0x70,
0x6f, 0x6f, 0x6f, 0x6f, 0x6f, 0x6f, 0x6f, 0x6f, 0x6f, 0x6f, 0x6f, 0x6f, 0x6f, 0x6f, 0x6f, 0x00, 0x00, 0x00, 0x00, 0x00, 0x00, 0x00, 0x00, 0x00, 0x00, 0x00, 0x00, 0x00, 0x00, 0x00, 0x00, 0x00,
0x00, 0x00, 0x00, 0x00, 0x00, 0x00, 0x00, 0x00, 0x00, 0x00, 0x00, 0x00, 0x00, 0x00, 0x00, 0x00, 0x00, 0x00, 0x00, 0x00, 0x00, 0x00, 0x6a, 0x70, 0x73, 0x6f, 0x6f, 0x6f, 0x6f, 0x6f, 0x6f, 0x6f,
0x6f, 0x6f, 0x6f, 0x6f, 0x6f, 0x6f, 0x72, 0x6f, 0x6f, 0x00, 0x00, 0x00, 0x00, 0x00, 0x00, 0x00, 0x00, 0x00, 0x00, 0x00, 0x00, 0x00, 0x00, 0x00, 0x00, 0x00, 0x00, 0x00, 0x00, 0x00, 0x00, 0x6f,
0x6f, 0x73, 0x6f, 0x6f, 0x6f, 0x6f, 0x6f, 0x6f, 0x6f, 0x6f, 0x6f, 0x6f, 0x6f, 0x6f, 0x6f, 0x72, 0x6f, 0x73, 0x00, 0x00, 0x00, 0x00, 0x00, 0x00, 0x00, 0x00, 0x00, 0x00, 0x00, 0x00, 0x00, 0x00,
0x00, 0x00, 0x00, 0x00, 0x00, 0x00, 0x00, 0x00, 0x6f, 0x6f, 0x72, 0x6f, 0x6f, 0x6f, 0x6f, 0x6f, 0x6f, 0x6f, 0x6f, 0x6f, 0x6f, 0x6f, 0x6f, 0x6f, 0x70, 0x6f, 
/* -50- */
0x00, 0x6d, 0x75, 0x6f, 0x6f, 0x6f, 0x6f, 0x6f, 0x6f, 0x6f, 0x6f, 0x6f, 0x6f, 0x6f, 0x6f, 0x6f, 0x6f, 0x72, 0x6f, 0x6f, 0x00, 0x00, 0x00, 0x00, 0x00, 0x00, 0x00, 0x00, 0x00, 0x00, 0x00, 0x00,
0x00, 0x00, 0x00, 0x00, 0x00, 0x00, 0x00, 0x00, 0x00, 0x00, 0x00, 0x00, 0x00, 0x00, 0x00, 0x00, 0x00, 0x00, 0x00, 0x00, 0x00, 0x00, 0x00, 0x00, 0x00, 0x6f, 0x75, 0x6f, 0x6f, 0x6f, 0x6f, 0x6f,
0x6f, 0x6f, 0x6f, 0x6f, 0x6f, 0x6f, 0x6f, 0x6f, 0x72, 0x6f, 0x69, 0x00, 0x00, 0x00, 0x00, 0x00, 0x00, 0x00, 0x00, 0x00, 0x00, 0x00, 0x00, 0x00, 0x00, 0x00, 0x00, 0x00, 0x00, 0x6e, 0x6f, 0x70,
0x6f, 0x6f, 0x6f, 0x6f, 0x6f, 0x6f, 0x6f, 0x6f, 0x6f, 0x6f, 0x6f, 0x6f, 0x6f, 0x6f, 0x6f, 0x00, 0x00, 0x00, 0x00, 0x00, 0x00, 0x00, 0x00, 0x00, 0x00, 0x00, 0x00, 0x00, 0x00, 0x00, 0x00, 0x00,
0x00, 0x00, 0x00, 0x00, 0x00, 0x00, 0x00, 0x00, 0x00, 0x00, 0x00, 0x00, 0x00, 0x00, 0x00, 0x00, 0x00, 0x00, 0x00, 0x00, 0x00, 0x00, 0x6a, 0x70, 0x73, 0x6f, 0x6f, 0x6f, 0x6f, 0x6f, 0x6f, 0x6f,
0x6f, 0x6f, 0x6f, 0x6f, 0x6f, 0x6f, 0x72, 0x6f, 0x6f, 0x00, 0x00, 0x00, 0x00, 0x00, 0x00, 0x00, 0x00, 0x00, 0x00, 0x00, 0x00, 0x00, 0x00, 0x00, 0x00, 0x00, 0x00, 0x00, 0x00, 0x00, 0x00, 0x6f,
0x6f, 0x73, 0x6f, 0x6f, 0x6f, 0x6f, 0x6f, 0x6f, 0x6f, 0x6f, 0x6f, 0x6f, 0x6f, 0x6f, 0x6f, 0x72, 0x6f, 0x73, 0x00, 0x00, 0x00, 0x00, 0x00, 0x00, 0x00, 0x00, 0x00, 0x00, 0x00, 0x00, 0x00, 0x00,
0x00, 0x00, 0x00, 0x00, 0x00, 0x00, 0x00, 0x00, 0x6f, 0x6f, 0x72, 0x6f, 0x6f, 0x6f, 0x6f, 0x6f, 0x6f, 0x6f, 0x6f, 0x6f, 0x6f, 0x6f, 0x6f, 0x6f, 0x70, 0x6f, 
/* -51- */
0x00, 0x6f, 0x6f, 0x70, 0x6f, 0x6f, 0x6f, 0x6f, 0x6f, 0x6f, 0x6f, 0x6f, 0x6f, 0x6f, 0x6f, 0x6f, 0x6f, 0x70, 0x70, 0x70, 0x00, 0x00, 0x00, 0x00, 0x00, 0x00, 0x00, 0x00, 0x00, 0x00, 0x00, 0x00,
0x00, 0x00, 0x00, 0x00, 0x00, 0x00, 0x00, 0x00, 0x00, 0x00, 0x00, 0x00, 0x00, 0x00, 0x00, 0x00, 0x00, 0x00, 0x00, 0x00, 0x00, 0x00, 0x00, 0x00, 0x6e, 0x6f, 0x73, 0x6f, 0x6f, 0x6f, 0x6f, 0x6f,
0x6f, 0x6f, 0x6f, 0x6f, 0x6f, 0x6f, 0x6f, 0x6f, 0x72, 0x6f, 0x69, 0x00, 0x00, 0x00, 0x00, 0x00, 0x00, 0x00, 0x00, 0x00, 0x00, 0x00, 0x00, 0x00, 0x00, 0x00, 0x00, 0x00, 0x00, 0x6e, 0x6f, 0x70,
0x6f, 0x6f, 0x6f, 0x6f, 0x6f, 0x6f, 0x6f, 0x6f, 0x6f, 0x6f, 0x6f, 0x6f, 0x6f, 0x6f, 0x6f, 0x00, 0x00, 0x00, 0x00, 0x00, 0x00, 0x00, 0x00, 0x00, 0x00, 0x00, 0x00, 0x00, 0x00, 0x00, 0x00, 0x00,
0x00, 0x00, 0x00, 0x00, 0x00, 0x00, 0x00, 0x00, 0x00, 0x00, 0x00, 0x00, 0x00, 0x00, 0x00, 0x00, 0x00, 0x00, 0x00, 0x00, 0x00, 0x00, 0x6a, 0x70, 0x73, 0x6f, 0x6f, 0x6f, 0x6f, 0x6f, 0x6f, 0x6f,
0x6f, 0x6f, 0x6f, 0x6f, 0x6f, 0x6f, 0x72, 0x6f, 0x6f, 0x00, 0x00, 0x00, 0x00, 0x00, 0x00, 0x00, 0x00, 0x00, 0x00, 0x00, 0x00, 0x00, 0x00, 0x00, 0x00, 0x00, 0x00, 0x00, 0x00, 0x00, 0x00, 0x6f,
0x6f, 0x73, 0x6f, 0x6f, 0x6f, 0x6f, 0x6f, 0x6f, 0x6f, 0x6f, 0x6f, 0x6f, 0x6f, 0x6f, 0x6f, 0x72, 0x6f, 0x73, 0x00, 0x00, 0x00, 0x00, 0x00, 0x00, 0x00, 0x00, 0x00, 0x00, 0x00, 0x00, 0x00, 0x00,
0x00, 0x00, 0x00, 0x00, 0x00, 0x00, 0x00, 0x00, 0x6f, 0x6f, 0x72, 0x6f, 0x6f, 0x6f, 0x6f, 0x6f, 0x6f, 0x6f, 0x6f, 0x6f, 0x6f, 0x6f, 0x6f, 0x6f, 0x70, 0x6f, 
/* -52- */
0x00, 0x72, 0x6f, 0x72, 0x6f, 0x6f, 0x6f, 0x6f, 0x6f, 0x6f, 0x6f, 0x6f, 0x6f, 0x6f, 0x6f, 0x6f, 0x6f, 0x6f, 0x72, 0x6f, 0x00, 0x00, 0x00, 0x00, 0x00, 0x00, 0x00, 0x00, 0x00, 0x00, 0x00, 0x00,
0x00, 0x00, 0x00, 0x00, 0x00, 0x00, 0x00, 0x00, 0x00, 0x00, 0x00, 0x00, 0x00, 0x00, 0x00, 0x00, 0x00, 0x00, 0x00, 0x00, 0x00, 0x00, 0x00, 0x00, 0x6e, 0x71, 0x70, 0x6f, 0x6f, 0x6f, 0x6f, 0x6f,
0x6f, 0x6f, 0x6f, 0x6f, 0x6f, 0x6f, 0x6f, 0x6f, 0x72, 0x6f, 0x69, 0x00, 0x00, 0x00, 0x00, 0x00, 0x00, 0x00, 0x00, 0x00, 0x00, 0x00, 0x00, 0x00, 0x00, 0x00, 0x00, 0x00, 0x00, 0x6e, 0x6f, 0x70,
0x6f, 0x6f, 0x6f, 0x6f, 0x6f, 0x6f, 0x6f, 0x6f, 0x6f, 0x6f, 0x6f, 0x6f, 0x6f, 0x6f, 0x6f, 0x00, 0x00, 0x00, 0x00, 0x00, 0x00, 0x00, 0x00, 0x00, 0x00, 0x00, 0x00, 0x00, 0x00, 0x00, 0x00, 0x00,
0x00, 0x00, 0x00, 0x00, 0x00, 0x00, 0x00, 0x00, 0x00, 0x00, 0x00, 0x00, 0x00, 0x00, 0x00, 0x00, 0x00, 0x00, 0x00, 0x00, 0x00, 0x00, 0x6a, 0x70, 0x73, 0x6f, 0x6f, 0x6f, 0x6f, 0x6f, 0x6f, 0x6f,
0x6f, 0x6f, 0x6f, 0x6f, 0x6f, 0x6f, 0x72, 0x6f, 0x6f, 0x00, 0x00, 0x00, 0x00, 0x00, 0x00, 0x00, 0x00, 0x00, 0x00, 0x00, 0x00, 0x00, 0x00, 0x00, 0x00, 0x00, 0x00, 0x00, 0x00, 0x00, 0x00, 0x6f,
0x6f, 0x73, 0x6f, 0x6f, 0x6f, 0x6f, 0x6f, 0x6f, 0x6f, 0x6f, 0x6f, 0x6f, 0x6f, 0x6f, 0x6f, 0x72, 0x6f, 0x73, 0x00, 0x00, 0x00, 0x00, 0x00, 0x00, 0x00, 0x00, 0x00, 0x00, 0x00, 0x00, 0x00, 0x00,
0x00, 0x00, 0x00, 0x00, 0x00, 0x00, 0x00, 0x00, 0x6f, 0x6f, 0x72, 0x6f, 0x6f, 0x6f, 0x6f, 0x6f, 0x6f, 0x6f, 0x6f, 0x6f, 0x6f, 0x6f, 0x6f, 0x6f, 0x70, 0x6f, 
/* -53- */
0x00, 0x6d, 0x6f, 0x74, 0x6f, 0x6f, 0x6f, 0x6f, 0x6f, 0x6f, 0x6f, 0x6f, 0x6f, 0x6f, 0x6f, 0x6f, 0x6f, 0x6f, 0x70, 0x6f, 0x77, 0x00, 0x00, 0x00, 0x00, 0x00, 0x00, 0x00, 0x00, 0x00, 0x00, 0x00,
0x00, 0x00, 0x00, 0x00, 0x00, 0x00, 0x00, 0x00, 0x00, 0x00, 0x00, 0x00, 0x00, 0x00, 0x00, 0x00, 0x00, 0x00, 0x00, 0x00, 0x00, 0x00, 0x00, 0x6a, 0x70, 0x75, 0x6f, 0x6f, 0x6f, 0x6f, 0x6f, 0x6f,
0x6f, 0x6f, 0x6f, 0x6f, 0x6f, 0x6f, 0x6f, 0x6f, 0x72, 0x6f, 0x69, 0x00, 0x00, 0x00, 0x00, 0x00, 0x00, 0x00, 0x00, 0x00, 0x00, 0x00, 0x00, 0x00, 0x00, 0x00, 0x00, 0x00, 0x00, 0x6e, 0x6f, 0x70,
0x6f, 0x6f, 0x6f, 0x6f, 0x6f, 0x6f, 0x6f, 0x6f, 0x6f, 0x6f, 0x6f, 0x6f, 0x6f, 0x6f, 0x6f, 0x00, 0x00, 0x00, 0x00, 0x00, 0x00, 0x00, 0x00, 0x00, 0x00, 0x00, 0x00, 0x00, 0x00, 0x00, 0x00, 0x00,
0x00, 0x00, 0x00, 0x00, 0x00, 0x00, 0x00, 0x00, 0x00, 0x00, 0x00, 0x00, 0x00, 0x00, 0x00, 0x00, 0x00, 0x00, 0x00, 0x00, 0x00, 0x00, 0x6a, 0x6f, 0x73, 0x6f, 0x6f, 0x6f, 0x6f, 0x6f, 0x6f, 0x6f,
0x6f, 0x6f, 0x6f, 0x6f, 0x6f, 0x6f, 0x72, 0x6f, 0x6f, 0x00, 0x00, 0x00, 0x00, 0x00, 0x00, 0x00, 0x00, 0x00, 0x00, 0x00, 0x00, 0x00, 0x00, 0x00, 0x00, 0x00, 0x00, 0x00, 0x00, 0x00, 0x00, 0x6f,
0x6f, 0x73, 0x6f, 0x6f, 0x6f, 0x6f, 0x6f, 0x6f, 0x6f, 0x6f, 0x6f, 0x6f, 0x6f, 0x6f, 0x6f, 0x72, 0x6f, 0x73, 0x00, 0x00, 0x00, 0x00, 0x00, 0x00, 0x00, 0x00, 0x00, 0x00, 0x00, 0x00, 0x00, 0x00,
0x00, 0x00, 0x00, 0x00, 0x00, 0x00, 0x00, 0x00, 0x6f, 0x6f, 0x72, 0x6f, 0x6f, 0x6f, 0x6f, 0x6f, 0x6f, 0x6f, 0x6f, 0x6f, 0x6f, 0x6f, 0x6f, 0x6f, 0x70, 0x6f, 
/* -54- */
0x00, 0x55, 0x6e, 0x74, 0x6f, 0x6f, 0x6f, 0x6f, 0x6f, 0x6f, 0x6f, 0x6f, 0x6f, 0x6f, 0x6f, 0x6f, 0x6f, 0x6f, 0x6f, 0x6f, 0x6e, 0x00, 0x00, 0x00, 0x00, 0x00, 0x00, 0x00, 0x00, 0x00, 0x00, 0x00,
0x00, 0x00, 0x00, 0x00, 0x00, 0x00, 0x00, 0x00, 0x00, 0x00, 0x00, 0x00, 0x00, 0x00, 0x00, 0x00, 0x00, 0x00, 0x00, 0x00, 0x00, 0x00, 0x00, 0x71, 0x6f, 0x71, 0x6f, 0x6f, 0x6f, 0x6f, 0x6f, 0x6f,
0x6f, 0x6f, 0x6f, 0x6f, 0x6f, 0x6f, 0x6f, 0x6f, 0x72, 0x6f, 0x69, 0x00, 0x00, 0x00, 0x00, 0x00, 0x00, 0x00, 0x00, 0x00, 0x00, 0x00, 0x00, 0x00, 0x00, 0x00, 0x00, 0x00, 0x00, 0x6e, 0x6f, 0x70,
0x6f, 0x6f, 0x6f, 0x6f, 0x6f, 0x6f, 0x6f, 0x6f, 0x6f, 0x6f, 0x6f, 0x6f, 0x6f, 0x6f, 0x6f, 0x00, 0x00, 0x00, 0x00, 0x00, 0x00, 0x00, 0x00, 0x00, 0x00, 0x00, 0x00, 0x00, 0x00, 0x00, 0x00, 0x00,
0x00, 0x00, 0x00, 0x00, 0x00, 0x00, 0x00, 0x00, 0x00, 0x00, 0x00, 0x00, 0x00, 0x00, 0x00, 0x00, 0x00, 0x00, 0x00, 0x00, 0x00, 0x00, 0x6a, 0x6f, 0x73, 0x6f, 0x6f, 0x6f, 0x6f, 0x6f, 0x6f, 0x6f,
0x6f, 0x6f, 0x6f, 0x6f, 0x6f, 0x6f, 0x72, 0x6f, 0x6f, 0x00, 0x00, 0x00, 0x00, 0x00, 0x00, 0x00, 0x00, 0x00, 0x00, 0x00, 0x00, 0x00, 0x00, 0x00, 0x00, 0x00, 0x00, 0x00, 0x00, 0x00, 0x00, 0x6f,
0x6f, 0x73, 0x6f, 0x6f, 0x6f, 0x6f, 0x6f, 0x6f, 0x6f, 0x6f, 0x6f, 0x6f, 0x6f, 0x6f, 0x6f, 0x72, 0x6f, 0x73, 0x00, 0x00, 0x00, 0x00, 0x00, 0x00, 0x00, 0x00, 0x00, 0x00, 0x00, 0x00, 0x00, 0x00,
0x00, 0x00, 0x00, 0x00, 0x00, 0x00, 0x00, 0x00, 0x6f, 0x6f, 0x72, 0x6f, 0x6f, 0x6f, 0x6f, 0x6f, 0x6f, 0x6f, 0x6f, 0x6f, 0x6f, 0x6f, 0x6f, 0x6f, 0x70, 0x6f, 
/* -55- */
0x00, 0x00, 0x6d, 0x6f, 0x71, 0x6f, 0x6f, 0x6f, 0x6f, 0x6f, 0x6f, 0x6f, 0x6f, 0x6f, 0x6f, 0x6f, 0x6f, 0x6f, 0x6f, 0x71, 0x6f, 0xaa, 0x00, 0x00, 0x00, 0x00, 0x00, 0x00, 0x00, 0x00, 0x00, 0x00,
0x00, 0x00, 0x00, 0x00, 0x00, 0x00, 0x00, 0x00, 0x00, 0x00, 0x00, 0x00, 0x00, 0x00, 0x00, 0x00, 0x00, 0x00, 0x00, 0x00, 0x00, 0x00, 0x00, 0x6f, 0x72, 0x6f, 0x6f, 0x6f, 0x6f, 0x6f, 0x6f, 0x6f,
0x6f, 0x6f, 0x6f, 0x6f, 0x6f, 0x6f, 0x6f, 0x6f, 0x72, 0x6f, 0x69, 0x00, 0x00, 0x00, 0x00, 0x00, 0x00, 0x00, 0x00, 0x00, 0x00, 0x00, 0x00, 0x00, 0x00, 0x00, 0x00, 0x00, 0x00, 0x6e, 0x6f, 0x70,
0x6f, 0x6f, 0x6f, 0x6f, 0x6f, 0x6f, 0x6f, 0x6f, 0x6f, 0x6f, 0x6f, 0x6f, 0x6f, 0x6f, 0x6f, 0x00, 0x00, 0x00, 0x00, 0x00, 0x00, 0x00, 0x00, 0x00, 0x00, 0x00, 0x00, 0x00, 0x00, 0x00, 0x00, 0x00,
0x00, 0x00, 0x00, 0x00, 0x00, 0x00, 0x00, 0x00, 0x00, 0x00, 0x00, 0x00, 0x00, 0x00, 0x00, 0x00, 0x00, 0x00, 0x00, 0x00, 0x00, 0x00, 0x6a, 0x6f, 0x73, 0x6f, 0x6f, 0x6f, 0x6f, 0x6f, 0x6f, 0x6f,
0x6f, 0x6f, 0x6f, 0x6f, 0x6f, 0x6f, 0x72, 0x6f, 0x6f, 0x00, 0x00, 0x00, 0x00, 0x00, 0x00, 0x00, 0x00, 0x00, 0x00, 0x00, 0x00, 0x00, 0x00, 0x00, 0x00, 0x00, 0x00, 0x00, 0x00, 0x00, 0x00, 0x6f,
0x6f, 0x73, 0x6f, 0x6f, 0x6f, 0x6f, 0x6f, 0x6f, 0x6f, 0x6f, 0x6f, 0x6f, 0x6f, 0x6f, 0x6f, 0x72, 0x6f, 0x73, 0x00, 0x00, 0x00, 0x00, 0x00, 0x00, 0x00, 0x00, 0x00, 0x00, 0x00, 0x00, 0x00, 0x00,
0x00, 0x00, 0x00, 0x00, 0x00, 0x00, 0x00, 0x00, 0x6f, 0x6f, 0x72, 0x6f, 0x6f, 0x6f, 0x6f, 0x6f, 0x6f, 0x6f, 0x6f, 0x6f, 0x6f, 0x6f, 0x6f, 0x6f, 0x70, 0x6f, 
/* -56- */
0x00, 0x00, 0x6f, 0x6f, 0x73, 0x6f, 0x6f, 0x6f, 0x6f, 0x6f, 0x6f, 0x6f, 0x6f, 0x6f, 0x6f, 0x6f, 0x6f, 0x6f, 0x6f, 0x71, 0x6f, 0x70, 0x00, 0x00, 0x00, 0x00, 0x00, 0x00, 0x00, 0x00, 0x00, 0x00,
0x00, 0x00, 0x00, 0x00, 0x00, 0x00, 0x00, 0x00, 0x00, 0x00, 0x00, 0x00, 0x00, 0x00, 0x00, 0x00, 0x00, 0x00, 0x00, 0x00, 0x00, 0x00, 0x6b, 0x6f, 0x70, 0x6f, 0x6f, 0x6f, 0x6f, 0x6f, 0x6f, 0x6f,
0x6f, 0x6f, 0x6f, 0x6f, 0x6f, 0x6f, 0x6f, 0x6f, 0x72, 0x6f, 0x69, 0x00, 0x00, 0x00, 0x00, 0x00, 0x00, 0x00, 0x00, 0x00, 0x00, 0x00, 0x00, 0x00, 0x00, 0x00, 0x00, 0x00, 0x00, 0x6e, 0x6f, 0x70,
0x6f, 0x6f, 0x6f, 0x6f, 0x6f, 0x6f, 0x6f, 0x6f, 0x6f, 0x6f, 0x6f, 0x6f, 0x6f, 0x6f, 0x6f, 0x00, 0x00, 0x00, 0x00, 0x00, 0x00, 0x00, 0x00, 0x00, 0x00, 0x00, 0x00, 0x00, 0x00, 0x00, 0x00, 0x00,
0x00, 0x00, 0x00, 0x00, 0x00, 0x00, 0x00, 0x00, 0x00, 0x00, 0x00, 0x00, 0x00, 0x00, 0x00, 0x00, 0x00, 0x00, 0x00, 0x00, 0x00, 0x00, 0x6a, 0x6f, 0x73, 0x6f, 0x6f, 0x6f, 0x6f, 0x6f, 0x6f, 0x6f,
0x6f, 0x6f, 0x6f, 0x6f, 0x6f, 0x6f, 0x72, 0x6f, 0x6f, 0x00, 0x00, 0x00, 0x00, 0x00, 0x00, 0x00, 0x00, 0x00, 0x00, 0x00, 0x00, 0x00, 0x00, 0x00, 0x00, 0x00, 0x00, 0x00, 0x00, 0x00, 0x00, 0x6f,
0x6f, 0x73, 0x6f, 0x6f, 0x6f, 0x6f, 0x6f, 0x6f, 0x6f, 0x6f, 0x6f, 0x6f, 0x6f, 0x6f, 0x6f, 0x72, 0x6f, 0x73, 0x00, 0x00, 0x00, 0x00, 0x00, 0x00, 0x00, 0x00, 0x00, 0x00, 0x00, 0x00, 0x00, 0x00,
0x00, 0x00, 0x00, 0x00, 0x00, 0x00, 0x00, 0x00, 0x6f, 0x6f, 0x72, 0x6f, 0x6f, 0x6f, 0x6f, 0x6f, 0x6f, 0x6f, 0x6f, 0x6f, 0x6f, 0x6f, 0x6f, 0x6f, 0x70, 0x6f, 
/* -57- */
0x00, 0x00, 0x00, 0x6f, 0x72, 0x6f, 0x6f, 0x6f, 0x6f, 0x6f, 0x6f, 0x6f, 0x6f, 0x6f, 0x6f, 0x6f, 0x6f, 0x6f, 0x6f, 0x6f, 0x72, 0x6f, 0x6e, 0x00, 0x00, 0x00, 0x00, 0x00, 0x00, 0x00, 0x00, 0x00,
0x00, 0x00, 0x00, 0x00, 0x00, 0x00, 0x00, 0x00, 0x00, 0x00, 0x00, 0x00, 0x00, 0x00, 0x00, 0x00, 0x00, 0x00, 0x00, 0x00, 0x00, 0x00, 0x6f, 0x70, 0x6f, 0x6f, 0x6f, 0x6f, 0x6f, 0x6f, 0x6f, 0x6f,
0x6f, 0x6f, 0x6f, 0x6f, 0x6f, 0x6f, 0x6f, 0x6f, 0x72, 0x6f, 0x69, 0x00, 0x00, 0x00, 0x00, 0x00, 0x00, 0x00, 0x00, 0x00, 0x00, 0x00, 0x00, 0x00, 0x00, 0x00, 0x00, 0x00, 0x00, 0x6e, 0x6f, 0x70,
0x6f, 0x6f, 0x6f, 0x6f, 0x6f, 0x6f, 0x6f, 0x6f, 0x6f, 0x6f, 0x6f, 0x6f, 0x6f, 0x6f, 0x6f, 0x00, 0x00, 0x00, 0x00, 0x00, 0x00, 0x00, 0x00, 0x00, 0x00, 0x00, 0x00, 0x00, 0x00, 0x00, 0x00, 0x00,
0x00, 0x00, 0x00, 0x00, 0x00, 0x00, 0x00, 0x00, 0x00, 0x00, 0x00, 0x00, 0x00, 0x00, 0x00, 0x00, 0x00, 0x00, 0x00, 0x00, 0x00, 0x00, 0x75, 0x6e, 0x73, 0x6f, 0x6f, 0x6f, 0x6f, 0x6f, 0x6f, 0x6f,
0x6f, 0x6f, 0x6f, 0x6f, 0x6f, 0x6f, 0x72, 0x6f, 0x6f, 0x00, 0x00, 0x00, 0x00, 0x00, 0x00, 0x00, 0x00, 0x00, 0x00, 0x00, 0x00, 0x00, 0x00, 0x00, 0x00, 0x00, 0x00, 0x00, 0x00, 0x00, 0x00, 0x6f,
0x6f, 0x73, 0x6f, 0x6f, 0x6f, 0x6f, 0x6f, 0x6f, 0x6f, 0x6f, 0x6f, 0x6f, 0x6f, 0x6f, 0x6f, 0x72, 0x6f, 0x73, 0x00, 0x00, 0x00, 0x00, 0x00, 0x00, 0x00, 0x00, 0x00, 0x00, 0x00, 0x00, 0x00, 0x00,
0x00, 0x00, 0x00, 0x00, 0x00, 0x00, 0x00, 0x00, 0x6f, 0x6f, 0x72, 0x6f, 0x6f, 0x6f, 0x6f, 0x6f, 0x6f, 0x6f, 0x6f, 0x6f, 0x6f, 0x6f, 0x6f, 0x6f, 0x70, 0x6f, 
/* -58- */
0x00, 0x00, 0x00, 0x70, 0x6f, 0x71, 0x6f, 0x6f, 0x6f, 0x6f, 0x6f, 0x6f, 0x6f, 0x6f, 0x6f, 0x6f, 0x6f, 0x6f, 0x6f, 0x6f, 0x70, 0x72, 0x6f, 0x71, 0x00, 0x00, 0x00, 0x00, 0x00, 0x00, 0x00, 0x00,
0x00, 0x00, 0x00, 0x00, 0x00, 0x00, 0x00, 0x00, 0x00, 0x00, 0x00, 0x00, 0x00, 0x00, 0x00, 0x00, 0x00, 0x00, 0x00, 0x00, 0x00, 0x6f, 0x6f, 0x71, 0x6f, 0x6f, 0x6f, 0x6f, 0x6f, 0x6f, 0x6f, 0x6f,
0x6f, 0x6f, 0x6f, 0x6f, 0x6f, 0x6f, 0x6f, 0x6f, 0x72, 0x6f, 0x69, 0x00, 0x00, 0x00, 0x00, 0x00, 0x00, 0x00, 0x00, 0x00, 0x00, 0x00, 0x00, 0x00, 0x00, 0x00, 0x00, 0x00, 0x00, 0x6e, 0x6f, 0x70,
0x6f, 0x6f, 0x6f, 0x6f, 0x6f, 0x6f, 0x6f, 0x6f, 0x6f, 0x6f, 0x6f, 0x6f, 0x6f, 0x6f, 0x6f, 0x00, 0x00, 0x00, 0x00, 0x00, 0x00, 0x00, 0x00, 0x00, 0x00, 0x00, 0x00, 0x00, 0x00, 0x00, 0x00, 0x00,
0x00, 0x00, 0x00, 0x00, 0x00, 0x00, 0x00, 0x00, 0x00, 0x00, 0x00, 0x00, 0x00, 0x00, 0x00, 0x00, 0x00, 0x00, 0x00, 0x00, 0x00, 0x00, 0x75, 0x6e, 0x73, 0x6f, 0x6f, 0x6f, 0x6f, 0x6f, 0x6f, 0x6f,
0x6f, 0x6f, 0x6f, 0x6f, 0x6f, 0x6f, 0x72, 0x6f, 0x6f, 0x00, 0x00, 0x00, 0x00, 0x00, 0x00, 0x00, 0x00, 0x00, 0x00, 0x00, 0x00, 0x00, 0x00, 0x00, 0x00, 0x00, 0x00, 0x00, 0x00, 0x00, 0x00, 0x6f,
0x6f, 0x73, 0x6f, 0x6f, 0x6f, 0x6f, 0x6f, 0x6f, 0x6f, 0x6f, 0x6f, 0x6f, 0x6f, 0x6f, 0x6f, 0x72, 0x6f, 0x73, 0x00, 0x00, 0x00, 0x00, 0x00, 0x00, 0x00, 0x00, 0x00, 0x00, 0x00, 0x00, 0x00, 0x00,
0x00, 0x00, 0x00, 0x00, 0x00, 0x00, 0x00, 0x00, 0x6f, 0x6f, 0x72, 0x6f, 0x6f, 0x6f, 0x6f, 0x6f, 0x6f, 0x6f, 0x6f, 0x6f, 0x6f, 0x6f, 0x6f, 0x6f, 0x70, 0x6f, 
/* -59- */
0x00, 0x00, 0x00, 0x71, 0x6f, 0x71, 0x6f, 0x6f, 0x6f, 0x6f, 0x6f, 0x6f, 0x6f, 0x6f, 0x6f, 0x6f, 0x6f, 0x6f, 0x6f, 0x6f, 0x6f, 0x71, 0x72, 0x6f, 0x00, 0x00, 0x00, 0x00, 0x00, 0x00, 0x00, 0x00,
0x00, 0x00, 0x00, 0x00, 0x00, 0x00, 0x00, 0x00, 0x00, 0x00, 0x00, 0x00, 0x00, 0x00, 0x00, 0x00, 0x00, 0x00, 0x00, 0x00, 0x6f, 0x6f, 0x72, 0x6f, 0x6f, 0x6f, 0x6f, 0x6f, 0x6f, 0x6f, 0x6f, 0x6f,
0x6f, 0x6f, 0x6f, 0x6f, 0x6f, 0x6f, 0x6f, 0x6f, 0x72, 0x6f, 0x69, 0x00, 0x00, 0x00, 0x00, 0x00, 0x00, 0x00, 0x00, 0x00, 0x00, 0x00, 0x00, 0x00, 0x00, 0x00, 0x00, 0x00, 0x00, 0x6e, 0x6f, 0x70,
0x6f, 0x6f, 0x6f, 0x6f, 0x6f, 0x6f, 0x6f, 0x6f, 0x6f, 0x6f, 0x6f, 0x6f, 0x6f, 0x6f, 0x6f, 0x00, 0x00, 0x00, 0x00, 0x00, 0x00, 0x00, 0x00, 0x00, 0x00, 0x00, 0x00, 0x00, 0x00, 0x00, 0x00, 0x00,
0x00, 0x00, 0x00, 0x00, 0x00, 0x00, 0x00, 0x00, 0x00, 0x00, 0x00, 0x00, 0x00, 0x00, 0x00, 0x00, 0x00, 0x00, 0x00, 0x00, 0x00, 0x00, 0x75, 0x6e, 0x73, 0x6f, 0x6f, 0x6f, 0x6f, 0x6f, 0x6f, 0x6f,
0x6f, 0x6f, 0x6f, 0x6f, 0x6f, 0x6f, 0x72, 0x6f, 0x6f, 0x00, 0x00, 0x00, 0x00, 0x00, 0x00, 0x00, 0x00, 0x00, 0x00, 0x00, 0x00, 0x00, 0x00, 0x00, 0x00, 0x00, 0x00, 0x00, 0x00, 0x00, 0x00, 0x6f,
0x6f, 0x73, 0x6f, 0x6f, 0x6f, 0x6f, 0x6f, 0x6f, 0x6f, 0x6f, 0x6f, 0x6f, 0x6f, 0x6f, 0x6f, 0x72, 0x6f, 0x73, 0x00, 0x00, 0x00, 0x00, 0x00, 0x00, 0x00, 0x00, 0x00, 0x00, 0x00, 0x00, 0x00, 0x00,
0x00, 0x00, 0x00, 0x00, 0x00, 0x00, 0x00, 0x00, 0x6f, 0x6f, 0x72, 0x6f, 0x6f, 0x6f, 0x6f, 0x6f, 0x6f, 0x6f, 0x6f, 0x6f, 0x6f, 0x6f, 0x6f, 0x6f, 0x70, 0x6f, 
/* -60- */
0x00, 0x00, 0x00, 0x00, 0x6e, 0x70, 0x6f, 0x6f, 0x6f, 0x6f, 0x6f, 0x6f, 0x6f, 0x6f, 0x6f, 0x6f, 0x6f, 0x6f, 0x6f, 0x6f, 0x6f, 0x6f, 0x72, 0x6e, 0x6f, 0x00, 0x00, 0x00, 0x00, 0x00, 0x00, 0x00,
0x00, 0x00, 0x00, 0x00, 0x00, 0x00, 0x00, 0x00, 0x00, 0x00, 0x00, 0x00, 0x00, 0x00, 0x00, 0x00, 0x00, 0x00, 0x00, 0x6d, 0x6f, 0x72, 0x6f, 0x6f, 0x6f, 0x6f, 0x6f, 0x6f, 0x6f, 0x6f, 0x6f, 0x6f,
0x6f, 0x6f, 0x6f, 0x6f, 0x6f, 0x6f, 0x6f, 0x6f, 0x72, 0x6f, 0x69, 0x00, 0x00, 0x00, 0x00, 0x00, 0x00, 0x00, 0x00, 0x00, 0x00, 0x00, 0x00, 0x00, 0x00, 0x00, 0x00, 0x00, 0x00, 0x6e, 0x6f, 0x70,
0x6f, 0x6f, 0x6f, 0x6f, 0x6f, 0x6f, 0x6f, 0x6f, 0x6f, 0x6f, 0x6f, 0x6f, 0x6f, 0x6f, 0x6f, 0x00, 0x00, 0x00, 0x00, 0x00, 0x00, 0x00, 0x00, 0x00, 0x00, 0x00, 0x00, 0x00, 0x00, 0x00, 0x00, 0x00,
0x00, 0x00, 0x00, 0x00, 0x00, 0x00, 0x00, 0x00, 0x00, 0x00, 0x00, 0x00, 0x00, 0x00, 0x00, 0x00, 0x00, 0x00, 0x00, 0x00, 0x00, 0x00, 0x75, 0x6e, 0x73, 0x6f, 0x6f, 0x6f, 0x6f, 0x6f, 0x6f, 0x6f,
0x6f, 0x6f, 0x6f, 0x6f, 0x6f, 0x6f, 0x72, 0x6f, 0x6f, 0x00, 0x00, 0x00, 0x00, 0x00, 0x00, 0x00, 0x00, 0x00, 0x00, 0x00, 0x00, 0x00, 0x00, 0x00, 0x00, 0x00, 0x00, 0x00, 0x00, 0x00, 0x00, 0x6f,
0x6f, 0x73, 0x6f, 0x6f, 0x6f, 0x6f, 0x6f, 0x6f, 0x6f, 0x6f, 0x6f, 0x6f, 0x6f, 0x6f, 0x6f, 0x72, 0x6f, 0x73, 0x00, 0x00, 0x00, 0x00, 0x00, 0x00, 0x00, 0x00, 0x00, 0x00, 0x00, 0x00, 0x00, 0x00,
0x00, 0x00, 0x00, 0x00, 0x00, 0x00, 0x00, 0x00, 0x6f, 0x6f, 0x72, 0x6f, 0x6f, 0x6f, 0x6f, 0x6f, 0x6f, 0x6f, 0x6f, 0x6f, 0x6f, 0x6f, 0x6f, 0x6f, 0x70, 0x6f, 
/* -61- */
0x00, 0x00, 0x00, 0x00, 0x6f, 0x6f, 0x6f, 0x6f, 0x6f, 0x6f, 0x6f, 0x6f, 0x6f, 0x6f, 0x6f, 0x6f, 0x6f, 0x6f, 0x6f, 0x6f, 0x6f, 0x6f, 0x6f, 0x71, 0x70, 0x70, 0xaa, 0x00, 0x00, 0x00, 0x00, 0x00,
0x00, 0x00, 0x00, 0x00, 0x00, 0x00, 0x00, 0x00, 0x00, 0x00, 0x00, 0x00, 0x00, 0x00, 0x00, 0x00, 0x00, 0x00, 0x6d, 0x6f, 0x72, 0x6f, 0x6f, 0x6f, 0x6f, 0x6f, 0x6f, 0x6f, 0x6f, 0x6f, 0x6f, 0x6f,
0x6f, 0x6f, 0x6f, 0x6f, 0x6f, 0x6f, 0x6f, 0x6f, 0x72, 0x6f, 0x69, 0x00, 0x00, 0x00, 0x00, 0x00, 0x00, 0x00, 0x00, 0x00, 0x00, 0x00, 0x00, 0x00, 0x00, 0x00, 0x00, 0x00, 0x00, 0x6e, 0x6f, 0x70,
0x6f, 0x6f, 0x6f, 0x6f, 0x6f, 0x6f, 0x6f, 0x6f, 0x6f, 0x6f, 0x6f, 0x6f, 0x6f, 0x6f, 0x6f, 0x00, 0x00, 0x00, 0x00, 0x00, 0x00, 0x00, 0x00, 0x00, 0x00, 0x00, 0x00, 0x00, 0x00, 0x00, 0x00, 0x00,
0x00, 0x00, 0x00, 0x00, 0x00, 0x00, 0x00, 0x00, 0x00, 0x00, 0x00, 0x00, 0x00, 0x00, 0x00, 0x00, 0x00, 0x00, 0x00, 0x00, 0x00, 0x00, 0x75, 0x6e, 0x73, 0x6f, 0x6f, 0x6f, 0x6f, 0x6f, 0x6f, 0x6f,
0x6f, 0x6f, 0x6f, 0x6f, 0x6f, 0x6f, 0x72, 0x6f, 0x6f, 0x00, 0x00, 0x00, 0x00, 0x00, 0x00, 0x00, 0x00, 0x00, 0x00, 0x00, 0x00, 0x00, 0x00, 0x00, 0x00, 0x00, 0x00, 0x00, 0x00, 0x00, 0x00, 0x6f,
0x6f, 0x73, 0x6f, 0x6f, 0x6f, 0x6f, 0x6f, 0x6f, 0x6f, 0x6f, 0x6f, 0x6f, 0x6f, 0x6f, 0x6f, 0x72, 0x6f, 0x73, 0x00, 0x00, 0x00, 0x00, 0x00, 0x00, 0x00, 0x00, 0x00, 0x00, 0x00, 0x00, 0x00, 0x00,
0x00, 0x00, 0x00, 0x00, 0x00, 0x00, 0x00, 0x00, 0x6f, 0x6f, 0x72, 0x6f, 0x6f, 0x6f, 0x6f, 0x6f, 0x6f, 0x6f, 0x6f, 0x6f, 0x6f, 0x6f, 0x6f, 0x6f, 0x70, 0x6f, 
/* -62- */
0x00, 0x00, 0x00, 0x00, 0x00, 0x6f, 0x73, 0x6f, 0x6f, 0x6f, 0x6f, 0x6f, 0x6f, 0x6f, 0x6f, 0x6f, 0x6f, 0x6f, 0x6f, 0x6f, 0x6f, 0x6f, 0x6f, 0x6f, 0x71, 0x6f, 0x6f, 0x6f, 0x00, 0x00, 0x00, 0x00,
0x00, 0x00, 0x00, 0x00, 0x00, 0x00, 0x00, 0x00, 0x00, 0x00, 0x00, 0x00, 0x00, 0x00, 0x00, 0x00, 0x6a, 0x6f, 0x6f, 0x71, 0x6f, 0x6f, 0x6f, 0x6f, 0x6f, 0x6f, 0x6f, 0x6f, 0x6f, 0x6f, 0x6f, 0x6f,
0x6f, 0x6f, 0x6f, 0x6f, 0x6f, 0x6f, 0x6f, 0x6f, 0x72, 0x6f, 0x69, 0x00, 0x00, 0x00, 0x00, 0x00, 0x00, 0x00, 0x00, 0x00, 0x00, 0x00, 0x00, 0x00, 0x00, 0x00, 0x00, 0x00, 0x00, 0x6e, 0x6f, 0x70,
0x6f, 0x6f, 0x6f, 0x6f, 0x6f, 0x6f, 0x6f, 0x6f, 0x6f, 0x6f, 0x6f, 0x6f, 0x6f, 0x6f, 0x6f, 0x00, 0x00, 0x00, 0x00, 0x00, 0x00, 0x00, 0x00, 0x00, 0x00, 0x00, 0x00, 0x00, 0x00, 0x00, 0x00, 0x00,
0x00, 0x00, 0x00, 0x00, 0x00, 0x00, 0x00, 0x00, 0x00, 0x00, 0x00, 0x00, 0x00, 0x00, 0x00, 0x00, 0x00, 0x00, 0x00, 0x00, 0x00, 0x00, 0x75, 0x6f, 0x73, 0x6f, 0x6f, 0x6f, 0x6f, 0x6f, 0x6f, 0x6f,
0x6f, 0x6f, 0x6f, 0x6f, 0x6f, 0x6f, 0x72, 0x6f, 0x6f, 0x00, 0x00, 0x00, 0x00, 0x00, 0x00, 0x00, 0x00, 0x00, 0x00, 0x00, 0x00, 0x00, 0x00, 0x00, 0x00, 0x00, 0x00, 0x00, 0x00, 0x00, 0x00, 0x6f,
0x6f, 0x73, 0x6f, 0x6f, 0x6f, 0x6f, 0x6f, 0x6f, 0x6f, 0x6f, 0x6f, 0x6f, 0x6f, 0x6f, 0x6f, 0x72, 0x6f, 0x73, 0x00, 0x00, 0x00, 0x00, 0x00, 0x00, 0x00, 0x00, 0x00, 0x00, 0x00, 0x00, 0x00, 0x00,
0x00, 0x00, 0x00, 0x00, 0x00, 0x00, 0x00, 0x00, 0x6f, 0x6f, 0x72, 0x6f, 0x6f, 0x6f, 0x6f, 0x6f, 0x6f, 0x6f, 0x6f, 0x6f, 0x6f, 0x6f, 0x6f, 0x6f, 0x70, 0x6f, 
/* -63- */
0x00, 0x00, 0x00, 0x00, 0x00, 0x6f, 0x70, 0x71, 0x6f, 0x6f, 0x6f, 0x6f, 0x6f, 0x6f, 0x6f, 0x6f, 0x6f, 0x6f, 0x6f, 0x6f, 0x6f, 0x6f, 0x6f, 0x6f, 0x6f, 0x71, 0x6f, 0x6f, 0x70, 0x00, 0x00, 0x00,
0x00, 0x00, 0x00, 0x00, 0x00, 0x00, 0x00, 0x00, 0x00, 0x00, 0x00, 0x00, 0x00, 0x00, 0x00, 0x6f, 0x6f, 0x70, 0x72, 0x6f, 0x6f, 0x6f, 0x6f, 0x6f, 0x6f, 0x6f, 0x6f, 0x6f, 0x6f, 0x6f, 0x6f, 0x6f,
0x6f, 0x6f, 0x6f, 0x6f, 0x6f, 0x6f, 0x6f, 0x6f, 0x72, 0x6f, 0x69, 0x00, 0x00, 0x00, 0x00, 0x00, 0x00, 0x00, 0x00, 0x00, 0x00, 0x00, 0x00, 0x00, 0x00, 0x00, 0x00, 0x00, 0x00, 0x6e, 0x6f, 0x70,
0x6f, 0x6f, 0x6f, 0x6f, 0x6f, 0x6f, 0x6f, 0x6f, 0x6f, 0x6f, 0x6f, 0x6f, 0x6f, 0x6f, 0x6f, 0x00, 0x00, 0x00, 0x00, 0x00, 0x00, 0x00, 0x00, 0x00, 0x00, 0x00, 0x00, 0x00, 0x00, 0x00, 0x00, 0x00,
0x00, 0x00, 0x00, 0x00, 0x00, 0x00, 0x00, 0x00, 0x00, 0x00, 0x00, 0x00, 0x00, 0x00, 0x00, 0x00, 0x00, 0x00, 0x00, 0x00, 0x00, 0x00, 0x75, 0x6f, 0x73, 0x6f, 0x6f, 0x6f, 0x6f, 0x6f, 0x6f, 0x6f,
0x6f, 0x6f, 0x6f, 0x6f, 0x6f, 0x6f, 0x72, 0x6f, 0x6f, 0x00, 0x00, 0x00, 0x00, 0x00, 0x00, 0x00, 0x00, 0x00, 0x00, 0x00, 0x00, 0x00, 0x00, 0x00, 0x00, 0x00, 0x00, 0x00, 0x00, 0x00, 0x00, 0x6f,
0x6f, 0x73, 0x6f, 0x6f, 0x6f, 0x6f, 0x6f, 0x6f, 0x6f, 0x6f, 0x6f, 0x6f, 0x6f, 0x6f, 0x6f, 0x72, 0x6f, 0x73, 0x00, 0x00, 0x00, 0x00, 0x00, 0x00, 0x00, 0x00, 0x00, 0x00, 0x00, 0x00, 0x00, 0x00,
0x00, 0x00, 0x00, 0x00, 0x00, 0x00, 0x00, 0x00, 0x6f, 0x6f, 0x72, 0x6f, 0x6f, 0x6f, 0x6f, 0x6f, 0x6f, 0x6f, 0x6f, 0x6f, 0x6f, 0x6f, 0x6f, 0x6f, 0x70, 0x6f, 
/* -64- */
0x00, 0x00, 0x00, 0x00, 0x00, 0x71, 0x6e, 0x73, 0x70, 0x6f, 0x6f, 0x6f, 0x6f, 0x6f, 0x6f, 0x6f, 0x6f, 0x6f, 0x6f, 0x6f, 0x6f, 0x6f, 0x6f, 0x6f, 0x6f, 0x6f, 0x70, 0x72, 0x70, 0x6f, 0x6f, 0x00,
0x00, 0x00, 0x00, 0x00, 0x00, 0x00, 0x00, 0x00, 0x00, 0x00, 0x00, 0x00, 0x00, 0x6e, 0x6f, 0x70, 0x72, 0x71, 0x6f, 0x6f, 0x6f, 0x6f, 0x6f, 0x6f, 0x6f, 0x6f, 0x6f, 0x6f, 0x6f, 0x6f, 0x6f, 0x6f,
0x6f, 0x6f, 0x6f, 0x6f, 0x6f, 0x6f, 0x6f, 0x6f, 0x72, 0x6f, 0x69, 0x00, 0x00, 0x00, 0x00, 0x00, 0x00, 0x00, 0x00, 0x00, 0x00, 0x00, 0x00, 0x00, 0x00, 0x00, 0x00, 0x00, 0x00, 0x6e, 0x6f, 0x70,
0x6f, 0x6f, 0x6f, 0x6f, 0x6f, 0x6f, 0x6f, 0x6f, 0x6f, 0x6f, 0x6f, 0x6f, 0x6f, 0x6f, 0x6f, 0x00, 0x00, 0x00, 0x00, 0x00, 0x00, 0x00, 0x00, 0x00, 0x00, 0x00, 0x00, 0x00, 0x00, 0x00, 0x00, 0x00,
0x00, 0x00, 0x00, 0x00, 0x00, 0x00, 0x00, 0x00, 0x00, 0x00, 0x00, 0x00, 0x00, 0x00, 0x00, 0x00, 0x00, 0x00, 0x00, 0x00, 0x00, 0x00, 0x75, 0x6f, 0x73, 0x6f, 0x6f, 0x6f, 0x6f, 0x6f, 0x6f, 0x6f,
0x6f, 0x6f, 0x6f, 0x6f, 0x6f, 0x6f, 0x72, 0x6f, 0x6f, 0x00, 0x00, 0x00, 0x00, 0x00, 0x00, 0x00, 0x00, 0x00, 0x00, 0x00, 0x00, 0x00, 0x00, 0x00, 0x00, 0x00, 0x00, 0x00, 0x00, 0x00, 0x00, 0x6f,
0x6f, 0x73, 0x6f, 0x6f, 0x6f, 0x6f, 0x6f, 0x6f, 0x6f, 0x6f, 0x6f, 0x6f, 0x6f, 0x6f, 0x6f, 0x72, 0x6f, 0x73, 0x00, 0x00, 0x00, 0x00, 0x00, 0x00, 0x00, 0x00, 0x00, 0x00, 0x00, 0x00, 0x00, 0x00,
0x00, 0x00, 0x00, 0x00, 0x00, 0x00, 0x00, 0x00, 0x6f, 0x6f, 0x72, 0x6f, 0x6f, 0x6f, 0x6f, 0x6f, 0x6f, 0x6f, 0x6f, 0x6f, 0x6f, 0x6f, 0x6f, 0x6f, 0x70, 0x6f, 
/* -65- */
0x00, 0x00, 0x00, 0x00, 0x00, 0x00, 0x70, 0x70, 0x73, 0x6f, 0x6f, 0x6f, 0x6f, 0x6f, 0x6f, 0x6f, 0x6f, 0x6f, 0x6f, 0x6f, 0x6f, 0x6f, 0x6f, 0x6f, 0x6f, 0x6f, 0x6f, 0x6f, 0x72, 0x70, 0x6f, 0x6f,
0x6f, 0x6b, 0x6e, 0x7f, 0x77, 0x6a, 0x6a, 0x77, 0x6d, 0x6c, 0x6e, 0x70, 0x6f, 0x6f, 0x70, 0x72, 0x6f, 0x6f, 0x6f, 0x6f, 0x6f, 0x6f, 0x6f, 0x6f, 0x6f, 0x6f, 0x6f, 0x6f, 0x6f, 0x6f, 0x6f, 0x6f,
0x6f, 0x6f, 0x6f, 0x6f, 0x6f, 0x6f, 0x6f, 0x6f, 0x72, 0x6f, 0x69, 0x00, 0x00, 0x00, 0x00, 0x00, 0x00, 0x00, 0x00, 0x00, 0x00, 0x00, 0x00, 0x00, 0x00, 0x00, 0x00, 0x00, 0x00, 0x6e, 0x6f, 0x70,
0x6f, 0x6f, 0x6f, 0x6f, 0x6f, 0x6f, 0x6f, 0x6f, 0x6f, 0x6f, 0x6f, 0x6f, 0x6f, 0x6f, 0x6f, 0x00, 0x00, 0x00, 0x00, 0x00, 0x00, 0x00, 0x00, 0x00, 0x00, 0x00, 0x00, 0x00, 0x00, 0x00, 0x00, 0x00,
0x00, 0x00, 0x00, 0x00, 0x00, 0x00, 0x00, 0x00, 0x00, 0x00, 0x00, 0x00, 0x00, 0x00, 0x00, 0x00, 0x00, 0x00, 0x00, 0x00, 0x00, 0x00, 0x75, 0x6f, 0x73, 0x6f, 0x6f, 0x6f, 0x6f, 0x6f, 0x6f, 0x6f,
0x6f, 0x6f, 0x6f, 0x6f, 0x6f, 0x6f, 0x72, 0x6f, 0x6f, 0x00, 0x00, 0x00, 0x00, 0x00, 0x00, 0x00, 0x00, 0x00, 0x00, 0x00, 0x00, 0x00, 0x00, 0x00, 0x00, 0x00, 0x00, 0x00, 0x00, 0x00, 0x00, 0x6f,
0x6f, 0x73, 0x6f, 0x6f, 0x6f, 0x6f, 0x6f, 0x6f, 0x6f, 0x6f, 0x6f, 0x6f, 0x6f, 0x6f, 0x6f, 0x72, 0x6f, 0x73, 0x00, 0x00, 0x00, 0x00, 0x00, 0x00, 0x00, 0x00, 0x00, 0x00, 0x00, 0x00, 0x00, 0x00,
0x00, 0x00, 0x00, 0x00, 0x00, 0x00, 0x00, 0x00, 0x6f, 0x6f, 0x72, 0x6f, 0x6f, 0x6f, 0x6f, 0x6f, 0x6f, 0x6f, 0x6f, 0x6f, 0x6f, 0x6f, 0x6f, 0x6f, 0x70, 0x6f, 
/* -66- */
0x00, 0x00, 0x00, 0x00, 0x00, 0x00, 0x00, 0x6f, 0x6f, 0x71, 0x6f, 0x6f, 0x6f, 0x6f, 0x6f, 0x6f, 0x6f, 0x6f, 0x6f, 0x6f, 0x6f, 0x6f, 0x6f, 0x6f, 0x6f, 0x6f, 0x6f, 0x6f, 0x6f, 0x70, 0x71, 0x71,
0x6f, 0x70, 0x6f, 0x6f, 0x6f, 0x6f, 0x6f, 0x6e, 0x6f, 0x6f, 0x70, 0x6f, 0x71, 0x71, 0x70, 0x6f, 0x6f, 0x6f, 0x6f, 0x6f, 0x6f, 0x6f, 0x6f, 0x6f, 0x6f, 0x6f, 0x6f, 0x6f, 0x6f, 0x6f, 0x6f, 0x6f,
0x6f, 0x6f, 0x6f, 0x6f, 0x6f, 0x6f, 0x6f, 0x6f, 0x72, 0x6f, 0x69, 0x00, 0x00, 0x00, 0x00, 0x00, 0x00, 0x00, 0x00, 0x00, 0x00, 0x00, 0x00, 0x00, 0x00, 0x00, 0x00, 0x00, 0x00, 0x6e, 0x6f, 0x70,
0x6f, 0x6f, 0x6f, 0x6f, 0x6f, 0x6f, 0x6f, 0x6f, 0x6f, 0x6f, 0x6f, 0x6f, 0x6f, 0x6f, 0x6f, 0x00, 0x00, 0x00, 0x00, 0x00, 0x00, 0x00, 0x00, 0x00, 0x00, 0x00, 0x00, 0x00, 0x00, 0x00, 0x00, 0x00,
0x00, 0x00, 0x00, 0x00, 0x00, 0x00, 0x00, 0x00, 0x00, 0x00, 0x00, 0x00, 0x00, 0x00, 0x00, 0x00, 0x00, 0x00, 0x00, 0x00, 0x00, 0x00, 0x68, 0x70, 0x73, 0x6f, 0x6f, 0x6f, 0x6f, 0x6f, 0x6f, 0x6f,
0x6f, 0x6f, 0x6f, 0x6f, 0x6f, 0x6f, 0x72, 0x6f, 0x6f, 0x00, 0x00, 0x00, 0x00, 0x00, 0x00, 0x00, 0x00, 0x00, 0x00, 0x00, 0x00, 0x00, 0x00, 0x00, 0x00, 0x00, 0x00, 0x00, 0x00, 0x00, 0x00, 0x6f,
0x6f, 0x73, 0x6f, 0x6f, 0x6f, 0x6f, 0x6f, 0x6f, 0x6f, 0x6f, 0x6f, 0x6f, 0x6f, 0x6f, 0x6f, 0x72, 0x6f, 0x73, 0x00, 0x00, 0x00, 0x00, 0x00, 0x00, 0x00, 0x00, 0x00, 0x00, 0x00, 0x00, 0x00, 0x00,
0x00, 0x00, 0x00, 0x00, 0x00, 0x00, 0x00, 0x00, 0x6f, 0x6f, 0x72, 0x6f, 0x6f, 0x6f, 0x6f, 0x6f, 0x6f, 0x6f, 0x6f, 0x6f, 0x6f, 0x6f, 0x6f, 0x6f, 0x70, 0x6f, 
/* -67- */
0x00, 0x00, 0x00, 0x00, 0x00, 0x00, 0x00, 0x6d, 0x6f, 0x72, 0x70, 0x6f, 0x6f, 0x6f, 0x6f, 0x6f, 0x6f, 0x6f, 0x6f, 0x6f, 0x6f, 0x6f, 0x6f, 0x6f, 0x6f, 0x6f, 0x6f, 0x6f, 0x6f, 0x6f, 0x6f, 0x6f,
0x6f, 0x6f, 0x70, 0x71, 0x71, 0x71, 0x71, 0x71, 0x70, 0x70, 0x6f, 0x6f, 0x6f, 0x6f, 0x6f, 0x6f, 0x6f, 0x6f, 0x6f, 0x6f, 0x6f, 0x6f, 0x6f, 0x6f, 0x6f, 0x6f, 0x6f, 0x6f, 0x6f, 0x6f, 0x6f, 0x6f,
0x6f, 0x6f, 0x6f, 0x6f, 0x6f, 0x6f, 0x6f, 0x6f, 0x72, 0x6f, 0x69, 0x00, 0x00, 0x00, 0x00, 0x00, 0x00, 0x00, 0x00, 0x00, 0x00, 0x00, 0x00, 0x00, 0x00, 0x00, 0x00, 0x00, 0x00, 0x6e, 0x6f, 0x70,
0x6f, 0x6f, 0x6f, 0x6f, 0x6f, 0x6f, 0x6f, 0x6f, 0x6f, 0x6f, 0x6f, 0x6f, 0x6f, 0x6f, 0x6f, 0x00, 0x00, 0x00, 0x00, 0x00, 0x00, 0x00, 0x00, 0x00, 0x00, 0x00, 0x00, 0x00, 0x00, 0x00, 0x00, 0x00,
0x00, 0x00, 0x00, 0x00, 0x00, 0x00, 0x00, 0x00, 0x00, 0x00, 0x00, 0x00, 0x00, 0x00, 0x00, 0x00, 0x00, 0x00, 0x00, 0x00, 0x00, 0x00, 0x68, 0x70, 0x73, 0x6f, 0x6f, 0x6f, 0x6f, 0x6f, 0x6f, 0x6f,
0x6f, 0x6f, 0x6f, 0x6f, 0x6f, 0x6f, 0x72, 0x6f, 0x6f, 0x00, 0x00, 0x00, 0x00, 0x00, 0x00, 0x00, 0x00, 0x00, 0x00, 0x00, 0x00, 0x00, 0x00, 0x00, 0x00, 0x00, 0x00, 0x00, 0x00, 0x00, 0x00, 0x6f,
0x6f, 0x73, 0x6f, 0x6f, 0x6f, 0x6f, 0x6f, 0x6f, 0x6f, 0x6f, 0x6f, 0x6f, 0x6f, 0x6f, 0x6f, 0x72, 0x6f, 0x73, 0x00, 0x00, 0x00, 0x00, 0x00, 0x00, 0x00, 0x00, 0x00, 0x00, 0x00, 0x00, 0x00, 0x00,
0x00, 0x00, 0x00, 0x00, 0x00, 0x00, 0x00, 0x00, 0x6f, 0x6f, 0x72, 0x6f, 0x6f, 0x6f, 0x6f, 0x6f, 0x6f, 0x6f, 0x6f, 0x6f, 0x6f, 0x6f, 0x6f, 0x6f, 0x70, 0x6f, 
/* -68- */
0x00, 0x00, 0x00, 0x00, 0x00, 0x00, 0x00, 0x00, 0x6e, 0x6f, 0x71, 0x6f, 0x6f, 0x6f, 0x6f, 0x6f, 0x6f, 0x6f, 0x6f, 0x6f, 0x6f, 0x6f, 0x6f, 0x6f, 0x6f, 0x6f, 0x6f, 0x6f, 0x6f, 0x6f, 0x6f, 0x6f,
0x6f, 0x6f, 0x6f, 0x6f, 0x6f, 0x6f, 0x6f, 0x6f, 0x6f, 0x6f, 0x6f, 0x6f, 0x6f, 0x6f, 0x6f, 0x6f, 0x6f, 0x6f, 0x6f, 0x6f, 0x6f, 0x6f, 0x6f, 0x6f, 0x6f, 0x6f, 0x6f, 0x6f, 0x6f, 0x6f, 0x6f, 0x6f,
0x6f, 0x6f, 0x6f, 0x6f, 0x6f, 0x6f, 0x6f, 0x6f, 0x72, 0x6f, 0x69, 0x00, 0x00, 0x00, 0x00, 0x00, 0x00, 0x00, 0x00, 0x00, 0x00, 0x00, 0x00, 0x00, 0x00, 0x00, 0x00, 0x00, 0x00, 0x6e, 0x6f, 0x70,
0x6f, 0x6f, 0x6f, 0x6f, 0x6f, 0x6f, 0x6f, 0x6f, 0x6f, 0x6f, 0x6f, 0x6f, 0x6f, 0x6f, 0x6f, 0x00, 0x00, 0x00, 0x00, 0x00, 0x00, 0x00, 0x00, 0x00, 0x00, 0x00, 0x00, 0x00, 0x00, 0x00, 0x00, 0x00,
0x00, 0x00, 0x00, 0x00, 0x00, 0x00, 0x00, 0x00, 0x00, 0x00, 0x00, 0x00, 0x00, 0x00, 0x00, 0x00, 0x00, 0x00, 0x00, 0x00, 0x00, 0x00, 0x68, 0x70, 0x73, 0x6f, 0x6f, 0x6f, 0x6f, 0x6f, 0x6f, 0x6f,
0x6f, 0x6f, 0x6f, 0x6f, 0x6f, 0x6f, 0x72, 0x6f, 0x6f, 0x00, 0x00, 0x00, 0x00, 0x00, 0x00, 0x00, 0x00, 0x00, 0x00, 0x00, 0x00, 0x00, 0x00, 0x00, 0x00, 0x00, 0x00, 0x00, 0x00, 0x00, 0x00, 0x6f,
0x6f, 0x73, 0x6f, 0x6f, 0x6f, 0x6f, 0x6f, 0x6f, 0x6f, 0x6f, 0x6f, 0x6f, 0x6f, 0x6f, 0x6f, 0x72, 0x6f, 0x73, 0x00, 0x00, 0x00, 0x00, 0x00, 0x00, 0x00, 0x00, 0x00, 0x00, 0x00, 0x00, 0x00, 0x00,
0x00, 0x00, 0x00, 0x00, 0x00, 0x00, 0x00, 0x00, 0x6f, 0x6f, 0x72, 0x6f, 0x6f, 0x6f, 0x6f, 0x6f, 0x6f, 0x6f, 0x6f, 0x6f, 0x6f, 0x6f, 0x6f, 0x6f, 0x70, 0x6f, 
/* -69- */
0x00, 0x00, 0x00, 0x00, 0x00, 0x00, 0x00, 0x00, 0x00, 0x70, 0x6f, 0x70, 0x6f, 0x6f, 0x6f, 0x6f, 0x6f, 0x6f, 0x6f, 0x6f, 0x6f, 0x6f, 0x6f, 0x6f, 0x6f, 0x6f, 0x6f, 0x6f, 0x6f, 0x6f, 0x6f, 0x6f,
0x6f, 0x6f, 0x6f, 0x6f, 0x6f, 0x6f, 0x6f, 0x6f, 0x6f, 0x6f, 0x6f, 0x6f, 0x6f, 0x6f, 0x6f, 0x6f, 0x6f, 0x6f, 0x6f, 0x6f, 0x6f, 0x6f, 0x6f, 0x6f, 0x6f, 0x6f, 0x6f, 0x6f, 0x6f, 0x6f, 0x6f, 0x6f,
0x6f, 0x6f, 0x6f, 0x6f, 0x6f, 0x6f, 0x6f, 0x6f, 0x72, 0x6f, 0x69, 0x00, 0x00, 0x00, 0x00, 0x00, 0x00, 0x00, 0x00, 0x00, 0x00, 0x00, 0x00, 0x00, 0x00, 0x00, 0x00, 0x00, 0x00, 0x6e, 0x6f, 0x70,
0x6f, 0x6f, 0x6f, 0x6f, 0x6f, 0x6f, 0x6f, 0x6f, 0x6f, 0x6f, 0x6f, 0x6f, 0x6f, 0x6f, 0x6f, 0x00, 0x00, 0x00, 0x00, 0x00, 0x00, 0x00, 0x00, 0x00, 0x00, 0x00, 0x00, 0x00, 0x00, 0x00, 0x00, 0x00,
0x00, 0x00, 0x00, 0x00, 0x00, 0x00, 0x00, 0x00, 0x00, 0x00, 0x00, 0x00, 0x00, 0x00, 0x00, 0x00, 0x00, 0x00, 0x00, 0x00, 0x00, 0x00, 0x68, 0x70, 0x73, 0x6f, 0x6f, 0x6f, 0x6f, 0x6f, 0x6f, 0x6f,
0x6f, 0x6f, 0x6f, 0x6f, 0x6f, 0x6f, 0x72, 0x6f, 0x6f, 0x00, 0x00, 0x00, 0x00, 0x00, 0x00, 0x00, 0x00, 0x00, 0x00, 0x00, 0x00, 0x00, 0x00, 0x00, 0x00, 0x00, 0x00, 0x00, 0x00, 0x00, 0x00, 0x6f,
0x6f, 0x73, 0x6f, 0x6f, 0x6f, 0x6f, 0x6f, 0x6f, 0x6f, 0x6f, 0x6f, 0x6f, 0x6f, 0x6f, 0x6f, 0x72, 0x6f, 0x73, 0x00, 0x00, 0x00, 0x00, 0x00, 0x00, 0x00, 0x00, 0x00, 0x00, 0x00, 0x00, 0x00, 0x00,
0x00, 0x00, 0x00, 0x00, 0x00, 0x00, 0x00, 0x00, 0x6f, 0x6f, 0x72, 0x6f, 0x6f, 0x6f, 0x6f, 0x6f, 0x6f, 0x6f, 0x6f, 0x6f, 0x6f, 0x6f, 0x6f, 0x6f, 0x70, 0x6f, 
/* -70- */
0x00, 0x00, 0x00, 0x00, 0x00, 0x00, 0x00, 0x00, 0x00, 0x00, 0x70, 0x6f, 0x71, 0x6f, 0x6f, 0x6f, 0x6f, 0x6f, 0x6f, 0x6f, 0x6f, 0x6f, 0x6f, 0x6f, 0x6f, 0x6f, 0x6f, 0x6f, 0x6f, 0x6f, 0x6f, 0x6f,
0x6f, 0x6f, 0x6f, 0x6f, 0x6f, 0x6f, 0x6f, 0x6f, 0x6f, 0x6f, 0x6f, 0x6f, 0x6f, 0x6f, 0x6f, 0x6f, 0x6f, 0x6f, 0x6f, 0x6f, 0x6f, 0x6f, 0x6f, 0x6f, 0x70, 0x70, 0x6f, 0x6f, 0x6f, 0x6f, 0x6f, 0x6f,
0x6f, 0x6f, 0x6f, 0x6f, 0x6f, 0x6f, 0x6f, 0x6f, 0x72, 0x6f, 0x69, 0x00, 0x00, 0x00, 0x00, 0x00, 0x00, 0x00, 0x00, 0x00, 0x00, 0x00, 0x00, 0x00, 0x00, 0x00, 0x00, 0x00, 0x00, 0x6e, 0x6f, 0x70,
0x6f, 0x6f, 0x6f, 0x6f, 0x6f, 0x6f, 0x6f, 0x6f, 0x6f, 0x6f, 0x6f, 0x6f, 0x6f, 0x6f, 0x6f, 0x00, 0x00, 0x00, 0x00, 0x00, 0x00, 0x00, 0x00, 0x00, 0x00, 0x00, 0x00, 0x00, 0x00, 0x00, 0x00, 0x00,
0x00, 0x00, 0x00, 0x00, 0x00, 0x00, 0x00, 0x00, 0x00, 0x00, 0x00, 0x00, 0x00, 0x00, 0x00, 0x00, 0x00, 0x00, 0x00, 0x00, 0x00, 0x00, 0x68, 0x70, 0x73, 0x6f, 0x6f, 0x6f, 0x6f, 0x6f, 0x6f, 0x6f,
0x6f, 0x6f, 0x6f, 0x6f, 0x6f, 0x6f, 0x72, 0x6f, 0x6f, 0x00, 0x00, 0x00, 0x00, 0x00, 0x00, 0x00, 0x00, 0x00, 0x00, 0x00, 0x00, 0x00, 0x00, 0x00, 0x00, 0x00, 0x00, 0x00, 0x00, 0x00, 0x00, 0x6f,
0x6f, 0x73, 0x6f, 0x6f, 0x6f, 0x6f, 0x6f, 0x6f, 0x6f, 0x6f, 0x6f, 0x6f, 0x6f, 0x6f, 0x6f, 0x72, 0x6f, 0x73, 0x00, 0x00, 0x00, 0x00, 0x00, 0x00, 0x00, 0x00, 0x00, 0x00, 0x00, 0x00, 0x00, 0x00,
0x00, 0x00, 0x00, 0x00, 0x00, 0x00, 0x00, 0x00, 0x6f, 0x6f, 0x72, 0x6f, 0x6f, 0x6f, 0x6f, 0x6f, 0x6f, 0x6f, 0x6f, 0x6f, 0x6f, 0x6f, 0x6f, 0x6f, 0x70, 0x6f, 
/* -71- */
0x00, 0x00, 0x00, 0x00, 0x00, 0x00, 0x00, 0x00, 0x00, 0x00, 0x00, 0x6e, 0x6f, 0x72, 0x6f, 0x6f, 0x6f, 0x6f, 0x6f, 0x6f, 0x6f, 0x6f, 0x6f, 0x6f, 0x6f, 0x6f, 0x6f, 0x6f, 0x6f, 0x6f, 0x6f, 0x6f,
0x6f, 0x6f, 0x6f, 0x6f, 0x6f, 0x6f, 0x6f, 0x6f, 0x6f, 0x6f, 0x6f, 0x6f, 0x6f, 0x6f, 0x6f, 0x6f, 0x6f, 0x6f, 0x6f, 0x6f, 0x6f, 0x6f, 0x6f, 0x70, 0x6f, 0x6f, 0x70, 0x6f, 0x6f, 0x6f, 0x6f, 0x6f,
0x6f, 0x6f, 0x6f, 0x6f, 0x6f, 0x6f, 0x6f, 0x6f, 0x72, 0x6f, 0x69, 0x00, 0x00, 0x00, 0x00, 0x00, 0x00, 0x00, 0x00, 0x00, 0x00, 0x00, 0x00, 0x00, 0x00, 0x00, 0x00, 0x00, 0x00, 0x6e, 0x6f, 0x70,
0x6f, 0x6f, 0x6f, 0x6f, 0x6f, 0x6f, 0x6f, 0x6f, 0x6f, 0x6f, 0x6f, 0x6f, 0x6f, 0x6f, 0x6f, 0x00, 0x00, 0x00, 0x00, 0x00, 0x00, 0x00, 0x00, 0x00, 0x00, 0x00, 0x00, 0x00, 0x00, 0x00, 0x00, 0x00,
0x00, 0x00, 0x00, 0x00, 0x00, 0x00, 0x00, 0x00, 0x00, 0x00, 0x00, 0x00, 0x00, 0x00, 0x00, 0x00, 0x00, 0x00, 0x00, 0x00, 0x00, 0x00, 0x68, 0x6f, 0x73, 0x6f, 0x6f, 0x6f, 0x6f, 0x6f, 0x6f, 0x6f,
0x6f, 0x6f, 0x6f, 0x6f, 0x6f, 0x6f, 0x72, 0x6f, 0x6f, 0x00, 0x00, 0x00, 0x00, 0x00, 0x00, 0x00, 0x00, 0x00, 0x00, 0x00, 0x00, 0x00, 0x00, 0x00, 0x00, 0x00, 0x00, 0x00, 0x00, 0x00, 0x00, 0x6f,
0x6f, 0x73, 0x6f, 0x6f, 0x6f, 0x6f, 0x6f, 0x6f, 0x6f, 0x6f, 0x6f, 0x6f, 0x6f, 0x6f, 0x6f, 0x72, 0x6f, 0x73, 0x00, 0x00, 0x00, 0x00, 0x00, 0x00, 0x00, 0x00, 0x00, 0x00, 0x00, 0x00, 0x00, 0x00,
0x00, 0x00, 0x00, 0x00, 0x00, 0x00, 0x00, 0x00, 0x6f, 0x6f, 0x72, 0x6f, 0x6f, 0x6f, 0x6f, 0x6f, 0x6f, 0x6f, 0x6f, 0x6f, 0x6f, 0x6f, 0x6f, 0x6f, 0x70, 0x6f, 
/* -72- */
0x00, 0x00, 0x00, 0x00, 0x00, 0x00, 0x00, 0x00, 0x00, 0x00, 0x00, 0x00, 0x6e, 0x71, 0x72, 0x6f, 0x6f, 0x6f, 0x6f, 0x6f, 0x6f, 0x6f, 0x6f, 0x6f, 0x6f, 0x6f, 0x6f, 0x6f, 0x6f, 0x6f, 0x6f, 0x6f,
0x6f, 0x6f, 0x6f, 0x6f, 0x6f, 0x6f, 0x6f, 0x6f, 0x6f, 0x6f, 0x6f, 0x6f, 0x6f, 0x6f, 0x6f, 0x6f, 0x6f, 0x6f, 0x6f, 0x6f, 0x6f, 0x6f, 0x70, 0x6f, 0x70, 0x6f, 0x72, 0x6f, 0x6f, 0x6f, 0x6f, 0x6f,
0x6f, 0x6f, 0x6f, 0x6f, 0x6f, 0x6f, 0x6f, 0x6f, 0x72, 0x6f, 0x69, 0x00, 0x00, 0x00, 0x00, 0x00, 0x00, 0x00, 0x00, 0x00, 0x00, 0x00, 0x00, 0x00, 0x00, 0x00, 0x00, 0x00, 0x00, 0x6e, 0x6f, 0x70,
0x6f, 0x6f, 0x6f, 0x6f, 0x6f, 0x6f, 0x6f, 0x6f, 0x6f, 0x6f, 0x6f, 0x6f, 0x6f, 0x6f, 0x6f, 0x00, 0x00, 0x00, 0x00, 0x00, 0x00, 0x00, 0x00, 0x00, 0x00, 0x00, 0x00, 0x00, 0x00, 0x00, 0x00, 0x00,
0x00, 0x00, 0x00, 0x00, 0x00, 0x00, 0x00, 0x00, 0x00, 0x00, 0x00, 0x00, 0x00, 0x00, 0x00, 0x00, 0x00, 0x00, 0x00, 0x00, 0x00, 0x00, 0x68, 0x6f, 0x73, 0x6f, 0x6f, 0x6f, 0x6f, 0x6f, 0x6f, 0x6f,
0x6f, 0x6f, 0x6f, 0x6f, 0x6f, 0x6f, 0x72, 0x6f, 0x6f, 0x00, 0x00, 0x00, 0x00, 0x00, 0x00, 0x00, 0x00, 0x00, 0x00, 0x00, 0x00, 0x00, 0x00, 0x00, 0x00, 0x00, 0x00, 0x00, 0x00, 0x00, 0x00, 0x6f,
0x6f, 0x73, 0x6f, 0x6f, 0x6f, 0x6f, 0x6f, 0x6f, 0x6f, 0x6f, 0x6f, 0x6f, 0x6f, 0x6f, 0x6f, 0x72, 0x6f, 0x73, 0x00, 0x00, 0x00, 0x00, 0x00, 0x00, 0x00, 0x00, 0x00, 0x00, 0x00, 0x00, 0x00, 0x00,
0x00, 0x00, 0x00, 0x00, 0x00, 0x00, 0x00, 0x00, 0x6f, 0x6f, 0x72, 0x6f, 0x6f, 0x6f, 0x6f, 0x6f, 0x6f, 0x6f, 0x6f, 0x6f, 0x6f, 0x6f, 0x6f, 0x6f, 0x70, 0x6f, 
/* -73- */
0x00, 0x00, 0x00, 0x00, 0x00, 0x00, 0x00, 0x00, 0x00, 0x00, 0x00, 0x00, 0x00, 0x6f, 0x70, 0x72, 0x6f, 0x6f, 0x6f, 0x6f, 0x6f, 0x6f, 0x6f, 0x6f, 0x6f, 0x6f, 0x6f, 0x6f, 0x6f, 0x6f, 0x6f, 0x6f,
0x6f, 0x6f, 0x6f, 0x6f, 0x6f, 0x6f, 0x6f, 0x6f, 0x6f, 0x6f, 0x6f, 0x6f, 0x6f, 0x6f, 0x6f, 0x6f, 0x6f, 0x6f, 0x6f, 0x6f, 0x6f, 0x70, 0x71, 0x6f, 0x6f, 0x6e, 0x73, 0x6f, 0x6f, 0x6f, 0x6f, 0x6f,
0x6f, 0x6f, 0x6f, 0x6f, 0x6f, 0x6f, 0x6f, 0x6f, 0x72, 0x6f, 0x69, 0x00, 0x00, 0x00, 0x00, 0x00, 0x00, 0x00, 0x00, 0x00, 0x00, 0x00, 0x00, 0x00, 0x00, 0x00, 0x00, 0x00, 0x00, 0x6e, 0x6f, 0x70,
0x6f, 0x6f, 0x6f, 0x6f, 0x6f, 0x6f, 0x6f, 0x6f, 0x6f, 0x6f, 0x6f, 0x6f, 0x6f, 0x6f, 0x6f, 0x00, 0x00, 0x00, 0x00, 0x00, 0x00, 0x00, 0x00, 0x00, 0x00, 0x00, 0x00, 0x00, 0x00, 0x00, 0x00, 0x00,
0x00, 0x00, 0x00, 0x00, 0x00, 0x00, 0x00, 0x00, 0x00, 0x00, 0x00, 0x00, 0x00, 0x00, 0x00, 0x00, 0x00, 0x00, 0x00, 0x00, 0x00, 0x00, 0x68, 0x6f, 0x73, 0x6f, 0x6f, 0x6f, 0x6f, 0x6f, 0x6f, 0x6f,
0x6f, 0x6f, 0x6f, 0x6f, 0x6f, 0x6f, 0x72, 0x6f, 0x6f, 0x00, 0x00, 0x00, 0x00, 0x00, 0x00, 0x00, 0x00, 0x00, 0x00, 0x00, 0x00, 0x00, 0x00, 0x00, 0x00, 0x00, 0x00, 0x00, 0x00, 0x00, 0x00, 0x6f,
0x6f, 0x73, 0x6f, 0x6f, 0x6f, 0x6f, 0x6f, 0x6f, 0x6f, 0x6f, 0x6f, 0x6f, 0x6f, 0x6f, 0x6f, 0x72, 0x6f, 0x73, 0x00, 0x00, 0x00, 0x00, 0x00, 0x00, 0x00, 0x00, 0x00, 0x00, 0x00, 0x00, 0x00, 0x00,
0x00, 0x00, 0x00, 0x00, 0x00, 0x00, 0x00, 0x00, 0x6f, 0x6f, 0x72, 0x6f, 0x6f, 0x6f, 0x6f, 0x6f, 0x6f, 0x6f, 0x6f, 0x6f, 0x6f, 0x6f, 0x6f, 0x6f, 0x70, 0x6f, 
/* -74- */
0x00, 0x00, 0x00, 0x00, 0x00, 0x00, 0x00, 0x00, 0x00, 0x00, 0x00, 0x00, 0x00, 0x00, 0x6d, 0x70, 0x72, 0x6f, 0x6f, 0x6f, 0x6f, 0x6f, 0x6f, 0x6f, 0x6f, 0x6f, 0x6f, 0x6f, 0x6f, 0x6f, 0x6f, 0x6f,
0x6f, 0x6f, 0x6f, 0x6f, 0x6f, 0x6f, 0x6f, 0x6f, 0x6f, 0x6f, 0x6f, 0x6f, 0x6f, 0x6f, 0x6f, 0x6f, 0x6f, 0x6f, 0x6f, 0x6f, 0x70, 0x6f, 0x6f, 0x63, 0x71, 0x6f, 0x73, 0x6f, 0x6f, 0x6f, 0x6f, 0x6f,
0x6f, 0x6f, 0x6f, 0x6f, 0x6f, 0x6f, 0x6f, 0x6f, 0x72, 0x6f, 0x69, 0x00, 0x00, 0x00, 0x00, 0x00, 0x00, 0x00, 0x00, 0x00, 0x00, 0x00, 0x00, 0x00, 0x00, 0x00, 0x00, 0x00, 0x00, 0x6e, 0x6f, 0x70,
0x6f, 0x6f, 0x6f, 0x6f, 0x6f, 0x6f, 0x6f, 0x6f, 0x6f, 0x6f, 0x6f, 0x6f, 0x6f, 0x6f, 0x6f, 0x00, 0x00, 0x00, 0x00, 0x00, 0x00, 0x00, 0x00, 0x00, 0x00, 0x00, 0x00, 0x00, 0x00, 0x00, 0x00, 0x00,
0x00, 0x00, 0x00, 0x00, 0x00, 0x00, 0x00, 0x00, 0x00, 0x00, 0x00, 0x00, 0x00, 0x00, 0x00, 0x00, 0x00, 0x00, 0x00, 0x00, 0x00, 0x00, 0x68, 0x6f, 0x73, 0x6f, 0x6f, 0x6f, 0x6f, 0x6f, 0x6f, 0x6f,
0x6f, 0x6f, 0x6f, 0x6f, 0x6f, 0x6f, 0x72, 0x6f, 0x6f, 0x00, 0x00, 0x00, 0x00, 0x00, 0x00, 0x00, 0x00, 0x00, 0x00, 0x00, 0x00, 0x00, 0x00, 0x00, 0x00, 0x00, 0x00, 0x00, 0x00, 0x00, 0x00, 0x6f,
0x6f, 0x73, 0x6f, 0x6f, 0x6f, 0x6f, 0x6f, 0x6f, 0x6f, 0x6f, 0x6f, 0x6f, 0x6f, 0x6f, 0x6f, 0x72, 0x6f, 0x73, 0x00, 0x00, 0x00, 0x00, 0x00, 0x00, 0x00, 0x00, 0x00, 0x00, 0x00, 0x00, 0x00, 0x00,
0x00, 0x00, 0x00, 0x00, 0x00, 0x00, 0x00, 0x00, 0x6f, 0x6f, 0x72, 0x6f, 0x6f, 0x6f, 0x6f, 0x6f, 0x6f, 0x6f, 0x6f, 0x6f, 0x6f, 0x6f, 0x6f, 0x6f, 0x70, 0x6f, 
/* -75- */
0x00, 0x00, 0x00, 0x00, 0x00, 0x00, 0x00, 0x00, 0x00, 0x00, 0x00, 0x00, 0x00, 0x00, 0x00, 0x6c, 0x70, 0x6f, 0x72, 0x70, 0x6f, 0x6f, 0x6f, 0x6f, 0x6f, 0x6f, 0x6f, 0x6f, 0x6f, 0x6f, 0x6f, 0x6f,
0x6f, 0x6f, 0x6f, 0x6f, 0x6f, 0x6f, 0x6f, 0x6f, 0x6f, 0x6f, 0x6f, 0x6f, 0x6f, 0x6f, 0x6f, 0x6f, 0x6f, 0x6f, 0x70, 0x72, 0x6f, 0x6e, 0x7f, 0x00, 0x71, 0x6f, 0x73, 0x6f, 0x6f, 0x6f, 0x6f, 0x6f,
0x6f, 0x6f, 0x6f, 0x6f, 0x6f, 0x6f, 0x6f, 0x6f, 0x72, 0x6f, 0x69, 0x00, 0x00, 0x00, 0x00, 0x00, 0x00, 0x00, 0x00, 0x00, 0x00, 0x00, 0x00, 0x00, 0x00, 0x00, 0x00, 0x00, 0x00, 0x6e, 0x6f, 0x70,
0x6f, 0x6f, 0x6f, 0x6f, 0x6f, 0x6f, 0x6f, 0x6f, 0x6f, 0x6f, 0x6f, 0x6f, 0x6f, 0x6f, 0x6f, 0x00, 0x00, 0x00, 0x00, 0x00, 0x00, 0x00, 0x00, 0x00, 0x00, 0x00, 0x00, 0x00, 0x00, 0x00, 0x00, 0x00,
0x00, 0x00, 0x00, 0x00, 0x00, 0x00, 0x00, 0x00, 0x00, 0x00, 0x00, 0x00, 0x00, 0x00, 0x00, 0x00, 0x00, 0x00, 0x00, 0x00, 0x00, 0x00, 0x71, 0x6f, 0x73, 0x6f, 0x6f, 0x6f, 0x6f, 0x6f, 0x6f, 0x6f,
0x6f, 0x6f, 0x6f, 0x6f, 0x6f, 0x6f, 0x72, 0x6f, 0x6f, 0x00, 0x00, 0x00, 0x00, 0x00, 0x00, 0x00, 0x00, 0x00, 0x00, 0x00, 0x00, 0x00, 0x00, 0x00, 0x00, 0x00, 0x00, 0x00, 0x00, 0x00, 0x00, 0x6f,
0x6f, 0x73, 0x6f, 0x6f, 0x6f, 0x6f, 0x6f, 0x6f, 0x6f, 0x6f, 0x6f, 0x6f, 0x6f, 0x6f, 0x6f, 0x72, 0x6f, 0x73, 0x00, 0x00, 0x00, 0x00, 0x00, 0x00, 0x00, 0x00, 0x00, 0x00, 0x00, 0x00, 0x00, 0x00,
0x00, 0x00, 0x00, 0x00, 0x00, 0x00, 0x00, 0x00, 0x6f, 0x6f, 0x72, 0x6f, 0x6f, 0x6f, 0x6f, 0x6f, 0x6f, 0x6f, 0x6f, 0x6f, 0x6f, 0x6f, 0x6f, 0x6f, 0x70, 0x6f, 
/* -76- */
0x00, 0x00, 0x00, 0x00, 0x00, 0x00, 0x00, 0x00, 0x00, 0x00, 0x00, 0x00, 0x00, 0x00, 0x00, 0x00, 0x00, 0x70, 0x6f, 0x70, 0x72, 0x70, 0x6f, 0x6f, 0x6f, 0x6f, 0x6f, 0x6f, 0x6f, 0x6f, 0x6f, 0x6f,
0x6f, 0x6f, 0x6f, 0x6f, 0x6f, 0x6f, 0x6f, 0x6f, 0x6f, 0x6f, 0x6f, 0x6f, 0x6f, 0x6f, 0x6f, 0x6f, 0x70, 0x72, 0x71, 0x6f, 0x6c, 0x00, 0x00, 0x00, 0x71, 0x6f, 0x73, 0x6f, 0x6f, 0x6f, 0x6f, 0x6f,
0x6f, 0x6f, 0x6f, 0x6f, 0x6f, 0x6f, 0x6f, 0x6f, 0x72, 0x6f, 0x69, 0x00, 0x00, 0x00, 0x00, 0x00, 0x00, 0x00, 0x00, 0x00, 0x00, 0x00, 0x00, 0x00, 0x00, 0x00, 0x00, 0x00, 0x00, 0x6e, 0x6f, 0x70,
0x6f, 0x6f, 0x6f, 0x6f, 0x6f, 0x6f, 0x6f, 0x6f, 0x6f, 0x6f, 0x6f, 0x6f, 0x6f, 0x6f, 0x6f, 0x00, 0x00, 0x00, 0x00, 0x00, 0x00, 0x00, 0x00, 0x00, 0x00, 0x00, 0x00, 0x00, 0x00, 0x00, 0x00, 0x00,
0x00, 0x00, 0x00, 0x00, 0x00, 0x00, 0x00, 0x00, 0x00, 0x00, 0x00, 0x00, 0x00, 0x00, 0x00, 0x00, 0x00, 0x00, 0x00, 0x00, 0x00, 0x00, 0x71, 0x6f, 0x73, 0x6f, 0x6f, 0x6f, 0x6f, 0x6f, 0x6f, 0x6f,
0x6f, 0x6f, 0x6f, 0x6f, 0x6f, 0x6f, 0x72, 0x6f, 0x6f, 0x00, 0x00, 0x00, 0x00, 0x00, 0x00, 0x00, 0x00, 0x00, 0x00, 0x00, 0x00, 0x00, 0x00, 0x00, 0x00, 0x00, 0x00, 0x00, 0x00, 0x00, 0x00, 0x6f,
0x6f, 0x73, 0x6f, 0x6f, 0x6f, 0x6f, 0x6f, 0x6f, 0x6f, 0x6f, 0x6f, 0x6f, 0x6f, 0x6f, 0x6f, 0x72, 0x6f, 0x73, 0x00, 0x00, 0x00, 0x00, 0x00, 0x00, 0x00, 0x00, 0x00, 0x00, 0x00, 0x00, 0x00, 0x00,
0x00, 0x00, 0x00, 0x00, 0x00, 0x00, 0x00, 0x00, 0x6f, 0x6f, 0x72, 0x6f, 0x6f, 0x6f, 0x6f, 0x6f, 0x6f, 0x6f, 0x6f, 0x6f, 0x6f, 0x6f, 0x6f, 0x6f, 0x70, 0x6f, 
/* -77- */
0x00, 0x00, 0x00, 0x00, 0x00, 0x00, 0x00, 0x00, 0x00, 0x00, 0x00, 0x00, 0x00, 0x00, 0x00, 0x00, 0x00, 0x00, 0x73, 0x6f, 0x70, 0x72, 0x73, 0x70, 0x6f, 0x6f, 0x6f, 0x6f, 0x6f, 0x6f, 0x6f, 0x6f,
0x6f, 0x6f, 0x6f, 0x6f, 0x6f, 0x6f, 0x6f, 0x6f, 0x6f, 0x6f, 0x6f, 0x6f, 0x6f, 0x6f, 0x6f, 0x72, 0x72, 0x6f, 0x6f, 0x6e, 0x00, 0x00, 0x00, 0x00, 0x71, 0x6f, 0x73, 0x6f, 0x6f, 0x6f, 0x6f, 0x6f,
0x6f, 0x6f, 0x6f, 0x6f, 0x6f, 0x6f, 0x6f, 0x6f, 0x72, 0x6f, 0x69, 0x00, 0x00, 0x00, 0x00, 0x00, 0x00, 0x00, 0x00, 0x00, 0x00, 0x00, 0x00, 0x00, 0x00, 0x00, 0x00, 0x00, 0x00, 0x6e, 0x6f, 0x71,
0x71, 0x71, 0x71, 0x71, 0x71, 0x71, 0x71, 0x71, 0x71, 0x71, 0x71, 0x71, 0x71, 0x70, 0x70, 0x00, 0x00, 0x00, 0x00, 0x00, 0x00, 0x00, 0x00, 0x00, 0x00, 0x00, 0x00, 0x00, 0x00, 0x00, 0x00, 0x00,
0x00, 0x00, 0x00, 0x00, 0x00, 0x00, 0x00, 0x00, 0x00, 0x00, 0x00, 0x00, 0x00, 0x00, 0x00, 0x00, 0x00, 0x00, 0x00, 0x00, 0x00, 0x00, 0x71, 0x6f, 0x75, 0x71, 0x71, 0x71, 0x71, 0x71, 0x71, 0x71,
0x71, 0x71, 0x71, 0x71, 0x71, 0x71, 0x74, 0x6f, 0x6f, 0x00, 0x00, 0x00, 0x00, 0x00, 0x00, 0x00, 0x00, 0x00, 0x00, 0x00, 0x00, 0x00, 0x00, 0x00, 0x00, 0x00, 0x00, 0x00, 0x00, 0x00, 0x00, 0x6f,
0x6f, 0x74, 0x71, 0x71, 0x71, 0x71, 0x71, 0x71, 0x71, 0x71, 0x71, 0x71, 0x71, 0x71, 0x71, 0x74, 0x6f, 0x73, 0x00, 0x00, 0x00, 0x00, 0x00, 0x00, 0x00, 0x00, 0x00, 0x00, 0x00, 0x00, 0x00, 0x00,
0x00, 0x00, 0x00, 0x00, 0x00, 0x00, 0x00, 0x00, 0x6d, 0x6e, 0x73, 0x71, 0x71, 0x71, 0x71, 0x71, 0x71, 0x71, 0x71, 0x71, 0x71, 0x71, 0x71, 0x71, 0x71, 0x6f, 
/* -78- */
0x00, 0x00, 0x00, 0x00, 0x00, 0x00, 0x00, 0x00, 0x00, 0x00, 0x00, 0x00, 0x00, 0x00, 0x00, 0x00, 0x00, 0x00, 0x00, 0x00, 0x6e, 0x70, 0x70, 0x6f, 0x74, 0x71, 0x6f, 0x6f, 0x6f, 0x6f, 0x6f, 0x6f,
0x6f, 0x6f, 0x6f, 0x6f, 0x6f, 0x6f, 0x6f, 0x6f, 0x6f, 0x6f, 0x6f, 0x6f, 0x70, 0x72, 0x73, 0x6f, 0x6e, 0x6e, 0x00, 0x00, 0x00, 0x00, 0x00, 0x00, 0x73, 0x6f, 0x79, 0x75, 0x75, 0x75, 0x75, 0x75,
0x75, 0x75, 0x75, 0x75, 0x75, 0x75, 0x75, 0x75, 0x79, 0x6f, 0x68, 0x00, 0x00, 0x00, 0x00, 0x00, 0x00, 0x00, 0x00, 0x00, 0x00, 0x00, 0x00, 0x00, 0x00, 0x00, 0x00, 0x00, 0x00, 0x6f, 0x6f, 0x6f,
0x6f, 0x6f, 0x6f, 0x6f, 0x6f, 0x6f, 0x6f, 0x6f, 0x6f, 0x6f, 0x6f, 0x6f, 0x6f, 0x6f, 0x6e, 0x00, 0x00, 0x00, 0x00, 0x00, 0x00, 0x00, 0x00, 0x00, 0x00, 0x00, 0x00, 0x00, 0x00, 0x00, 0x00, 0x00,
0x00, 0x00, 0x00, 0x00, 0x00, 0x00, 0x00, 0x00, 0x00, 0x00, 0x00, 0x00, 0x00, 0x00, 0x00, 0x00, 0x00, 0x00, 0x00, 0x00, 0x00, 0x00, 0x75, 0x6f, 0x71, 0x6f, 0x6f, 0x6f, 0x6f, 0x6f, 0x6f, 0x6f,
0x6f, 0x6f, 0x6f, 0x6f, 0x6f, 0x6f, 0x71, 0x6f, 0x6e, 0x00, 0x00, 0x00, 0x00, 0x00, 0x00, 0x00, 0x00, 0x00, 0x00, 0x00, 0x00, 0x00, 0x00, 0x00, 0x00, 0x00, 0x00, 0x00, 0x00, 0x00, 0x00, 0x6c,
0x6f, 0x71, 0x6f, 0x6f, 0x6f, 0x6f, 0x6f, 0x6f, 0x6f, 0x6f, 0x6f, 0x6f, 0x6f, 0x6f, 0x6f, 0x71, 0x6f, 0x6f, 0x00, 0x00, 0x00, 0x00, 0x00, 0x00, 0x00, 0x00, 0x00, 0x00, 0x00, 0x00, 0x00, 0x00,
0x00, 0x00, 0x00, 0x00, 0x00, 0x00, 0x00, 0x00, 0x71, 0x6f, 0x70, 0x6f, 0x6f, 0x6f, 0x6f, 0x6f, 0x6f, 0x6f, 0x6f, 0x6f, 0x6f, 0x6f, 0x6f, 0x6f, 0x6f, 0x6f, 
/* -79- */
0x00, 0x00, 0x00, 0x00, 0x00, 0x00, 0x00, 0x00, 0x00, 0x00, 0x00, 0x00, 0x00, 0x00, 0x00, 0x00, 0x00, 0x00, 0x00, 0x00, 0x00, 0x00, 0x6f, 0x70, 0x70, 0x6f, 0x70, 0x72, 0x71, 0x70, 0x6f, 0x6f,
0x6f, 0x6f, 0x6f, 0x6f, 0x6f, 0x6f, 0x6f, 0x6f, 0x6f, 0x70, 0x71, 0x72, 0x6f, 0x70, 0x6f, 0x6e, 0x00, 0x00, 0x00, 0x00, 0x00, 0x00, 0x00, 0x00, 0x6e, 0x70, 0x72, 0x6f, 0x6f, 0x6f, 0x6f, 0x6f,
0x6f, 0x6f, 0x6f, 0x6f, 0x6f, 0x6f, 0x6f, 0x6f, 0x72, 0x6d, 0x63, 0x00, 0x00, 0x00, 0x00, 0x00, 0x00, 0x00, 0x00, 0x00, 0x00, 0x00, 0x00, 0x00, 0x00, 0x00, 0x00, 0x00, 0x00, 0x6c, 0x6f, 0x70,
0x6e, 0x6e, 0x6e, 0x6e, 0x6e, 0x6e, 0x6e, 0x6e, 0x6e, 0x6e, 0x6e, 0x6e, 0x6e, 0x70, 0x6f, 0x00, 0x00, 0x00, 0x00, 0x00, 0x00, 0x00, 0x00, 0x00, 0x00, 0x00, 0x00, 0x00, 0x00, 0x00, 0x00, 0x00,
0x00, 0x00, 0x00, 0x00, 0x00, 0x00, 0x00, 0x00, 0x00, 0x00, 0x00, 0x00, 0x00, 0x00, 0x00, 0x00, 0x00, 0x00, 0x00, 0x00, 0x00, 0x00, 0x55, 0x6f, 0x6f, 0x6e, 0x6e, 0x6e, 0x6e, 0x6e, 0x6e, 0x6e,
0x6e, 0x6e, 0x6e, 0x6e, 0x6e, 0x6e, 0x6d, 0x6f, 0x71, 0x00, 0x00, 0x00, 0x00, 0x00, 0x00, 0x00, 0x00, 0x00, 0x00, 0x00, 0x00, 0x00, 0x00, 0x00, 0x00, 0x00, 0x00, 0x00, 0x00, 0x00, 0x00, 0x71,
0x70, 0x6f, 0x6e, 0x6e, 0x6e, 0x6e, 0x6e, 0x6e, 0x6e, 0x6e, 0x6e, 0x6e, 0x6e, 0x6e, 0x6e, 0x6d, 0x6e, 0x6a, 0x00, 0x00, 0x00, 0x00, 0x00, 0x00, 0x00, 0x00, 0x00, 0x00, 0x00, 0x00, 0x00, 0x00,
0x00, 0x00, 0x00, 0x00, 0x00, 0x00, 0x00, 0x00, 0x74, 0x70, 0x6d, 0x6e, 0x6e, 0x6e, 0x6e, 0x6e, 0x6e, 0x6e, 0x6e, 0x6e, 0x6e, 0x6e, 0x6e, 0x6e, 0x70, 0x6d, 
/* -80- */
0x00, 0x00, 0x00, 0x00, 0x00, 0x00, 0x00, 0x00, 0x00, 0x00, 0x00, 0x00, 0x00, 0x00, 0x00, 0x00, 0x00, 0x00, 0x00, 0x00, 0x00, 0x00, 0x00, 0x00, 0x6d, 0x6c, 0x70, 0x6f, 0x6f, 0x6f, 0x6e, 0x6f,
0x6f, 0x6f, 0x6f, 0x6f, 0x6f, 0x6f, 0x6f, 0x6f, 0x6f, 0x6f, 0x70, 0x70, 0x6e, 0x6f, 0x00, 0x00, 0x00, 0x00, 0x00, 0x00, 0x00, 0x00, 0x00, 0x00, 0x00, 0x00, 0x00, 0x00, 0x00, 0x00, 0x00, 0x00,
0x00, 0x00, 0x00, 0x00, 0x00, 0x00, 0x00, 0x00, 0x00, 0x00, 0x00, 0x00, 0x00, 0x00, 0x00, 0x00, 0x00, 0x00, 0x00, 0x00, 0x00, 0x00, 0x00, 0x00, 0x00, 0x00, 0x00, 0x00, 0x00, 0x00, 0x00, 0x00,
0x00, 0x00, 0x00, 0x00, 0x00, 0x00, 0x00, 0x00, 0x00, 0x00, 0x00, 0x00, 0x00, 0x00, 0x00, 0x00, 0x00, 0x00, 0x00, 0x00, 0x00, 0x00, 0x00, 0x00, 0x00, 0x00, 0x00, 0x00, 0x00, 0x00, 0x00, 0x00,
0x00, 0x00, 0x00, 0x00, 0x00, 0x00, 0x00, 0x00, 0x00, 0x00, 0x00, 0x00, 0x00, 0x00, 0x00, 0x00, 0x00, 0x00, 0x00, 0x00, 0x00, 0x00, 0x00, 0x00, 0x00, 0x00, 0x00, 0x00, 0x00, 0x00, 0x00, 0x00,
0x00, 0x00, 0x00, 0x00, 0x00, 0x00, 0x00, 0x00, 0x00, 0x00, 0x00, 0x00, 0x00, 0x00, 0x00, 0x00, 0x00, 0x00, 0x00, 0x00, 0x00, 0x00, 0x00, 0x00, 0x00, 0x00, 0x00, 0x00, 0x00, 0x00, 0x00, 0x00,
0x00, 0x00, 0x00, 0x00, 0x00, 0x00, 0x00, 0x00, 0x00, 0x00, 0x00, 0x00, 0x00, 0x00, 0x00, 0x00, 0x00, 0x00, 0x00, 0x00, 0x00, 0x00, 0x00, 0x00, 0x00, 0x00, 0x00, 0x00, 0x00, 0x00, 0x00, 0x00,
0x00, 0x00, 0x00, 0x00, 0x00, 0x00, 0x00, 0x00, 0x00, 0x00, 0x00, 0x00, 0x00, 0x00, 0x00, 0x00, 0x00, 0x00, 0x00, 0x00, 0x00, 0x00, 0x00, 0x00, 0x00, 0x00, 
};

ARM_SECTION("arm2d.asset.c_bmpArmLogoRGB565")
const uint16_t c_bmpArmLogoRGB565[250*81] = {
/* -0- */
0x0000, 0x0000, 0x0000, 0x0000, 0x0000, 0x0000, 0x0000, 0x0000, 0x0000, 0x0000, 0x0000, 0x0000, 0x0000, 0x0000, 0x0000, 0x0000,
0x0000, 0x0000, 0x0000, 0x0000, 0x0000, 0x0000, 0x0000, 0x0000, 0x0000, 0x0000, 0x0000, 0x0000, 0x0000, 0x0000, 0x0000, 0x0000,
0x0000, 0x0000, 0x0000, 0x0000, 0x0000, 0x0000, 0x0000, 0x0000, 0x0000, 0x0000, 0x0000, 0x0000, 0x0000, 0x0000, 0x0000, 0x0000,
0x0000, 0x0000, 0x0000, 0x0000, 0x0000, 0x0000, 0x0000, 0x0000, 0x0000, 0x0000, 0x0000, 0x0000, 0x0000, 0x0000, 0x0000, 0x0000,
0x0000, 0x0000, 0x0000, 0x0000, 0x0000, 0x0000, 0x0000, 0x0000, 0x0000, 0x0000, 0x0000, 0x0000, 0x0000, 0x0000, 0x0000, 0x0000,
0x0000, 0x0000, 0x0000, 0x0000, 0x0000, 0x0000, 0x0000, 0x0000, 0x0000, 0x0000, 0x0000, 0x0000, 0x0000, 0x0000, 0x0000, 0x0000,
0x0000, 0x0000, 0x0000, 0x0000, 0x0000, 0x0000, 0x0000, 0x0000, 0x0000, 0x0000, 0x0000, 0x0000, 0x0000, 0x0000, 0x0000, 0x0000,
0x0000, 0x0000, 0x0000, 0x0000, 0x0000, 0x0000, 0x0000, 0x0000, 0x0000, 0x0000, 0x0000, 0x0000, 0x0000, 0x0000, 0x0000, 0x0000,
0x0000, 0x0000, 0x0000, 0x0000, 0x0000, 0x0000, 0x0000, 0x0000, 0x0000, 0x0000, 0x0000, 0x0000, 0x0000, 0x0000, 0x0000, 0x0000,
0x0000, 0x0000, 0x0000, 0x0000, 0x0000, 0x0000, 0x0000, 0x0000, 0x0000, 0x0000, 0x0000, 0x0000, 0x0000, 0x0000, 0x0000, 0x0000,
0x0000, 0x0000, 0x0000, 0x0000, 0x0000, 0x0000, 0x0000, 0x0000, 0x0000, 0x0000, 0x0000, 0x0000, 0x0000, 0x0000, 0x0000, 0x0000,
0x0000, 0x0000, 0x0000, 0x0000, 0x0000, 0x0000, 0x0000, 0x0000, 0x0000, 0x0000, 0x0000, 0x0000, 0x0000, 0x0000, 0x0000, 0x0000,
0x0000, 0x0000, 0x0000, 0x0000, 0x0000, 0x0000, 0x0000, 0x0000, 0x0000, 0x0000, 0x0000, 0x0000, 0x0000, 0x0000, 0x0000, 0x0000,
0x0000, 0x0000, 0x0000, 0x0000, 0x0000, 0x0000, 0x0000, 0x0000, 0x0000, 0x0000, 0x0000, 0x0000, 0x0000, 0x0000, 0x0000, 0x0000,
0x0000, 0x0000, 0x0000, 0x0000, 0x0000, 0x0000, 0x0000, 0x0000, 0x0000, 0x0000, 0x0000, 0x0000, 0x0000, 0x0000, 0x0000, 0x0000,
0x0000, 0x0000, 0x0000, 0x0000, 0x0000, 0x0000, 0x0000, 0x0000, 0x0000, 0x0000, 
/* -1- */
0x0000, 0x0000, 0x0000, 0x0000, 0x0000, 0x0000, 0x0000, 0x0000, 0x0000, 0x0000, 0x0000, 0x0000, 0x0000, 0x0000, 0x0000, 0x0000,
0x0000, 0x0000, 0x0000, 0x0000, 0x0000, 0x0000, 0x0000, 0x0000, 0x0000, 0x0000, 0x0000, 0x0000, 0x0000, 0x0000, 0x0000, 0x0000,
0x0000, 0x0000, 0x0000, 0x0000, 0x0000, 0x0000, 0x0000, 0x0000, 0x0000, 0x0000, 0x0000, 0x0000, 0x0000, 0x0000, 0x0000, 0x0000,
0x0000, 0x0000, 0x0000, 0x0000, 0x0000, 0x0000, 0x0000, 0x0000, 0x0000, 0x0000, 0x0000, 0x0000, 0x0000, 0x0000, 0x0000, 0x0000,
0x0000, 0x0000, 0x0000, 0x0000, 0x0000, 0x0000, 0x0000, 0x0000, 0x0000, 0x0000, 0x0000, 0x0000, 0x0000, 0x0000, 0x0000, 0x0000,
0x0000, 0x0000, 0x0000, 0x0000, 0x0000, 0x0000, 0x0000, 0x0000, 0x0000, 0x0000, 0x0000, 0x0000, 0x0000, 0x0000, 0x0000, 0x0000,
0x0000, 0x0000, 0x0000, 0x0000, 0x0000, 0x0000, 0x0000, 0x0000, 0x0000, 0x0000, 0x0000, 0x0000, 0x0000, 0x0000, 0x0000, 0x0000,
0x0000, 0x0000, 0x0000, 0x0000, 0x0000, 0x0000, 0x0000, 0x0000, 0x0000, 0x0000, 0x0000, 0x0000, 0x0000, 0x0000, 0x0000, 0x0000,
0x0000, 0x0000, 0x0000, 0x0000, 0x0000, 0x0000, 0x0000, 0x0000, 0x0000, 0x0000, 0x0000, 0x0000, 0x0000, 0x0000, 0x0000, 0x0000,
0x0000, 0x0000, 0x0000, 0x0000, 0x0000, 0x0000, 0x0000, 0x0000, 0x0000, 0x0000, 0x0000, 0x0000, 0x0000, 0x0000, 0x0000, 0x0000,
0x0000, 0x0000, 0x0000, 0x0000, 0x0000, 0x0000, 0x0000, 0x0000, 0x0000, 0x0000, 0x0000, 0x0000, 0x0000, 0x0000, 0x0000, 0x0000,
0x0000, 0x0000, 0x0000, 0x0000, 0x0000, 0x0000, 0x0000, 0x0000, 0x0000, 0x0000, 0x0000, 0x0000, 0x0000, 0x0000, 0x0000, 0x0000,
0x0000, 0x0000, 0x0000, 0x0000, 0x0000, 0x0000, 0x0000, 0x0000, 0x0000, 0x0000, 0x0000, 0x0000, 0x0000, 0x0000, 0x0000, 0x0000,
0x0000, 0x0000, 0x0000, 0x0000, 0x0000, 0x0000, 0x0000, 0x0000, 0x0000, 0x0000, 0x0000, 0x0000, 0x0000, 0x0000, 0x0000, 0x0000,
0x0000, 0x0000, 0x0000, 0x0000, 0x0000, 0x0000, 0x0000, 0x0000, 0x0000, 0x0000, 0x0000, 0x0000, 0x0000, 0x0000, 0x0000, 0x0000,
0x0000, 0x0000, 0x0000, 0x0000, 0x0000, 0x0000, 0x0000, 0x0000, 0x0000, 0x0000, 
/* -2- */
0x0000, 0x0000, 0x0000, 0x0000, 0x0000, 0x0000, 0x0000, 0x0000, 0x0000, 0x0000, 0x0000, 0x0000, 0x0000, 0x0000, 0x0000, 0x0000,
0x0000, 0x0000, 0x0000, 0x0000, 0x0000, 0x0000, 0x0000, 0x0000, 0x0000, 0x0000, 0x0000, 0x0000, 0x0000, 0x0000, 0x0000, 0x0000,
0x0000, 0x0000, 0x0000, 0x0000, 0x0000, 0x0000, 0x0000, 0x0000, 0x0000, 0x0000, 0x0000, 0x0000, 0x0000, 0x0000, 0x0000, 0x0000,
0x0000, 0x0000, 0x0000, 0x0000, 0x0000, 0x0000, 0x0000, 0x0000, 0x0000, 0x0000, 0x0000, 0x0000, 0x0000, 0x0000, 0x0000, 0x0000,
0x0000, 0x0000, 0x0000, 0x0000, 0x0000, 0x0000, 0x0000, 0x0000, 0x0000, 0x0000, 0x0000, 0x0000, 0x0000, 0x0000, 0x0000, 0x0000,
0x0000, 0x0000, 0x0000, 0x0000, 0x0000, 0x0000, 0x0000, 0x0000, 0x0000, 0x0000, 0x0000, 0x0000, 0x0000, 0x0000, 0x0000, 0x0000,
0x0000, 0x0000, 0x0000, 0x0000, 0x0000, 0x0000, 0x0000, 0x0000, 0x0000, 0x0000, 0x0000, 0x0000, 0x0000, 0x0000, 0x0000, 0x0000,
0x0000, 0x0000, 0x0000, 0x0000, 0x0000, 0x0000, 0x0000, 0x0000, 0x0000, 0x0000, 0x0000, 0x0000, 0x0000, 0x0000, 0x0000, 0x0000,
0x0000, 0x0000, 0x0000, 0x0000, 0x0000, 0x0000, 0x0000, 0x0000, 0x0000, 0x0000, 0x0000, 0x0000, 0x0000, 0x0000, 0x0000, 0x0000,
0x0000, 0x0000, 0x0000, 0x0000, 0x0000, 0x0000, 0x0000, 0x0000, 0x0000, 0x0000, 0x0000, 0x0000, 0x0000, 0x0000, 0x0000, 0x0000,
0x0000, 0x0000, 0x0000, 0x0000, 0x0000, 0x0000, 0x0000, 0x0000, 0x0000, 0x0000, 0x0000, 0x0000, 0x0000, 0x0000, 0x0000, 0x0000,
0x0000, 0x0000, 0x0000, 0x0000, 0x0000, 0x0000, 0x0000, 0x0000, 0x0000, 0x0000, 0x0000, 0x0000, 0x0000, 0x0000, 0x0000, 0x0000,
0x0000, 0x0000, 0x0000, 0x0000, 0x0000, 0x0000, 0x0000, 0x0000, 0x0000, 0x0000, 0x0000, 0x0000, 0x0000, 0x0000, 0x0000, 0x0000,
0x0000, 0x0000, 0x0000, 0x0000, 0x0000, 0x0000, 0x0000, 0x0000, 0x0000, 0x0000, 0x0000, 0x0000, 0x0000, 0x0000, 0x0000, 0x0000,
0x0000, 0x0000, 0x0000, 0x0000, 0x0000, 0x0000, 0x0000, 0x0000, 0x0000, 0x0000, 0x0000, 0x0000, 0x0000, 0x0000, 0x0000, 0x0000,
0x0000, 0x0000, 0x0000, 0x0000, 0x0000, 0x0000, 0x0000, 0x0000, 0x0000, 0x0000, 
/* -3- */
0x0000, 0x0000, 0x0000, 0x0000, 0x0000, 0x0000, 0x0000, 0x0000, 0x0000, 0x0000, 0x0000, 0x0000, 0x0000, 0x0000, 0x0000, 0x0000,
0x0000, 0x0000, 0x0000, 0x0000, 0x0000, 0x0000, 0x0000, 0x0000, 0x0000, 0x0000, 0x0000, 0x0000, 0x0000, 0x0000, 0x0000, 0x0000,
0x0000, 0x0000, 0x0000, 0x0000, 0x0000, 0x0000, 0x0000, 0x0000, 0x0000, 0x0000, 0x0000, 0x0000, 0x0000, 0x0000, 0x0000, 0x0000,
0x0000, 0x0000, 0x0000, 0x0000, 0x0000, 0x0000, 0x0000, 0x0000, 0x0000, 0x0000, 0x0000, 0x0000, 0x0000, 0x0000, 0x0000, 0x0000,
0x0000, 0x0000, 0x0000, 0x0000, 0x0000, 0x0000, 0x0000, 0x0000, 0x0000, 0x0000, 0x0000, 0x0000, 0x0000, 0x0000, 0x0000, 0x0000,
0x0000, 0x0000, 0x0000, 0x0000, 0x0000, 0x0000, 0x0000, 0x0000, 0x0000, 0x0000, 0x0000, 0x0000, 0x0000, 0x0000, 0x0000, 0x0000,
0x0000, 0x0000, 0x0000, 0x0000, 0x0000, 0x0000, 0x0000, 0x0000, 0x0000, 0x0000, 0x0000, 0x0000, 0x0000, 0x0000, 0x0000, 0x0000,
0x0000, 0x0000, 0x0000, 0x0000, 0x0000, 0x0000, 0x0000, 0x0000, 0x0000, 0x0000, 0x0000, 0x0000, 0x0000, 0x0000, 0x0000, 0x0000,
0x0000, 0x0000, 0x0000, 0x0000, 0x0000, 0x0000, 0x0000, 0x0000, 0x0000, 0x0000, 0x0000, 0x0000, 0x0000, 0x0000, 0x0000, 0x0000,
0x0000, 0x0000, 0x0000, 0x0000, 0x0000, 0x0000, 0x0000, 0x0000, 0x0000, 0x0000, 0x0000, 0x0000, 0x0000, 0x0000, 0x0000, 0x0000,
0x0000, 0x0000, 0x0000, 0x0000, 0x0000, 0x0000, 0x0000, 0x0000, 0x0000, 0x0000, 0x0000, 0x0000, 0x0000, 0x0000, 0x0000, 0x0000,
0x0000, 0x0000, 0x0000, 0x0000, 0x0000, 0x0000, 0x0000, 0x0000, 0x0000, 0x0000, 0x0000, 0x0000, 0x0000, 0x0000, 0x0000, 0x0000,
0x0000, 0x0000, 0x0000, 0x0000, 0x0000, 0x0000, 0x0000, 0x0000, 0x0000, 0x0000, 0x0000, 0x0000, 0x0000, 0x0000, 0x0000, 0x0000,
0x0000, 0x0000, 0x0000, 0x0000, 0x0000, 0x0000, 0x0000, 0x0000, 0x0000, 0x0000, 0x0000, 0x0000, 0x0000, 0x0000, 0x0000, 0x0000,
0x0000, 0x0000, 0x0000, 0x0000, 0x0000, 0x0000, 0x0000, 0x0000, 0x0000, 0x0000, 0x0000, 0x0000, 0x0000, 0x0000, 0x0000, 0x0000,
0x0000, 0x0000, 0x0000, 0x0000, 0x0000, 0x0000, 0x0000, 0x0000, 0x0000, 0x0000, 
/* -4- */
0x0000, 0x0000, 0x0000, 0x0000, 0x0000, 0x0000, 0x0000, 0x0000, 0x0000, 0x0000, 0x0000, 0x0000, 0x0000, 0x0000, 0x0000, 0x0000,
0x0000, 0x0000, 0x0000, 0x0000, 0x0000, 0x0000, 0x0000, 0x0000, 0x0000, 0x0000, 0x0000, 0x0000, 0x0000, 0x0000, 0x0000, 0x0000,
0x0000, 0x0000, 0x0000, 0x0000, 0x0000, 0x0000, 0x0000, 0x0000, 0x0000, 0x0000, 0x0000, 0x0000, 0x0000, 0x0000, 0x0000, 0x0000,
0x0000, 0x0000, 0x0000, 0x0000, 0x0000, 0x0000, 0x0000, 0x0000, 0x0000, 0x0000, 0x0000, 0x0000, 0x0000, 0x0000, 0x0000, 0x0000,
0x0000, 0x0000, 0x0000, 0x0000, 0x0000, 0x0000, 0x0000, 0x0000, 0x0000, 0x0000, 0x0000, 0x0000, 0x0000, 0x0000, 0x0000, 0x0000,
0x0000, 0x0000, 0x0000, 0x0000, 0x0000, 0x0000, 0x0000, 0x0000, 0x0000, 0x0000, 0x0000, 0x0000, 0x0000, 0x0000, 0x0000, 0x0000,
0x0000, 0x0000, 0x0000, 0x0000, 0x0000, 0x0000, 0x0000, 0x0000, 0x0000, 0x0000, 0x0000, 0x0000, 0x0000, 0x0000, 0x0000, 0x0000,
0x0000, 0x0000, 0x0000, 0x0000, 0x0000, 0x0000, 0x0000, 0x0000, 0x0000, 0x0000, 0x0000, 0x0000, 0x0000, 0x0000, 0x0000, 0x0000,
0x0000, 0x0000, 0x0000, 0x0000, 0x0000, 0x0000, 0x0000, 0x0000, 0x0000, 0x0000, 0x0000, 0x0000, 0x0000, 0x0000, 0x0000, 0x0000,
0x0000, 0x0000, 0x0000, 0x0000, 0x0000, 0x0000, 0x0000, 0x0000, 0x0000, 0x0000, 0x0000, 0x0000, 0x0000, 0x0000, 0x0000, 0x0000,
0x0000, 0x0000, 0x0000, 0x0000, 0x0000, 0x0000, 0x0000, 0x0000, 0x0000, 0x0000, 0x0000, 0x0000, 0x0000, 0x0000, 0x0000, 0x0000,
0x0000, 0x0000, 0x0000, 0x0000, 0x0000, 0x0000, 0x0000, 0x0000, 0x0000, 0x0000, 0x0000, 0x0000, 0x0000, 0x0000, 0x0000, 0x0000,
0x0000, 0x0000, 0x0000, 0x0000, 0x0000, 0x0000, 0x0000, 0x0000, 0x0000, 0x0000, 0x0000, 0x0000, 0x0000, 0x0000, 0x0000, 0x0000,
0x0000, 0x0000, 0x0000, 0x0000, 0x0000, 0x0000, 0x0000, 0x0000, 0x0000, 0x0000, 0x0000, 0x0000, 0x0000, 0x0000, 0x0000, 0x0000,
0x0000, 0x0000, 0x0000, 0x0000, 0x0000, 0x0000, 0x0000, 0x0000, 0x0000, 0x0000, 0x0000, 0x0000, 0x0000, 0x0000, 0x0000, 0x0000,
0x0000, 0x0000, 0x0000, 0x0000, 0x0000, 0x0000, 0x0000, 0x0000, 0x0000, 0x0000, 
/* -5- */
0x0000, 0x0000, 0x0000, 0x0000, 0x0000, 0x0000, 0x0000, 0x0000, 0x0000, 0x0000, 0x0000, 0x0000, 0x0000, 0x0000, 0x0000, 0x0000,
0x0000, 0x0000, 0x0000, 0x0000, 0x0000, 0x0000, 0x0000, 0x0000, 0x0000, 0x0000, 0x0000, 0x0000, 0x0555, 0x0496, 0x0457, 0x0497,
0x04b8, 0x0477, 0x0497, 0x0497, 0x0498, 0x0477, 0x04b8, 0x0457, 0x0477, 0x0478, 0x0496, 0x0000, 0x0000, 0x0000, 0x0000, 0x0000,
0x0000, 0x0000, 0x0000, 0x0000, 0x0000, 0x0000, 0x0000, 0x0000, 0x0000, 0x0000, 0x0000, 0x0000, 0x0000, 0x0000, 0x0000, 0x0000,
0x0000, 0x0000, 0x0000, 0x0000, 0x0000, 0x0000, 0x0000, 0x0000, 0x0000, 0x0000, 0x0000, 0x0000, 0x0000, 0x0000, 0x0000, 0x0000,
0x0000, 0x0000, 0x0000, 0x0000, 0x0000, 0x0000, 0x0000, 0x0000, 0x0000, 0x0000, 0x0000, 0x0000, 0x0000, 0x0000, 0x0000, 0x0000,
0x0000, 0x0000, 0x0000, 0x0000, 0x0000, 0x0000, 0x0000, 0x0000, 0x0000, 0x0000, 0x0000, 0x0000, 0x0000, 0x0000, 0x0000, 0x0000,
0x0000, 0x0000, 0x0000, 0x0000, 0x0000, 0x0000, 0x0000, 0x0000, 0x0000, 0x0457, 0x04b8, 0x0497, 0x0497, 0x0497, 0x0497, 0x0477,
0x0497, 0x0497, 0x0477, 0x04b7, 0x0498, 0x04d7, 0x03f7, 0x0000, 0x0000, 0x0000, 0x0000, 0x0000, 0x0000, 0x0000, 0x0000, 0x0000,
0x0000, 0x0000, 0x0000, 0x0000, 0x0000, 0x0000, 0x0000, 0x0000, 0x0000, 0x0000, 0x0000, 0x0000, 0x0000, 0x0000, 0x0000, 0x0000,
0x0000, 0x0000, 0x0000, 0x0000, 0x0000, 0x0000, 0x0000, 0x0000, 0x0000, 0x0000, 0x0000, 0x0000, 0x0000, 0x0000, 0x0000, 0x0000,
0x0000, 0x0000, 0x0000, 0x0496, 0x0497, 0x0497, 0x0477, 0x0497, 0x0497, 0x0477, 0x0497, 0x0477, 0x0497, 0x0497, 0x0477, 0x0499,
0x0000, 0x0000, 0x0000, 0x0000, 0x0000, 0x0000, 0x0000, 0x0000, 0x0000, 0x0000, 0x0000, 0x0000, 0x0000, 0x0000, 0x0000, 0x0000,
0x0000, 0x0000, 0x0000, 0x0000, 0x0000, 0x0000, 0x0000, 0x0000, 0x0000, 0x0000, 0x0475, 0x0497, 0x0497, 0x0497, 0x0497, 0x0497,
0x0497, 0x0477, 0x0477, 0x0497, 0x0497, 0x0497, 0x04b7, 0x0498, 0x03f5, 0x0000, 0x0000, 0x0000, 0x0000, 0x0000, 0x0000, 0x0000,
0x0000, 0x0000, 0x0000, 0x0000, 0x0000, 0x0000, 0x0000, 0x0000, 0x0000, 0x0000, 
/* -6- */
0x0000, 0x0000, 0x0000, 0x0000, 0x0000, 0x0000, 0x0000, 0x0000, 0x0000, 0x0000, 0x0000, 0x0000, 0x0000, 0x0000, 0x0000, 0x0000,
0x0000, 0x0000, 0x0000, 0x0000, 0x0000, 0x0000, 0x0000, 0x0000, 0x0000, 0x0477, 0x0497, 0x0497, 0x0497, 0x0497, 0x0497, 0x0497,
0x04b8, 0x04b8, 0x04b8, 0x04b8, 0x04b8, 0x04b8, 0x04b8, 0x0498, 0x0497, 0x0497, 0x0497, 0x0497, 0x0477, 0x04b5, 0x0000, 0x0000,
0x0000, 0x0000, 0x0000, 0x0000, 0x0000, 0x0000, 0x0000, 0x0000, 0x0000, 0x0000, 0x0000, 0x0000, 0x0000, 0x0000, 0x0000, 0x0000,
0x0000, 0x0000, 0x0000, 0x0000, 0x0000, 0x0000, 0x0000, 0x0000, 0x0000, 0x0000, 0x0000, 0x0000, 0x0000, 0x0000, 0x0000, 0x0000,
0x0000, 0x0000, 0x0000, 0x0000, 0x0000, 0x0000, 0x0000, 0x0000, 0x0000, 0x0000, 0x0000, 0x0000, 0x0000, 0x0000, 0x0000, 0x0000,
0x0000, 0x0000, 0x0000, 0x0000, 0x0000, 0x0000, 0x0000, 0x0000, 0x0000, 0x0000, 0x0000, 0x0000, 0x0000, 0x0000, 0x0000, 0x0000,
0x0000, 0x0000, 0x0000, 0x0000, 0x0000, 0x0000, 0x055a, 0x0497, 0x0497, 0x0497, 0x0497, 0x04b8, 0x04b8, 0x04b8, 0x04b8, 0x04b8,
0x04b8, 0x04b8, 0x04b8, 0x04b8, 0x0497, 0x0497, 0x0497, 0x0477, 0x04b8, 0x03f7, 0x0000, 0x0000, 0x0000, 0x0000, 0x0000, 0x0000,
0x0000, 0x0000, 0x0000, 0x0000, 0x0000, 0x0000, 0x0000, 0x0000, 0x0000, 0x0000, 0x0000, 0x0000, 0x0000, 0x0000, 0x0000, 0x0000,
0x0000, 0x0000, 0x0000, 0x0000, 0x0000, 0x0000, 0x0000, 0x0000, 0x0000, 0x0000, 0x0000, 0x0000, 0x0000, 0x0000, 0x0000, 0x0000,
0x0000, 0x0477, 0x0477, 0x0477, 0x0497, 0x0497, 0x04b8, 0x04b8, 0x04b8, 0x04b8, 0x04b8, 0x04b8, 0x04b8, 0x04b8, 0x0497, 0x0497,
0x0497, 0x0477, 0x0475, 0x0000, 0x0000, 0x0000, 0x0000, 0x0000, 0x0000, 0x0000, 0x0000, 0x0000, 0x0000, 0x0000, 0x0000, 0x0000,
0x0000, 0x0000, 0x0000, 0x0000, 0x0000, 0x0000, 0x0000, 0x0496, 0x0497, 0x0497, 0x0497, 0x0497, 0x0497, 0x04b8, 0x04b8, 0x04b8,
0x04b8, 0x04b8, 0x04b8, 0x04b8, 0x04b8, 0x04b8, 0x0497, 0x0497, 0x0497, 0x0497, 0x0477, 0x0000, 0x0000, 0x0000, 0x0000, 0x0000,
0x0000, 0x0000, 0x0000, 0x0000, 0x0000, 0x0000, 0x0000, 0x0000, 0x0000, 0x0000, 
/* -7- */
0x0000, 0x0000, 0x0000, 0x0000, 0x0000, 0x0000, 0x0000, 0x0000, 0x0000, 0x0000, 0x0000, 0x0000, 0x0000, 0x0000, 0x0000, 0x0000,
0x0000, 0x0000, 0x0000, 0x0000, 0x0000, 0x0000, 0x04d3, 0x0477, 0x0497, 0x0497, 0x0497, 0x04b8, 0x04b8, 0x04b8, 0x0498, 0x0497,
0x0497, 0x0497, 0x0497, 0x0497, 0x0497, 0x0497, 0x0497, 0x0497, 0x0497, 0x04b8, 0x04b8, 0x04b8, 0x0497, 0x0497, 0x0497, 0x04b7,
0x0000, 0x0000, 0x0000, 0x0000, 0x0000, 0x0000, 0x0000, 0x0000, 0x04b7, 0x0497, 0x0477, 0x0477, 0x0477, 0x0477, 0x0477, 0x0477,
0x0477, 0x0477, 0x0477, 0x0477, 0x0477, 0x0477, 0x0477, 0x0477, 0x0477, 0x0497, 0x03f7, 0x0000, 0x0000, 0x0000, 0x0000, 0x0000,
0x0000, 0x0000, 0x0000, 0x0000, 0x0000, 0x0000, 0x0000, 0x0000, 0x0000, 0x0000, 0x0000, 0x0000, 0x0000, 0x0477, 0x0497, 0x0497,
0x0497, 0x0497, 0x0497, 0x0497, 0x0497, 0x0497, 0x0497, 0x0497, 0x0497, 0x0497, 0x0497, 0x0497, 0x0497, 0x0477, 0x0477, 0x0000,
0x0000, 0x0000, 0x0000, 0x0000, 0x0000, 0x0477, 0x0497, 0x0497, 0x04d8, 0x04b8, 0x0497, 0x0497, 0x0497, 0x0497, 0x0497, 0x0497,
0x0497, 0x0497, 0x0497, 0x0497, 0x0497, 0x04b8, 0x04b8, 0x04b8, 0x0497, 0x0497, 0x0497, 0x0000, 0x0000, 0x0000, 0x0000, 0x0000,
0x0000, 0x0000, 0x0000, 0x0000, 0x0000, 0x0000, 0x055f, 0x0477, 0x04b8, 0x0497, 0x0497, 0x0497, 0x0497, 0x0497, 0x0497, 0x0497,
0x0497, 0x0497, 0x0497, 0x0497, 0x0497, 0x0497, 0x0498, 0x0497, 0x0497, 0x0000, 0x0000, 0x0000, 0x0000, 0x0000, 0x0000, 0x0497,
0x0497, 0x0497, 0x04b8, 0x04b8, 0x0498, 0x0497, 0x0497, 0x0497, 0x0497, 0x0497, 0x0497, 0x0497, 0x0497, 0x0497, 0x0497, 0x04b8,
0x04b8, 0x0497, 0x0497, 0x0497, 0x0496, 0x0000, 0x0000, 0x0000, 0x0000, 0x0000, 0x0000, 0x0000, 0x0000, 0x0000, 0x0000, 0x0000,
0x0000, 0x0000, 0x0000, 0x0000, 0x0000, 0x0477, 0x0497, 0x0497, 0x0497, 0x04b8, 0x04b8, 0x0498, 0x0497, 0x0497, 0x0497, 0x0497,
0x0497, 0x0497, 0x0497, 0x0497, 0x0497, 0x0497, 0x0497, 0x04b8, 0x04b8, 0x04b8, 0x0497, 0x0497, 0x0497, 0x0000, 0x0000, 0x0000,
0x0000, 0x0000, 0x0000, 0x0000, 0x0000, 0x0000, 0x0000, 0x0000, 0x0000, 0x0000, 
/* -8- */
0x0000, 0x0000, 0x0000, 0x0000, 0x0000, 0x0000, 0x0000, 0x0000, 0x0000, 0x0000, 0x0000, 0x0000, 0x0000, 0x0000, 0x0000, 0x0000,
0x0000, 0x0000, 0x0000, 0x0000, 0x07ff, 0x0497, 0x0497, 0x0497, 0x04b8, 0x04b8, 0x0498, 0x0497, 0x0497, 0x0497, 0x0497, 0x0497,
0x0497, 0x0497, 0x0497, 0x0497, 0x0497, 0x0497, 0x0497, 0x0497, 0x0497, 0x0497, 0x0497, 0x0497, 0x04b8, 0x04b8, 0x0497, 0x0497,
0x0477, 0x0457, 0x0000, 0x0000, 0x0000, 0x0000, 0x0000, 0x0000, 0x04b7, 0x0497, 0x04d9, 0x04b8, 0x04b8, 0x04b8, 0x04b8, 0x04b8,
0x04b8, 0x04b8, 0x04b8, 0x04b8, 0x04b8, 0x04b8, 0x04b8, 0x04b8, 0x04d9, 0x0497, 0x0477, 0x0000, 0x0000, 0x0000, 0x0000, 0x0000,
0x0000, 0x0000, 0x0000, 0x0000, 0x0000, 0x0000, 0x0000, 0x0000, 0x0000, 0x0000, 0x0000, 0x0000, 0x0000, 0x0477, 0x04b8, 0x04d9,
0x04d8, 0x04d8, 0x04d8, 0x04d8, 0x04d8, 0x04d8, 0x04d8, 0x04d8, 0x04d8, 0x04d8, 0x04d8, 0x04d8, 0x04d8, 0x04b8, 0x0497, 0x0000,
0x0000, 0x0000, 0x0000, 0x04b8, 0x0497, 0x0497, 0x04b8, 0x0498, 0x0497, 0x0497, 0x0497, 0x0497, 0x0497, 0x0497, 0x0497, 0x0497,
0x0497, 0x0497, 0x0497, 0x0497, 0x0497, 0x0497, 0x0497, 0x0497, 0x04b8, 0x04b8, 0x0497, 0x0497, 0x04b8, 0x0000, 0x0000, 0x0000,
0x0000, 0x0000, 0x0000, 0x0000, 0x0000, 0x0000, 0x03f5, 0x0497, 0x04f9, 0x04d8, 0x04d8, 0x04d8, 0x04d8, 0x04d8, 0x04d8, 0x04d8,
0x04d8, 0x04d8, 0x04d8, 0x04d8, 0x04d8, 0x04d8, 0x04f9, 0x0497, 0x0477, 0x0000, 0x0000, 0x0000, 0x0000, 0x0477, 0x0497, 0x0497,
0x04b8, 0x04b8, 0x0497, 0x0497, 0x0497, 0x0497, 0x0497, 0x0497, 0x0497, 0x0497, 0x0497, 0x0497, 0x0497, 0x0497, 0x0497, 0x0497,
0x0497, 0x0498, 0x04b8, 0x0497, 0x0497, 0x0498, 0x0000, 0x0000, 0x0000, 0x0000, 0x0000, 0x0000, 0x0000, 0x0000, 0x0000, 0x0000,
0x0000, 0x0000, 0x0000, 0x0000, 0x0497, 0x0497, 0x0497, 0x04d8, 0x0498, 0x0497, 0x0497, 0x0497, 0x0497, 0x0497, 0x0497, 0x0497,
0x0497, 0x0497, 0x0497, 0x0497, 0x0497, 0x0497, 0x0497, 0x0497, 0x0497, 0x0497, 0x04b8, 0x04b8, 0x0497, 0x0497, 0x0477, 0x0000,
0x0000, 0x0000, 0x0000, 0x0000, 0x0000, 0x0000, 0x0000, 0x0000, 0x0000, 0x0000, 
/* -9- */
0x0000, 0x0000, 0x0000, 0x0000, 0x0000, 0x0000, 0x0000, 0x0000, 0x0000, 0x0000, 0x0000, 0x0000, 0x0000, 0x0000, 0x0000, 0x0000,
0x0000, 0x0000, 0x055f, 0x0497, 0x0497, 0x0497, 0x04b8, 0x04b8, 0x0497, 0x0497, 0x0497, 0x0497, 0x0497, 0x0497, 0x0497, 0x0497,
0x0497, 0x0497, 0x0497, 0x0497, 0x0497, 0x0497, 0x0497, 0x0497, 0x0497, 0x0497, 0x0497, 0x0497, 0x0497, 0x0497, 0x0497, 0x04b8,
0x0497, 0x0497, 0x0477, 0x0000, 0x0000, 0x0000, 0x0000, 0x0000, 0x0478, 0x0497, 0x04b8, 0x0497, 0x0497, 0x0497, 0x0497, 0x0497,
0x0497, 0x0497, 0x0497, 0x0497, 0x0497, 0x0497, 0x0497, 0x0497, 0x04b8, 0x0497, 0x0436, 0x0000, 0x0000, 0x0000, 0x0000, 0x0000,
0x0000, 0x0000, 0x0000, 0x0000, 0x0000, 0x0000, 0x0000, 0x0000, 0x0000, 0x0000, 0x0000, 0x0000, 0x0000, 0x0477, 0x0497, 0x0497,
0x0497, 0x0497, 0x0497, 0x0497, 0x0497, 0x0497, 0x0497, 0x0497, 0x0497, 0x0497, 0x0497, 0x0497, 0x0497, 0x0497, 0x0477, 0x0000,
0x0000, 0x0000, 0x0477, 0x0497, 0x0497, 0x04b8, 0x0497, 0x0497, 0x0497, 0x0497, 0x0497, 0x0497, 0x0497, 0x0497, 0x0497, 0x0497,
0x0497, 0x0497, 0x0497, 0x0497, 0x0497, 0x0497, 0x0497, 0x0497, 0x0497, 0x0497, 0x04b8, 0x04b8, 0x0497, 0x0000, 0x0000, 0x0000,
0x0000, 0x0000, 0x0000, 0x0000, 0x0000, 0x0000, 0x03f5, 0x0497, 0x04b8, 0x0497, 0x0497, 0x0497, 0x0497, 0x0497, 0x0497, 0x0497,
0x0497, 0x0497, 0x0497, 0x0497, 0x0497, 0x0497, 0x04b8, 0x0497, 0x0497, 0x0000, 0x0000, 0x0000, 0x0497, 0x0497, 0x04b8, 0x04b8,
0x0497, 0x0497, 0x0497, 0x0497, 0x0497, 0x0497, 0x0497, 0x0497, 0x0497, 0x0497, 0x0497, 0x0497, 0x0497, 0x0497, 0x0497, 0x0497,
0x0497, 0x0497, 0x0497, 0x04b8, 0x04b8, 0x0497, 0x0497, 0x0555, 0x0000, 0x0000, 0x0000, 0x0000, 0x0000, 0x0000, 0x0000, 0x0000,
0x0000, 0x0000, 0x0498, 0x0497, 0x0498, 0x04b8, 0x0498, 0x0497, 0x0497, 0x0497, 0x0497, 0x0497, 0x0497, 0x0497, 0x0497, 0x0497,
0x0497, 0x0497, 0x0497, 0x0497, 0x0497, 0x0497, 0x0497, 0x0497, 0x0497, 0x0497, 0x0497, 0x0497, 0x04b8, 0x0497, 0x0497, 0x0497,
0x0000, 0x0000, 0x0000, 0x0000, 0x0000, 0x0000, 0x0000, 0x0000, 0x0000, 0x0000, 
/* -10- */
0x0000, 0x0000, 0x0000, 0x0000, 0x0000, 0x0000, 0x0000, 0x0000, 0x0000, 0x0000, 0x0000, 0x0000, 0x0000, 0x0000, 0x0000, 0x0000,
0x03ff, 0x0497, 0x0497, 0x0497, 0x0498, 0x0497, 0x0497, 0x0497, 0x0497, 0x0497, 0x0497, 0x0497, 0x0497, 0x0497, 0x0497, 0x0497,
0x0497, 0x0497, 0x0497, 0x0497, 0x0497, 0x0497, 0x0497, 0x0497, 0x0497, 0x0497, 0x0497, 0x0497, 0x0497, 0x0497, 0x0497, 0x0497,
0x0497, 0x04b8, 0x0497, 0x0497, 0x04b6, 0x0000, 0x0000, 0x0000, 0x04b7, 0x0497, 0x04b8, 0x0497, 0x0497, 0x0497, 0x0497, 0x0497,
0x0497, 0x0497, 0x0497, 0x0497, 0x0497, 0x0497, 0x0497, 0x0497, 0x04b8, 0x0497, 0x0436, 0x0000, 0x0000, 0x0000, 0x0000, 0x0000,
0x0000, 0x0000, 0x0000, 0x0000, 0x0000, 0x0000, 0x0000, 0x0000, 0x0000, 0x0000, 0x0000, 0x0000, 0x0000, 0x0477, 0x0497, 0x0497,
0x0497, 0x0497, 0x0497, 0x0497, 0x0497, 0x0497, 0x0497, 0x0497, 0x0497, 0x0497, 0x0497, 0x0497, 0x0497, 0x0497, 0x0477, 0x0000,
0x03ff, 0x0497, 0x0497, 0x04b8, 0x0497, 0x0497, 0x0497, 0x0497, 0x0497, 0x0497, 0x0497, 0x0497, 0x0497, 0x0497, 0x0497, 0x0497,
0x0497, 0x0497, 0x0497, 0x0497, 0x0497, 0x0497, 0x0497, 0x0497, 0x0497, 0x0497, 0x0497, 0x0497, 0x0496, 0x0000, 0x0000, 0x0000,
0x0000, 0x0000, 0x0000, 0x0000, 0x0000, 0x0000, 0x055a, 0x0497, 0x04b8, 0x0497, 0x0497, 0x0497, 0x0497, 0x0497, 0x0497, 0x0497,
0x0497, 0x0497, 0x0497, 0x0497, 0x0497, 0x0497, 0x04b8, 0x0497, 0x0497, 0x0000, 0x03f5, 0x0497, 0x0497, 0x04b8, 0x0497, 0x0497,
0x0497, 0x0497, 0x0497, 0x0497, 0x0497, 0x0497, 0x0497, 0x0497, 0x0497, 0x0497, 0x0497, 0x0497, 0x0497, 0x0497, 0x0497, 0x0497,
0x0497, 0x0497, 0x0497, 0x0497, 0x0497, 0x0498, 0x0497, 0x0477, 0x04b7, 0x0000, 0x0000, 0x0000, 0x0000, 0x0000, 0x0000, 0x0000,
0x03f7, 0x0497, 0x0497, 0x0497, 0x0497, 0x0497, 0x0497, 0x0497, 0x0497, 0x0497, 0x0497, 0x0497, 0x0497, 0x0497, 0x0497, 0x0497,
0x0497, 0x0497, 0x0497, 0x0497, 0x0497, 0x0497, 0x0497, 0x0497, 0x0497, 0x0497, 0x0497, 0x0497, 0x0497, 0x0497, 0x0498, 0x0497,
0x0497, 0x0457, 0x0000, 0x0000, 0x0000, 0x0000, 0x0000, 0x0000, 0x0000, 0x0000, 
/* -11- */
0x0000, 0x0000, 0x0000, 0x0000, 0x0000, 0x0000, 0x0000, 0x0000, 0x0000, 0x0000, 0x0000, 0x0000, 0x0000, 0x0000, 0x0000, 0x0477,
0x0497, 0x0497, 0x04b8, 0x0497, 0x0497, 0x0497, 0x0497, 0x0497, 0x0497, 0x0497, 0x0497, 0x0497, 0x0497, 0x0497, 0x0497, 0x0497,
0x0497, 0x0497, 0x0497, 0x0497, 0x0497, 0x0497, 0x0497, 0x0497, 0x0497, 0x0497, 0x0497, 0x0497, 0x0497, 0x0497, 0x0497, 0x0497,
0x0497, 0x0497, 0x0497, 0x04b8, 0x0497, 0x04b7, 0x0000, 0x0000, 0x0497, 0x0497, 0x04b8, 0x0497, 0x0497, 0x0497, 0x0497, 0x0497,
0x0497, 0x0497, 0x0497, 0x0497, 0x0497, 0x0497, 0x0497, 0x0497, 0x04b8, 0x0497, 0x0436, 0x0000, 0x0000, 0x0000, 0x0000, 0x0000,
0x0000, 0x0000, 0x0000, 0x0000, 0x0000, 0x0000, 0x0000, 0x0000, 0x0000, 0x0000, 0x0000, 0x0000, 0x0000, 0x0477, 0x0497, 0x0497,
0x0497, 0x0497, 0x0497, 0x0497, 0x0497, 0x0497, 0x0497, 0x0497, 0x0497, 0x0497, 0x0497, 0x0497, 0x0497, 0x0497, 0x0477, 0x03f7,
0x0497, 0x0497, 0x04b8, 0x0497, 0x0497, 0x0497, 0x0497, 0x0497, 0x0497, 0x0497, 0x0497, 0x0497, 0x0497, 0x0497, 0x0497, 0x0497,
0x0497, 0x0497, 0x0497, 0x0497, 0x0497, 0x0497, 0x0497, 0x0497, 0x0497, 0x0497, 0x04b8, 0x0497, 0x0000, 0x0000, 0x0000, 0x0000,
0x0000, 0x0000, 0x0000, 0x0000, 0x0000, 0x0000, 0x055a, 0x0497, 0x04b8, 0x0497, 0x0497, 0x0497, 0x0497, 0x0497, 0x0497, 0x0497,
0x0497, 0x0497, 0x0497, 0x0497, 0x0497, 0x0497, 0x04b8, 0x0497, 0x04b7, 0x0457, 0x0497, 0x0497, 0x0497, 0x0497, 0x0497, 0x0497,
0x0497, 0x0497, 0x0497, 0x0497, 0x0497, 0x0497, 0x0497, 0x0497, 0x0497, 0x0497, 0x0497, 0x0497, 0x0497, 0x0497, 0x0497, 0x0497,
0x0497, 0x0497, 0x0497, 0x0497, 0x0497, 0x0497, 0x0497, 0x04b8, 0x0497, 0x0496, 0x0000, 0x0000, 0x0000, 0x0000, 0x0000, 0x0457,
0x0497, 0x0497, 0x0498, 0x0497, 0x0497, 0x0497, 0x0497, 0x0497, 0x0497, 0x0497, 0x0497, 0x0497, 0x0497, 0x0497, 0x0497, 0x0497,
0x0497, 0x0497, 0x0497, 0x0497, 0x0497, 0x0497, 0x0497, 0x0497, 0x0497, 0x0497, 0x0497, 0x0497, 0x0497, 0x0497, 0x0497, 0x0497,
0x0497, 0x0497, 0x0476, 0x0000, 0x0000, 0x0000, 0x0000, 0x0000, 0x0000, 0x0000, 
/* -12- */
0x0000, 0x0000, 0x0000, 0x0000, 0x0000, 0x0000, 0x0000, 0x0000, 0x0000, 0x0000, 0x0000, 0x0000, 0x0000, 0x0000, 0x0477, 0x0497,
0x0498, 0x0497, 0x0497, 0x0497, 0x0497, 0x0497, 0x0497, 0x0497, 0x0497, 0x0497, 0x0497, 0x0497, 0x0497, 0x0497, 0x0497, 0x0497,
0x0497, 0x0497, 0x0497, 0x0497, 0x0497, 0x0497, 0x0497, 0x0497, 0x0497, 0x0497, 0x0497, 0x0497, 0x0497, 0x0497, 0x0497, 0x0497,
0x0497, 0x0497, 0x0497, 0x0497, 0x04b8, 0x0497, 0x0498, 0x0000, 0x04b8, 0x0497, 0x04b8, 0x0497, 0x0497, 0x0497, 0x0497, 0x0497,
0x0497, 0x0497, 0x0497, 0x0497, 0x0497, 0x0497, 0x0497, 0x0497, 0x04b8, 0x0497, 0x0436, 0x0000, 0x0000, 0x0000, 0x0000, 0x0000,
0x0000, 0x0000, 0x0000, 0x0000, 0x0000, 0x0000, 0x0000, 0x0000, 0x0000, 0x0000, 0x0000, 0x0000, 0x0000, 0x0477, 0x0497, 0x0497,
0x0497, 0x0497, 0x0497, 0x0497, 0x0497, 0x0497, 0x0497, 0x0497, 0x0497, 0x0497, 0x0497, 0x0497, 0x0497, 0x0497, 0x0497, 0x0477,
0x0497, 0x04b8, 0x0497, 0x0497, 0x0497, 0x0497, 0x0497, 0x0497, 0x0497, 0x0497, 0x0497, 0x0497, 0x0497, 0x0497, 0x0497, 0x0497,
0x0497, 0x0497, 0x0497, 0x0497, 0x0497, 0x0497, 0x0497, 0x0497, 0x0497, 0x0497, 0x0497, 0x0477, 0x0000, 0x0000, 0x0000, 0x0000,
0x0000, 0x0000, 0x0000, 0x0000, 0x0000, 0x0000, 0x055a, 0x0497, 0x04b8, 0x0497, 0x0497, 0x0497, 0x0497, 0x0497, 0x0497, 0x0497,
0x0497, 0x0497, 0x0497, 0x0497, 0x0497, 0x0497, 0x04b8, 0x0497, 0x0497, 0x0497, 0x04b8, 0x0497, 0x0497, 0x0497, 0x0497, 0x0497,
0x0497, 0x0497, 0x0497, 0x0497, 0x0497, 0x0497, 0x0497, 0x0497, 0x0497, 0x0497, 0x0497, 0x0497, 0x0497, 0x0497, 0x0497, 0x0497,
0x0497, 0x0497, 0x0497, 0x0497, 0x0497, 0x0497, 0x0497, 0x0497, 0x04b8, 0x0497, 0x04b8, 0x0000, 0x0000, 0x0000, 0x04b7, 0x0497,
0x0497, 0x0497, 0x0497, 0x0497, 0x0497, 0x0497, 0x0497, 0x0497, 0x0497, 0x0497, 0x0497, 0x0497, 0x0497, 0x0497, 0x0497, 0x0497,
0x0497, 0x0497, 0x0497, 0x0497, 0x0497, 0x0497, 0x0497, 0x0497, 0x0497, 0x0497, 0x0497, 0x0497, 0x0497, 0x0497, 0x0497, 0x0497,
0x0497, 0x04b8, 0x0497, 0x0497, 0x0000, 0x0000, 0x0000, 0x0000, 0x0000, 0x0000, 
/* -13- */
0x0000, 0x0000, 0x0000, 0x0000, 0x0000, 0x0000, 0x0000, 0x0000, 0x0000, 0x0000, 0x0000, 0x0000, 0x0000, 0x0497, 0x0497, 0x04b8,
0x0497, 0x0497, 0x0497, 0x0497, 0x0497, 0x0497, 0x0497, 0x0497, 0x0497, 0x0497, 0x0497, 0x0497, 0x0497, 0x0497, 0x0497, 0x0497,
0x0497, 0x0497, 0x0497, 0x0497, 0x0497, 0x0497, 0x0497, 0x0497, 0x0497, 0x0497, 0x0497, 0x0497, 0x0497, 0x0497, 0x0497, 0x0497,
0x0497, 0x0497, 0x0497, 0x0497, 0x0497, 0x04b8, 0x0497, 0x0497, 0x0477, 0x0497, 0x04b8, 0x0497, 0x0497, 0x0497, 0x0497, 0x0497,
0x0497, 0x0497, 0x0497, 0x0497, 0x0497, 0x0497, 0x0497, 0x0497, 0x04b8, 0x0497, 0x0436, 0x0000, 0x0000, 0x0000, 0x0000, 0x0000,
0x0000, 0x0000, 0x0000, 0x0000, 0x0000, 0x0000, 0x0000, 0x0000, 0x0000, 0x0000, 0x0000, 0x0000, 0x0000, 0x0477, 0x0497, 0x0497,
0x0497, 0x0497, 0x0497, 0x0497, 0x0497, 0x0497, 0x0497, 0x0497, 0x0497, 0x0497, 0x0497, 0x0497, 0x0497, 0x0497, 0x0497, 0x0497,
0x04b8, 0x0497, 0x0497, 0x0497, 0x0497, 0x0497, 0x0497, 0x0497, 0x0497, 0x0497, 0x0497, 0x0497, 0x0497, 0x0497, 0x0497, 0x0497,
0x0497, 0x0497, 0x0497, 0x0497, 0x0497, 0x0497, 0x0497, 0x0497, 0x0497, 0x04d8, 0x0497, 0x03f7, 0x0000, 0x0000, 0x0000, 0x0000,
0x0000, 0x0000, 0x0000, 0x0000, 0x0000, 0x0000, 0x055a, 0x0497, 0x04b8, 0x0497, 0x0497, 0x0497, 0x0497, 0x0497, 0x0497, 0x0497,
0x0497, 0x0497, 0x0497, 0x0497, 0x0497, 0x0497, 0x0498, 0x0497, 0x0497, 0x0497, 0x0497, 0x0497, 0x0497, 0x0497, 0x0497, 0x0497,
0x0497, 0x0497, 0x0497, 0x0497, 0x0497, 0x0497, 0x0497, 0x0497, 0x0497, 0x0497, 0x0497, 0x0497, 0x0497, 0x0497, 0x0497, 0x0497,
0x0497, 0x0497, 0x0497, 0x0497, 0x0497, 0x0497, 0x0497, 0x0497, 0x0497, 0x04b8, 0x0497, 0x055a, 0x0000, 0x04f7, 0x0497, 0x0497,
0x0498, 0x0497, 0x0497, 0x0497, 0x0497, 0x0497, 0x0497, 0x0497, 0x0497, 0x0497, 0x0497, 0x0497, 0x0497, 0x0497, 0x0497, 0x0497,
0x0497, 0x0497, 0x0497, 0x0497, 0x0497, 0x0497, 0x0497, 0x0497, 0x0497, 0x0497, 0x0497, 0x0497, 0x0497, 0x0497, 0x0497, 0x0497,
0x0497, 0x0497, 0x04b8, 0x0497, 0x0456, 0x0000, 0x0000, 0x0000, 0x0000, 0x0000, 
/* -14- */
0x0000, 0x0000, 0x0000, 0x0000, 0x0000, 0x0000, 0x0000, 0x0000, 0x0000, 0x0000, 0x0000, 0x0000, 0x0477, 0x0497, 0x04b8, 0x0497,
0x0497, 0x0497, 0x0497, 0x0497, 0x0497, 0x0497, 0x0497, 0x0497, 0x0497, 0x0497, 0x0497, 0x0497, 0x0497, 0x0497, 0x0497, 0x0497,
0x0497, 0x0497, 0x0497, 0x0497, 0x0497, 0x0497, 0x0497, 0x0497, 0x0497, 0x0497, 0x0497, 0x0497, 0x0497, 0x0497, 0x0497, 0x0497,
0x0497, 0x0497, 0x0497, 0x0497, 0x0497, 0x0497, 0x04b8, 0x0497, 0x04b7, 0x0497, 0x04b8, 0x0497, 0x0497, 0x0497, 0x0497, 0x0497,
0x0497, 0x0497, 0x0497, 0x0497, 0x0497, 0x0497, 0x0497, 0x0497, 0x04b8, 0x0497, 0x0436, 0x0000, 0x0000, 0x0000, 0x0000, 0x0000,
0x0000, 0x0000, 0x0000, 0x0000, 0x0000, 0x0000, 0x0000, 0x0000, 0x0000, 0x0000, 0x0000, 0x0000, 0x0000, 0x0477, 0x0497, 0x0497,
0x0497, 0x0497, 0x0497, 0x0497, 0x0497, 0x0497, 0x0497, 0x0497, 0x0497, 0x0497, 0x0497, 0x0497, 0x0497, 0x0497, 0x0497, 0x0498,
0x0497, 0x0497, 0x0497, 0x0497, 0x0497, 0x0497, 0x0497, 0x0497, 0x0497, 0x0497, 0x0497, 0x0497, 0x0497, 0x0497, 0x0497, 0x0497,
0x0497, 0x0497, 0x0497, 0x0497, 0x0497, 0x0497, 0x0497, 0x0497, 0x04b8, 0x0497, 0x0477, 0x0000, 0x0000, 0x0000, 0x0000, 0x0000,
0x0000, 0x0000, 0x0000, 0x0000, 0x0000, 0x0000, 0x055a, 0x0497, 0x04b8, 0x0497, 0x0497, 0x0497, 0x0497, 0x0497, 0x0497, 0x0497,
0x0497, 0x0497, 0x0497, 0x0497, 0x0497, 0x0497, 0x0497, 0x0497, 0x0497, 0x0497, 0x0497, 0x0497, 0x0497, 0x0497, 0x0497, 0x0497,
0x0497, 0x0497, 0x0497, 0x0497, 0x0497, 0x0497, 0x0497, 0x0497, 0x0497, 0x0497, 0x0497, 0x0497, 0x0497, 0x0497, 0x0497, 0x0497,
0x0497, 0x0497, 0x0497, 0x0497, 0x0497, 0x0497, 0x0497, 0x0497, 0x0497, 0x04b8, 0x0497, 0x0497, 0x0000, 0x0497, 0x0498, 0x0497,
0x0497, 0x0497, 0x0497, 0x0497, 0x0497, 0x0497, 0x0497, 0x0497, 0x0497, 0x0497, 0x0497, 0x0497, 0x0497, 0x0497, 0x0497, 0x0497,
0x0497, 0x0497, 0x0497, 0x0497, 0x0497, 0x0497, 0x0497, 0x0497, 0x0497, 0x0497, 0x0497, 0x0497, 0x0497, 0x0497, 0x0497, 0x0497,
0x0497, 0x0497, 0x0497, 0x0497, 0x0497, 0x0000, 0x0000, 0x0000, 0x0000, 0x0000, 
/* -15- */
0x0000, 0x0000, 0x0000, 0x0000, 0x0000, 0x0000, 0x0000, 0x0000, 0x0000, 0x0000, 0x0000, 0x0497, 0x0497, 0x0498, 0x0497, 0x0497,
0x0497, 0x0497, 0x0497, 0x0497, 0x0497, 0x0497, 0x0497, 0x0497, 0x0497, 0x0497, 0x0497, 0x0497, 0x0497, 0x0497, 0x0497, 0x0497,
0x0497, 0x0497, 0x0497, 0x0497, 0x0497, 0x0497, 0x0497, 0x0497, 0x0497, 0x0497, 0x0497, 0x0497, 0x0497, 0x0497, 0x0497, 0x0497,
0x0497, 0x0497, 0x0497, 0x0497, 0x0497, 0x0497, 0x0497, 0x04b8, 0x0497, 0x0497, 0x04b8, 0x0497, 0x0497, 0x0497, 0x0497, 0x0497,
0x0497, 0x0497, 0x0497, 0x0497, 0x0497, 0x0497, 0x0497, 0x0497, 0x04b8, 0x0497, 0x0436, 0x0000, 0x0000, 0x0000, 0x0000, 0x0000,
0x0000, 0x0000, 0x0000, 0x0000, 0x0000, 0x0000, 0x0000, 0x0000, 0x0000, 0x0000, 0x0000, 0x0000, 0x0000, 0x0477, 0x0497, 0x0497,
0x0497, 0x0497, 0x0497, 0x0497, 0x0497, 0x0497, 0x0497, 0x0497, 0x0497, 0x0497, 0x0497, 0x0497, 0x0497, 0x0497, 0x0497, 0x0497,
0x0497, 0x0497, 0x0497, 0x0497, 0x0497, 0x0497, 0x0497, 0x0497, 0x0497, 0x0497, 0x0497, 0x0497, 0x0497, 0x0497, 0x0497, 0x0497,
0x0497, 0x0497, 0x0497, 0x0497, 0x0497, 0x0497, 0x0497, 0x0497, 0x04d8, 0x0497, 0x0496, 0x0000, 0x0000, 0x0000, 0x0000, 0x0000,
0x0000, 0x0000, 0x0000, 0x0000, 0x0000, 0x0000, 0x055a, 0x0497, 0x04b8, 0x0497, 0x0497, 0x0497, 0x0497, 0x0497, 0x0497, 0x0497,
0x0497, 0x0497, 0x0497, 0x0497, 0x0497, 0x0497, 0x0497, 0x0497, 0x0497, 0x0497, 0x0497, 0x0497, 0x0497, 0x0497, 0x0497, 0x0497,
0x0497, 0x0497, 0x0497, 0x0497, 0x0497, 0x0497, 0x0497, 0x0497, 0x0497, 0x0497, 0x0497, 0x0497, 0x0497, 0x0497, 0x0497, 0x0497,
0x0497, 0x0497, 0x0497, 0x0497, 0x0497, 0x0497, 0x0497, 0x0497, 0x0497, 0x0497, 0x04b8, 0x0497, 0x0497, 0x0497, 0x0497, 0x0497,
0x0497, 0x0497, 0x0497, 0x0497, 0x0497, 0x0497, 0x0497, 0x0497, 0x0497, 0x0497, 0x0497, 0x0497, 0x0497, 0x0497, 0x0497, 0x0497,
0x0497, 0x0497, 0x0497, 0x0497, 0x0497, 0x0497, 0x0497, 0x0497, 0x0497, 0x0497, 0x0497, 0x0497, 0x0497, 0x0497, 0x0497, 0x0497,
0x0497, 0x0497, 0x0497, 0x0497, 0x0497, 0x0477, 0x0000, 0x0000, 0x0000, 0x0000, 
/* -16- */
0x0000, 0x0000, 0x0000, 0x0000, 0x0000, 0x0000, 0x0000, 0x0000, 0x0000, 0x0000, 0x0497, 0x0497, 0x0497, 0x0497, 0x0497, 0x0497,
0x0497, 0x0497, 0x0497, 0x0497, 0x0497, 0x0497, 0x0497, 0x0497, 0x0497, 0x0497, 0x0497, 0x0497, 0x0497, 0x0497, 0x0497, 0x0497,
0x0497, 0x0497, 0x0497, 0x0497, 0x0497, 0x0497, 0x0497, 0x0497, 0x0497, 0x0497, 0x0497, 0x0497, 0x0497, 0x0497, 0x0497, 0x0497,
0x0497, 0x0497, 0x0497, 0x0497, 0x0497, 0x0497, 0x0497, 0x0497, 0x0497, 0x0497, 0x0497, 0x0497, 0x0497, 0x0497, 0x0497, 0x0497,
0x0497, 0x0497, 0x0497, 0x0497, 0x0497, 0x0497, 0x0497, 0x0497, 0x04b8, 0x0497, 0x0436, 0x0000, 0x0000, 0x0000, 0x0000, 0x0000,
0x0000, 0x0000, 0x0000, 0x0000, 0x0000, 0x0000, 0x0000, 0x0000, 0x0000, 0x0000, 0x0000, 0x0000, 0x0000, 0x0477, 0x0497, 0x0497,
0x0497, 0x0497, 0x0497, 0x0497, 0x0497, 0x0497, 0x0497, 0x0497, 0x0497, 0x0497, 0x0497, 0x0497, 0x0497, 0x0497, 0x0497, 0x0497,
0x0497, 0x0497, 0x0497, 0x0497, 0x0497, 0x0497, 0x0497, 0x0497, 0x0497, 0x0497, 0x0497, 0x0497, 0x0497, 0x0497, 0x0497, 0x0497,
0x0497, 0x0497, 0x0497, 0x0497, 0x0497, 0x0497, 0x0497, 0x0498, 0x0497, 0x0497, 0x0000, 0x0000, 0x0000, 0x0000, 0x0000, 0x0000,
0x0000, 0x0000, 0x0000, 0x0000, 0x0000, 0x0000, 0x055a, 0x0497, 0x04b8, 0x0497, 0x0497, 0x0497, 0x0497, 0x0497, 0x0497, 0x0497,
0x0497, 0x0497, 0x0497, 0x0497, 0x0497, 0x0497, 0x0497, 0x0497, 0x0497, 0x0497, 0x0497, 0x0497, 0x0497, 0x0497, 0x0497, 0x0497,
0x0497, 0x0497, 0x0497, 0x0497, 0x0497, 0x0497, 0x0497, 0x0497, 0x0497, 0x0497, 0x0497, 0x0497, 0x0497, 0x0497, 0x0497, 0x0497,
0x0497, 0x0497, 0x0497, 0x0497, 0x0497, 0x0497, 0x0497, 0x0497, 0x0497, 0x0497, 0x0497, 0x0497, 0x0497, 0x0497, 0x0497, 0x0497,
0x0497, 0x0497, 0x0497, 0x0497, 0x0497, 0x0497, 0x0497, 0x0497, 0x0497, 0x0497, 0x0497, 0x0497, 0x0497, 0x0497, 0x0497, 0x0497,
0x0497, 0x0497, 0x0497, 0x0497, 0x0497, 0x0497, 0x0497, 0x0497, 0x0497, 0x0497, 0x0497, 0x0497, 0x0497, 0x0497, 0x0497, 0x0497,
0x0497, 0x0497, 0x0497, 0x0497, 0x0498, 0x0497, 0x0477, 0x0000, 0x0000, 0x0000, 
/* -17- */
0x0000, 0x0000, 0x0000, 0x0000, 0x0000, 0x0000, 0x0000, 0x0000, 0x0000, 0x0497, 0x0497, 0x0497, 0x0497, 0x0497, 0x0497, 0x0497,
0x0497, 0x0497, 0x0497, 0x0497, 0x0497, 0x0497, 0x0497, 0x0497, 0x0497, 0x0497, 0x0497, 0x0497, 0x0497, 0x0497, 0x0497, 0x0497,
0x0497, 0x0497, 0x0497, 0x0497, 0x0497, 0x0497, 0x0497, 0x0497, 0x0497, 0x0497, 0x0497, 0x0497, 0x0497, 0x0497, 0x0497, 0x0497,
0x0497, 0x0497, 0x0497, 0x0497, 0x0497, 0x0497, 0x0497, 0x0497, 0x0497, 0x0497, 0x0497, 0x0497, 0x0497, 0x0497, 0x0497, 0x0497,
0x0497, 0x0497, 0x0497, 0x0497, 0x0497, 0x0497, 0x0497, 0x0497, 0x04b8, 0x0497, 0x0436, 0x0000, 0x0000, 0x0000, 0x0000, 0x0000,
0x0000, 0x0000, 0x0000, 0x0000, 0x0000, 0x0000, 0x0000, 0x0000, 0x0000, 0x0000, 0x0000, 0x0000, 0x0000, 0x0477, 0x0497, 0x0497,
0x0497, 0x0497, 0x0497, 0x0497, 0x0497, 0x0497, 0x0497, 0x0497, 0x0497, 0x0497, 0x0497, 0x0497, 0x0497, 0x0497, 0x0497, 0x0497,
0x0497, 0x0497, 0x0497, 0x0497, 0x0497, 0x0497, 0x0497, 0x0497, 0x0497, 0x0497, 0x0497, 0x0497, 0x0497, 0x0497, 0x0497, 0x0497,
0x0497, 0x0497, 0x0497, 0x0497, 0x0497, 0x0497, 0x0497, 0x04b8, 0x0497, 0x0496, 0x0000, 0x0000, 0x0000, 0x0000, 0x0000, 0x0000,
0x0000, 0x0000, 0x0000, 0x0000, 0x0000, 0x0000, 0x055a, 0x0497, 0x04b8, 0x0497, 0x0497, 0x0497, 0x0497, 0x0497, 0x0497, 0x0497,
0x0497, 0x0497, 0x0497, 0x0497, 0x0497, 0x0497, 0x0497, 0x0497, 0x0497, 0x0497, 0x0497, 0x0497, 0x0497, 0x0497, 0x0497, 0x0497,
0x0497, 0x0497, 0x0497, 0x0497, 0x0497, 0x0497, 0x0497, 0x0497, 0x0497, 0x0497, 0x0497, 0x0497, 0x0497, 0x0497, 0x0497, 0x0497,
0x0497, 0x0497, 0x0497, 0x0497, 0x0497, 0x0497, 0x0497, 0x0497, 0x0497, 0x0497, 0x0497, 0x0497, 0x0497, 0x0497, 0x0497, 0x0497,
0x0497, 0x0497, 0x0497, 0x0497, 0x0497, 0x0497, 0x0497, 0x0497, 0x0497, 0x0497, 0x0497, 0x0497, 0x0497, 0x0497, 0x0497, 0x0497,
0x0497, 0x0497, 0x0497, 0x0497, 0x0497, 0x0497, 0x0497, 0x0497, 0x0497, 0x0497, 0x0497, 0x0497, 0x0497, 0x0497, 0x0497, 0x0497,
0x0497, 0x0497, 0x0497, 0x0497, 0x0497, 0x0497, 0x0497, 0x0000, 0x0000, 0x0000, 
/* -18- */
0x0000, 0x0000, 0x0000, 0x0000, 0x0000, 0x0000, 0x0000, 0x0000, 0x0497, 0x0497, 0x04b8, 0x0497, 0x0497, 0x0497, 0x0497, 0x0497,
0x0497, 0x0497, 0x0497, 0x0497, 0x0497, 0x0497, 0x0497, 0x0497, 0x0497, 0x0497, 0x0497, 0x0497, 0x0497, 0x0497, 0x0497, 0x0497,
0x0497, 0x0497, 0x0497, 0x0497, 0x0497, 0x0497, 0x0497, 0x0497, 0x0497, 0x0497, 0x0497, 0x0497, 0x0497, 0x0497, 0x0497, 0x0497,
0x0497, 0x0497, 0x0497, 0x0497, 0x0497, 0x0497, 0x0497, 0x0497, 0x0497, 0x0497, 0x0497, 0x0497, 0x0497, 0x0497, 0x0497, 0x0497,
0x0497, 0x0497, 0x0497, 0x0497, 0x0497, 0x0497, 0x0497, 0x0497, 0x04b8, 0x0497, 0x0436, 0x0000, 0x0000, 0x0000, 0x0000, 0x0000,
0x0000, 0x0000, 0x0000, 0x0000, 0x0000, 0x0000, 0x0000, 0x0000, 0x0000, 0x0000, 0x0000, 0x0000, 0x0000, 0x0477, 0x0497, 0x0497,
0x0497, 0x0497, 0x0497, 0x0497, 0x0497, 0x0497, 0x0497, 0x0497, 0x0497, 0x0497, 0x0497, 0x0497, 0x0497, 0x0497, 0x0497, 0x0497,
0x0497, 0x0497, 0x0497, 0x0497, 0x0497, 0x0497, 0x0497, 0x0497, 0x0497, 0x0497, 0x0497, 0x0497, 0x0497, 0x0497, 0x0497, 0x0497,
0x0497, 0x0497, 0x0497, 0x0497, 0x0497, 0x0497, 0x0497, 0x0497, 0x0497, 0x0000, 0x0000, 0x0000, 0x0000, 0x0000, 0x0000, 0x0000,
0x0000, 0x0000, 0x0000, 0x0000, 0x0000, 0x0000, 0x055a, 0x0497, 0x04b8, 0x0497, 0x0497, 0x0497, 0x0497, 0x0497, 0x0497, 0x0497,
0x0497, 0x0497, 0x0497, 0x0497, 0x0497, 0x0497, 0x0497, 0x0497, 0x0497, 0x0497, 0x0497, 0x0497, 0x0497, 0x0497, 0x0497, 0x0497,
0x0497, 0x0497, 0x0497, 0x0497, 0x0497, 0x0497, 0x0497, 0x0497, 0x0497, 0x0497, 0x0497, 0x0497, 0x0497, 0x0497, 0x0497, 0x0497,
0x0497, 0x0497, 0x0497, 0x0497, 0x0497, 0x0497, 0x0497, 0x0497, 0x0497, 0x0497, 0x0497, 0x0497, 0x0497, 0x0497, 0x0497, 0x0497,
0x0497, 0x0497, 0x0497, 0x0497, 0x0497, 0x0497, 0x0497, 0x0497, 0x0497, 0x0497, 0x0497, 0x0497, 0x0497, 0x0497, 0x0497, 0x0497,
0x0497, 0x0497, 0x0497, 0x0497, 0x0497, 0x0497, 0x0497, 0x0497, 0x0497, 0x0497, 0x0497, 0x0497, 0x0497, 0x0497, 0x0497, 0x0497,
0x0497, 0x0497, 0x0497, 0x0497, 0x0497, 0x04b8, 0x0497, 0x04b7, 0x0000, 0x0000, 
/* -19- */
0x0000, 0x0000, 0x0000, 0x0000, 0x0000, 0x0000, 0x0000, 0x0457, 0x0497, 0x04b8, 0x0497, 0x0497, 0x0497, 0x0497, 0x0497, 0x0497,
0x0497, 0x0497, 0x0497, 0x0497, 0x0497, 0x0497, 0x0497, 0x0497, 0x0497, 0x0497, 0x0497, 0x0497, 0x0497, 0x0497, 0x0497, 0x0497,
0x0497, 0x0497, 0x0498, 0x0497, 0x0497, 0x0497, 0x0497, 0x0497, 0x0497, 0x0498, 0x0497, 0x0497, 0x0497, 0x0497, 0x0497, 0x0497,
0x0497, 0x0497, 0x0497, 0x0497, 0x0497, 0x0497, 0x0497, 0x0497, 0x0497, 0x0497, 0x0497, 0x0497, 0x0497, 0x0497, 0x0497, 0x0497,
0x0497, 0x0497, 0x0497, 0x0497, 0x0497, 0x0497, 0x0497, 0x0497, 0x04b8, 0x0497, 0x0436, 0x0000, 0x0000, 0x0000, 0x0000, 0x0000,
0x0000, 0x0000, 0x0000, 0x0000, 0x0000, 0x0000, 0x0000, 0x0000, 0x0000, 0x0000, 0x0000, 0x0000, 0x0000, 0x0477, 0x0497, 0x0497,
0x0497, 0x0497, 0x0497, 0x0497, 0x0497, 0x0497, 0x0497, 0x0497, 0x0497, 0x0497, 0x0497, 0x0497, 0x0497, 0x0497, 0x0497, 0x0497,
0x0497, 0x0497, 0x0497, 0x0497, 0x0497, 0x0497, 0x0497, 0x0497, 0x0497, 0x0497, 0x0497, 0x0497, 0x0497, 0x0497, 0x0497, 0x0497,
0x0497, 0x0497, 0x0497, 0x0497, 0x0497, 0x0497, 0x0498, 0x0497, 0x04d9, 0x0000, 0x0000, 0x0000, 0x0000, 0x0000, 0x0000, 0x0000,
0x0000, 0x0000, 0x0000, 0x0000, 0x0000, 0x0000, 0x055a, 0x0497, 0x04b8, 0x0497, 0x0497, 0x0497, 0x0497, 0x0497, 0x0497, 0x0497,
0x0497, 0x0497, 0x0497, 0x0497, 0x0497, 0x0497, 0x0497, 0x0497, 0x0497, 0x0497, 0x0497, 0x0497, 0x0497, 0x0497, 0x0497, 0x0497,
0x0497, 0x0497, 0x0497, 0x0497, 0x0497, 0x0497, 0x0497, 0x0497, 0x0497, 0x0497, 0x0497, 0x0497, 0x0497, 0x0497, 0x0497, 0x0497,
0x0497, 0x0497, 0x0497, 0x0497, 0x0497, 0x0497, 0x0497, 0x0497, 0x0497, 0x0497, 0x0497, 0x0497, 0x0497, 0x0497, 0x0497, 0x0497,
0x0497, 0x0497, 0x0497, 0x0497, 0x0497, 0x0497, 0x0497, 0x0497, 0x0497, 0x0497, 0x0497, 0x0497, 0x0497, 0x0497, 0x0497, 0x0497,
0x0497, 0x0497, 0x0497, 0x0497, 0x0497, 0x0497, 0x0497, 0x0497, 0x0497, 0x0497, 0x0497, 0x0497, 0x0497, 0x0497, 0x0497, 0x0497,
0x0497, 0x0497, 0x0497, 0x0497, 0x0497, 0x0497, 0x0498, 0x0497, 0x0000, 0x0000, 
/* -20- */
0x0000, 0x0000, 0x0000, 0x0000, 0x0000, 0x0000, 0x03ef, 0x0497, 0x0497, 0x0497, 0x0497, 0x0497, 0x0497, 0x0497, 0x0497, 0x0497,
0x0497, 0x0497, 0x0497, 0x0497, 0x0497, 0x0497, 0x0497, 0x0497, 0x0497, 0x0497, 0x0497, 0x0497, 0x0497, 0x0497, 0x04b8, 0x04b8,
0x0497, 0x0497, 0x0497, 0x0497, 0x0497, 0x0477, 0x0497, 0x0497, 0x0497, 0x0497, 0x0497, 0x0497, 0x04b8, 0x04b8, 0x0497, 0x0497,
0x0497, 0x0497, 0x0497, 0x0497, 0x0497, 0x0497, 0x0497, 0x0497, 0x0497, 0x0497, 0x0497, 0x0497, 0x0497, 0x0497, 0x0497, 0x0497,
0x0497, 0x0497, 0x0497, 0x0497, 0x0497, 0x0497, 0x0497, 0x0497, 0x04b8, 0x0497, 0x0436, 0x0000, 0x0000, 0x0000, 0x0000, 0x0000,
0x0000, 0x0000, 0x0000, 0x0000, 0x0000, 0x0000, 0x0000, 0x0000, 0x0000, 0x0000, 0x0000, 0x0000, 0x0000, 0x0477, 0x0497, 0x0497,
0x0497, 0x0497, 0x0497, 0x0497, 0x0497, 0x0497, 0x0497, 0x0497, 0x0497, 0x0497, 0x0497, 0x0497, 0x0497, 0x0497, 0x0497, 0x0497,
0x0497, 0x0497, 0x0497, 0x0497, 0x0497, 0x0497, 0x0497, 0x0497, 0x04b8, 0x04b8, 0x0498, 0x0497, 0x0497, 0x0497, 0x0497, 0x04b8,
0x04b8, 0x04b8, 0x0497, 0x0497, 0x0497, 0x0497, 0x0497, 0x0497, 0x0000, 0x0000, 0x0000, 0x0000, 0x0000, 0x0000, 0x0000, 0x0000,
0x0000, 0x0000, 0x0000, 0x0000, 0x0000, 0x0000, 0x055a, 0x0497, 0x04b8, 0x0497, 0x0497, 0x0497, 0x0497, 0x0497, 0x0497, 0x0497,
0x0497, 0x0497, 0x0497, 0x0497, 0x0497, 0x0497, 0x0497, 0x0497, 0x0497, 0x0497, 0x0497, 0x0497, 0x0497, 0x0497, 0x0497, 0x04b8,
0x0497, 0x0497, 0x0497, 0x0497, 0x0497, 0x0477, 0x0497, 0x0497, 0x0497, 0x0497, 0x04b8, 0x0497, 0x0497, 0x0497, 0x0497, 0x0497,
0x0497, 0x0497, 0x0497, 0x0497, 0x0497, 0x0497, 0x0497, 0x0497, 0x0497, 0x0497, 0x0497, 0x0497, 0x0497, 0x0497, 0x0497, 0x0497,
0x0497, 0x0497, 0x0497, 0x0497, 0x0497, 0x0497, 0x0497, 0x0497, 0x04b8, 0x0497, 0x0497, 0x0497, 0x0497, 0x0497, 0x0477, 0x0497,
0x0477, 0x0497, 0x0497, 0x04b8, 0x0497, 0x0497, 0x0497, 0x0497, 0x0497, 0x0497, 0x0497, 0x0497, 0x0497, 0x0497, 0x0497, 0x0497,
0x0497, 0x0497, 0x0497, 0x0497, 0x0497, 0x0497, 0x04b8, 0x0497, 0x04b7, 0x0000, 
/* -21- */
0x0000, 0x0000, 0x0000, 0x0000, 0x0000, 0x0000, 0x0497, 0x0497, 0x04b8, 0x0497, 0x0497, 0x0497, 0x0497, 0x0497, 0x0497, 0x0497,
0x0497, 0x0497, 0x0497, 0x0497, 0x0497, 0x0497, 0x0497, 0x0497, 0x0497, 0x0497, 0x0497, 0x0497, 0x04b8, 0x0498, 0x0497, 0x0497,
0x0497, 0x04b7, 0x07ff, 0x0000, 0x0000, 0x0000, 0x0000, 0x0000, 0x0000, 0x0555, 0x0497, 0x0497, 0x0477, 0x0497, 0x0497, 0x04b8,
0x0497, 0x0497, 0x0497, 0x0497, 0x0497, 0x0497, 0x0497, 0x0497, 0x0497, 0x0497, 0x0497, 0x0497, 0x0497, 0x0497, 0x0497, 0x0497,
0x0497, 0x0497, 0x0497, 0x0497, 0x0497, 0x0497, 0x0497, 0x0497, 0x04b8, 0x0497, 0x0436, 0x0000, 0x0000, 0x0000, 0x0000, 0x0000,
0x0000, 0x0000, 0x0000, 0x0000, 0x0000, 0x0000, 0x0000, 0x0000, 0x0000, 0x0000, 0x0000, 0x0000, 0x0000, 0x0477, 0x0497, 0x0497,
0x0497, 0x0497, 0x0497, 0x0497, 0x0497, 0x0497, 0x0497, 0x0497, 0x0497, 0x0497, 0x0497, 0x0497, 0x0497, 0x0497, 0x0497, 0x0497,
0x0497, 0x0497, 0x0497, 0x0497, 0x0497, 0x0497, 0x04b8, 0x0497, 0x0497, 0x0497, 0x0497, 0x0497, 0x0497, 0x0477, 0x0477, 0x0497,
0x0497, 0x0497, 0x0497, 0x04b8, 0x0497, 0x0497, 0x0497, 0x0476, 0x0000, 0x0000, 0x0000, 0x0000, 0x0000, 0x0000, 0x0000, 0x0000,
0x0000, 0x0000, 0x0000, 0x0000, 0x0000, 0x0000, 0x055a, 0x0497, 0x04b8, 0x0497, 0x0497, 0x0497, 0x0497, 0x0497, 0x0497, 0x0497,
0x0497, 0x0497, 0x0497, 0x0497, 0x0497, 0x0497, 0x0497, 0x0497, 0x0497, 0x0497, 0x0497, 0x0497, 0x0497, 0x0497, 0x04b8, 0x0497,
0x0497, 0x0497, 0x001f, 0x0000, 0x0000, 0x0000, 0x0000, 0x0000, 0x0496, 0x0497, 0x0497, 0x0497, 0x0498, 0x0497, 0x0497, 0x0497,
0x0497, 0x0497, 0x0497, 0x0497, 0x0497, 0x0497, 0x0497, 0x0497, 0x0497, 0x0497, 0x0497, 0x0497, 0x0497, 0x0497, 0x0497, 0x0497,
0x0497, 0x0497, 0x0497, 0x0497, 0x0497, 0x0497, 0x0498, 0x0498, 0x0497, 0x0497, 0x0477, 0x0000, 0x0000, 0x0000, 0x0000, 0x0000,
0x0000, 0x04b7, 0x0497, 0x0497, 0x04b8, 0x0497, 0x0497, 0x0497, 0x0497, 0x0497, 0x0497, 0x0497, 0x0497, 0x0497, 0x0497, 0x0497,
0x0497, 0x0497, 0x0497, 0x0497, 0x0497, 0x0497, 0x0498, 0x0497, 0x0477, 0x0000, 
/* -22- */
0x0000, 0x0000, 0x0000, 0x0000, 0x0000, 0x055a, 0x0497, 0x04b8, 0x0497, 0x0497, 0x0497, 0x0497, 0x0497, 0x0497, 0x0497, 0x0497,
0x0497, 0x0497, 0x0497, 0x0497, 0x0497, 0x0497, 0x0497, 0x0497, 0x0497, 0x0497, 0x0497, 0x04b8, 0x0497, 0x0497, 0x0497, 0x0000,
0x0000, 0x0000, 0x0000, 0x0000, 0x0000, 0x0000, 0x0000, 0x0000, 0x0000, 0x0000, 0x0000, 0x0000, 0x0000, 0x0497, 0x0497, 0x0497,
0x04b8, 0x0498, 0x0497, 0x0497, 0x0497, 0x0497, 0x0497, 0x0497, 0x0497, 0x0497, 0x0497, 0x0497, 0x0497, 0x0497, 0x0497, 0x0497,
0x0497, 0x0497, 0x0497, 0x0497, 0x0497, 0x0497, 0x0497, 0x0497, 0x04b8, 0x0497, 0x0436, 0x0000, 0x0000, 0x0000, 0x0000, 0x0000,
0x0000, 0x0000, 0x0000, 0x0000, 0x0000, 0x0000, 0x0000, 0x0000, 0x0000, 0x0000, 0x0000, 0x0000, 0x0000, 0x0477, 0x0497, 0x0497,
0x0497, 0x0497, 0x0497, 0x0497, 0x0497, 0x0497, 0x0497, 0x0497, 0x0497, 0x0497, 0x0497, 0x0497, 0x0497, 0x0497, 0x0497, 0x0497,
0x0497, 0x0497, 0x0497, 0x0497, 0x04b8, 0x0497, 0x0497, 0x0497, 0x0497, 0x0000, 0x0000, 0x0000, 0x0000, 0x0000, 0x0000, 0x0000,
0x04b7, 0x0477, 0x0497, 0x0497, 0x0497, 0x04d9, 0x0497, 0x0000, 0x0000, 0x0000, 0x0000, 0x0000, 0x0000, 0x0000, 0x0000, 0x0000,
0x0000, 0x0000, 0x0000, 0x0000, 0x0000, 0x0000, 0x055a, 0x0497, 0x04b8, 0x0497, 0x0497, 0x0497, 0x0497, 0x0497, 0x0497, 0x0497,
0x0497, 0x0497, 0x0497, 0x0497, 0x0497, 0x0497, 0x0497, 0x0497, 0x0497, 0x0497, 0x0497, 0x0497, 0x04b8, 0x0497, 0x0497, 0x0497,
0x0000, 0x0000, 0x0000, 0x0000, 0x0000, 0x0000, 0x0000, 0x0000, 0x0000, 0x0000, 0x0497, 0x0497, 0x0498, 0x0498, 0x0497, 0x0497,
0x0497, 0x0497, 0x0497, 0x0497, 0x0497, 0x0497, 0x0497, 0x0497, 0x0497, 0x0497, 0x0497, 0x0497, 0x0497, 0x0497, 0x0497, 0x0497,
0x0497, 0x0497, 0x0497, 0x0497, 0x0497, 0x04b8, 0x0497, 0x0497, 0x0497, 0x0000, 0x0000, 0x0000, 0x0000, 0x0000, 0x0000, 0x0000,
0x0000, 0x0000, 0x0000, 0x0457, 0x0497, 0x0497, 0x0497, 0x0497, 0x0497, 0x0497, 0x0497, 0x0497, 0x0497, 0x0497, 0x0497, 0x0497,
0x0497, 0x0497, 0x0497, 0x0497, 0x0497, 0x0497, 0x0497, 0x04b8, 0x0497, 0x0000, 
/* -23- */
0x0000, 0x0000, 0x0000, 0x0000, 0x0000, 0x0477, 0x0497, 0x0497, 0x0497, 0x0497, 0x0497, 0x0497, 0x0497, 0x0497, 0x0497, 0x0497,
0x0497, 0x0497, 0x0497, 0x0497, 0x0497, 0x0497, 0x0497, 0x0497, 0x0497, 0x0498, 0x0497, 0x0497, 0x0477, 0x0000, 0x0000, 0x0000,
0x0000, 0x0000, 0x0000, 0x0000, 0x0000, 0x0000, 0x0000, 0x0000, 0x0000, 0x0000, 0x0000, 0x0000, 0x0000, 0x0000, 0x0000, 0x0477,
0x0477, 0x0497, 0x0498, 0x0497, 0x0497, 0x0497, 0x0497, 0x0497, 0x0497, 0x0497, 0x0497, 0x0497, 0x0497, 0x0497, 0x0497, 0x0497,
0x0497, 0x0497, 0x0497, 0x0497, 0x0497, 0x0497, 0x0497, 0x0497, 0x04b8, 0x0497, 0x0436, 0x0000, 0x0000, 0x0000, 0x0000, 0x0000,
0x0000, 0x0000, 0x0000, 0x0000, 0x0000, 0x0000, 0x0000, 0x0000, 0x0000, 0x0000, 0x0000, 0x0000, 0x0000, 0x0477, 0x0497, 0x0497,
0x0497, 0x0497, 0x0497, 0x0497, 0x0497, 0x0497, 0x0497, 0x0497, 0x0497, 0x0497, 0x0497, 0x0497, 0x0497, 0x0497, 0x0497, 0x0497,
0x0497, 0x0497, 0x0497, 0x04b8, 0x0497, 0x0497, 0x0457, 0x0000, 0x0000, 0x0000, 0x0000, 0x0000, 0x0000, 0x0000, 0x0000, 0x0000,
0x0000, 0x0000, 0x0000, 0x0478, 0x0497, 0x04b8, 0x0476, 0x0000, 0x0000, 0x0000, 0x0000, 0x0000, 0x0000, 0x0000, 0x0000, 0x0000,
0x0000, 0x0000, 0x0000, 0x0000, 0x0000, 0x0000, 0x0496, 0x0497, 0x04b8, 0x0497, 0x0497, 0x0497, 0x0497, 0x0497, 0x0497, 0x0497,
0x0497, 0x0497, 0x0497, 0x0497, 0x0497, 0x0497, 0x0497, 0x0497, 0x0497, 0x0497, 0x0497, 0x04b8, 0x0497, 0x0497, 0x03ff, 0x0000,
0x0000, 0x0000, 0x0000, 0x0000, 0x0000, 0x0000, 0x0000, 0x0000, 0x0000, 0x0000, 0x0000, 0x03f7, 0x0477, 0x0497, 0x0497, 0x0497,
0x0497, 0x0497, 0x0497, 0x0497, 0x0497, 0x0497, 0x0497, 0x0497, 0x0497, 0x0497, 0x0497, 0x0497, 0x0497, 0x0497, 0x0497, 0x0497,
0x0497, 0x0497, 0x0497, 0x0497, 0x04b8, 0x0497, 0x04b7, 0x0000, 0x0000, 0x0000, 0x0000, 0x0000, 0x0000, 0x0000, 0x0000, 0x0000,
0x0000, 0x0000, 0x0000, 0x0000, 0x0457, 0x0497, 0x0498, 0x0497, 0x0497, 0x0497, 0x0497, 0x0497, 0x0497, 0x0497, 0x0497, 0x0497,
0x0497, 0x0497, 0x0497, 0x0497, 0x0497, 0x0497, 0x0497, 0x04b8, 0x0497, 0x03f5, 
/* -24- */
0x0000, 0x0000, 0x0000, 0x0000, 0x07ff, 0x0497, 0x04b8, 0x0497, 0x0497, 0x0497, 0x0497, 0x0497, 0x0497, 0x0497, 0x0497, 0x0497,
0x0497, 0x0497, 0x0497, 0x0497, 0x0497, 0x0497, 0x0497, 0x0497, 0x04b8, 0x0497, 0x0497, 0x04d6, 0x0000, 0x0000, 0x0000, 0x0000,
0x0000, 0x0000, 0x0000, 0x0000, 0x0000, 0x0000, 0x0000, 0x0000, 0x0000, 0x0000, 0x0000, 0x0000, 0x0000, 0x0000, 0x0000, 0x0000,
0x07ff, 0x0497, 0x0497, 0x0498, 0x0497, 0x0497, 0x0497, 0x0497, 0x0497, 0x0497, 0x0497, 0x0497, 0x0497, 0x0497, 0x0497, 0x0497,
0x0497, 0x0497, 0x0497, 0x0497, 0x0497, 0x0497, 0x0497, 0x0497, 0x04b8, 0x0497, 0x0436, 0x0000, 0x0000, 0x0000, 0x0000, 0x0000,
0x0000, 0x0000, 0x0000, 0x0000, 0x0000, 0x0000, 0x0000, 0x0000, 0x0000, 0x0000, 0x0000, 0x0000, 0x0000, 0x0477, 0x0497, 0x0497,
0x0497, 0x0497, 0x0497, 0x0497, 0x0497, 0x0497, 0x0497, 0x0497, 0x0497, 0x0497, 0x0497, 0x0497, 0x0497, 0x0497, 0x0497, 0x0497,
0x0497, 0x0497, 0x0498, 0x0497, 0x0497, 0x0000, 0x0000, 0x0000, 0x0000, 0x0000, 0x0000, 0x0000, 0x0000, 0x0000, 0x0000, 0x0000,
0x0000, 0x0000, 0x0000, 0x0000, 0x0000, 0x0475, 0x03ef, 0x0000, 0x0000, 0x0000, 0x0000, 0x0000, 0x0000, 0x0000, 0x0000, 0x0000,
0x0000, 0x0000, 0x0000, 0x0000, 0x0000, 0x0000, 0x0496, 0x0497, 0x04b8, 0x0497, 0x0497, 0x0497, 0x0497, 0x0497, 0x0497, 0x0497,
0x0497, 0x0497, 0x0497, 0x0497, 0x0497, 0x0497, 0x0497, 0x0497, 0x0497, 0x0497, 0x04b8, 0x0497, 0x0497, 0x0000, 0x0000, 0x0000,
0x0000, 0x0000, 0x0000, 0x0000, 0x0000, 0x0000, 0x0000, 0x0000, 0x0000, 0x0000, 0x0000, 0x0000, 0x03f5, 0x0497, 0x0497, 0x0497,
0x0497, 0x0497, 0x0497, 0x0497, 0x0497, 0x0497, 0x0497, 0x0497, 0x0497, 0x0497, 0x0497, 0x0497, 0x0497, 0x0497, 0x0497, 0x0497,
0x0497, 0x0497, 0x0497, 0x04b8, 0x0497, 0x0497, 0x0000, 0x0000, 0x0000, 0x0000, 0x0000, 0x0000, 0x0000, 0x0000, 0x0000, 0x0000,
0x0000, 0x0000, 0x0000, 0x0000, 0x0000, 0x0496, 0x0497, 0x0497, 0x0497, 0x0497, 0x0497, 0x0497, 0x0497, 0x0497, 0x0497, 0x0497,
0x0497, 0x0497, 0x0497, 0x0497, 0x0497, 0x0497, 0x0497, 0x04b8, 0x0497, 0x0497, 
/* -25- */
0x0000, 0x0000, 0x0000, 0x0000, 0x0497, 0x0497, 0x0497, 0x0497, 0x0497, 0x0497, 0x0497, 0x0497, 0x0497, 0x0497, 0x0497, 0x0497,
0x0497, 0x0497, 0x0497, 0x0497, 0x0497, 0x0497, 0x0497, 0x0498, 0x0497, 0x0477, 0x0000, 0x0000, 0x0000, 0x0000, 0x0000, 0x0000,
0x0000, 0x0000, 0x0000, 0x0000, 0x0000, 0x0000, 0x0000, 0x0000, 0x0000, 0x0000, 0x0000, 0x0000, 0x0000, 0x0000, 0x0000, 0x0000,
0x0000, 0x0000, 0x0497, 0x0497, 0x0498, 0x0497, 0x0497, 0x0497, 0x0497, 0x0497, 0x0497, 0x0497, 0x0497, 0x0497, 0x0497, 0x0497,
0x0497, 0x0497, 0x0497, 0x0497, 0x0497, 0x0497, 0x0497, 0x0497, 0x04b8, 0x0497, 0x0436, 0x0000, 0x0000, 0x0000, 0x0000, 0x0000,
0x0000, 0x0000, 0x0000, 0x0000, 0x0000, 0x0000, 0x0000, 0x0000, 0x0000, 0x0000, 0x0000, 0x0000, 0x0000, 0x0477, 0x0497, 0x0497,
0x0497, 0x0497, 0x0497, 0x0497, 0x0497, 0x0497, 0x0497, 0x0497, 0x0497, 0x0497, 0x0497, 0x0497, 0x0497, 0x0497, 0x0497, 0x0497,
0x0497, 0x04b8, 0x0497, 0x04b7, 0x0000, 0x0000, 0x0000, 0x0000, 0x0000, 0x0000, 0x0000, 0x0000, 0x0000, 0x0000, 0x0000, 0x0000,
0x0000, 0x0000, 0x0000, 0x0000, 0x0000, 0x0000, 0x0000, 0x0000, 0x0000, 0x0000, 0x0000, 0x0000, 0x0000, 0x0000, 0x0000, 0x0000,
0x0000, 0x0000, 0x0000, 0x0000, 0x0000, 0x0000, 0x0496, 0x0497, 0x04b8, 0x0497, 0x0497, 0x0497, 0x0497, 0x0497, 0x0497, 0x0497,
0x0497, 0x0497, 0x0497, 0x0497, 0x0497, 0x0497, 0x0497, 0x0497, 0x0497, 0x0497, 0x0497, 0x0477, 0x0000, 0x0000, 0x0000, 0x0000,
0x0000, 0x0000, 0x0000, 0x0000, 0x0000, 0x0000, 0x0000, 0x0000, 0x0000, 0x0000, 0x0000, 0x0000, 0x0000, 0x0497, 0x0477, 0x0497,
0x0497, 0x0497, 0x0497, 0x0497, 0x0497, 0x0497, 0x0497, 0x0497, 0x0497, 0x0497, 0x0497, 0x0497, 0x0497, 0x0497, 0x0497, 0x0497,
0x0497, 0x0497, 0x0498, 0x0497, 0x0477, 0x0000, 0x0000, 0x0000, 0x0000, 0x0000, 0x0000, 0x0000, 0x0000, 0x0000, 0x0000, 0x0000,
0x0000, 0x0000, 0x0000, 0x0000, 0x0000, 0x0000, 0x0477, 0x0497, 0x0497, 0x0497, 0x0497, 0x0497, 0x0497, 0x0497, 0x0497, 0x0497,
0x0497, 0x0497, 0x0497, 0x0497, 0x0497, 0x0497, 0x0497, 0x0497, 0x0497, 0x04b7, 
/* -26- */
0x0000, 0x0000, 0x0000, 0x03ef, 0x0497, 0x0497, 0x0497, 0x0497, 0x0497, 0x0497, 0x0497, 0x0497, 0x0497, 0x0497, 0x0497, 0x0497,
0x0497, 0x0497, 0x0497, 0x0497, 0x0497, 0x0497, 0x04b8, 0x0497, 0x0477, 0x0000, 0x0000, 0x0000, 0x0000, 0x0000, 0x0000, 0x0000,
0x0000, 0x0000, 0x0000, 0x0000, 0x0000, 0x0000, 0x0000, 0x0000, 0x0000, 0x0000, 0x0000, 0x0000, 0x0000, 0x0000, 0x0000, 0x0000,
0x0000, 0x0000, 0x0000, 0x0497, 0x0497, 0x04b8, 0x0497, 0x0497, 0x0497, 0x0497, 0x0497, 0x0497, 0x0497, 0x0497, 0x0497, 0x0497,
0x0497, 0x0497, 0x0497, 0x0497, 0x0497, 0x0497, 0x0497, 0x0497, 0x04b8, 0x0497, 0x0436, 0x0000, 0x0000, 0x0000, 0x0000, 0x0000,
0x0000, 0x0000, 0x0000, 0x0000, 0x0000, 0x0000, 0x0000, 0x0000, 0x0000, 0x0000, 0x0000, 0x0000, 0x0000, 0x0477, 0x0497, 0x0497,
0x0497, 0x0497, 0x0497, 0x0497, 0x0497, 0x0497, 0x0497, 0x0497, 0x0497, 0x0497, 0x0497, 0x0497, 0x0497, 0x0497, 0x0497, 0x0497,
0x04b8, 0x0497, 0x0477, 0x0000, 0x0000, 0x0000, 0x0000, 0x0000, 0x0000, 0x0000, 0x0000, 0x0000, 0x0000, 0x0000, 0x0000, 0x0000,
0x0000, 0x0000, 0x0000, 0x0000, 0x0000, 0x0000, 0x0000, 0x0000, 0x0000, 0x0000, 0x0000, 0x0000, 0x0000, 0x0000, 0x0000, 0x0000,
0x0000, 0x0000, 0x0000, 0x0000, 0x0000, 0x0000, 0x0496, 0x0477, 0x04b8, 0x0497, 0x0497, 0x0497, 0x0497, 0x0497, 0x0497, 0x0497,
0x0497, 0x0497, 0x0497, 0x0497, 0x0497, 0x0497, 0x0497, 0x0497, 0x0497, 0x0498, 0x0497, 0x03f6, 0x0000, 0x0000, 0x0000, 0x0000,
0x0000, 0x0000, 0x0000, 0x0000, 0x0000, 0x0000, 0x0000, 0x0000, 0x0000, 0x0000, 0x0000, 0x0000, 0x0000, 0x0000, 0x0497, 0x04b8,
0x0497, 0x0497, 0x0497, 0x0497, 0x0497, 0x0497, 0x0497, 0x0497, 0x0497, 0x0497, 0x0497, 0x0497, 0x0497, 0x0497, 0x0497, 0x0497,
0x0497, 0x0497, 0x04b8, 0x0497, 0x0555, 0x0000, 0x0000, 0x0000, 0x0000, 0x0000, 0x0000, 0x0000, 0x0000, 0x0000, 0x0000, 0x0000,
0x0000, 0x0000, 0x0000, 0x0000, 0x0000, 0x0000, 0x04d9, 0x0497, 0x04b8, 0x0497, 0x0497, 0x0497, 0x0497, 0x0497, 0x0497, 0x0497,
0x0497, 0x0497, 0x0497, 0x0497, 0x0497, 0x0497, 0x0497, 0x0497, 0x04b8, 0x04b7, 
/* -27- */
0x0000, 0x0000, 0x0000, 0x04b7, 0x0497, 0x0498, 0x0497, 0x0497, 0x0497, 0x0497, 0x0497, 0x0497, 0x0497, 0x0497, 0x0497, 0x0497,
0x0497, 0x0497, 0x0497, 0x0497, 0x0497, 0x0498, 0x0498, 0x0477, 0x0000, 0x0000, 0x0000, 0x0000, 0x0000, 0x0000, 0x0000, 0x0000,
0x0000, 0x0000, 0x0000, 0x0000, 0x0000, 0x0000, 0x0000, 0x0000, 0x0000, 0x0000, 0x0000, 0x0000, 0x0000, 0x0000, 0x0000, 0x0000,
0x0000, 0x0000, 0x0000, 0x0000, 0x0477, 0x0497, 0x04b8, 0x0497, 0x0497, 0x0497, 0x0497, 0x0497, 0x0497, 0x0497, 0x0497, 0x0497,
0x0497, 0x0497, 0x0497, 0x0497, 0x0497, 0x0497, 0x0497, 0x0497, 0x04b8, 0x0497, 0x0436, 0x0000, 0x0000, 0x0000, 0x0000, 0x0000,
0x0000, 0x0000, 0x0000, 0x0000, 0x0000, 0x0000, 0x0000, 0x0000, 0x0000, 0x0000, 0x0000, 0x0000, 0x0000, 0x0477, 0x0497, 0x0497,
0x0497, 0x0497, 0x0497, 0x0497, 0x0497, 0x0497, 0x0497, 0x0497, 0x0497, 0x0497, 0x0497, 0x0497, 0x0497, 0x0497, 0x0497, 0x0497,
0x04b8, 0x0497, 0x0000, 0x0000, 0x0000, 0x0000, 0x0000, 0x0000, 0x0000, 0x0000, 0x0000, 0x0000, 0x0000, 0x0000, 0x0000, 0x0000,
0x0000, 0x0000, 0x0000, 0x0000, 0x0000, 0x0000, 0x0000, 0x0000, 0x0000, 0x0000, 0x0000, 0x0000, 0x0000, 0x0000, 0x0000, 0x0000,
0x0000, 0x0000, 0x0000, 0x0000, 0x0000, 0x0000, 0x0496, 0x0497, 0x04b8, 0x0497, 0x0497, 0x0497, 0x0497, 0x0497, 0x0497, 0x0497,
0x0497, 0x0497, 0x0497, 0x0497, 0x0497, 0x0497, 0x0497, 0x0497, 0x0497, 0x0497, 0x0497, 0x0000, 0x0000, 0x0000, 0x0000, 0x0000,
0x0000, 0x0000, 0x0000, 0x0000, 0x0000, 0x0000, 0x0000, 0x0000, 0x0000, 0x0000, 0x0000, 0x0000, 0x0000, 0x0000, 0x0497, 0x0497,
0x0497, 0x0497, 0x0497, 0x0497, 0x0497, 0x0497, 0x0497, 0x0497, 0x0497, 0x0497, 0x0497, 0x0497, 0x0497, 0x0497, 0x0497, 0x0497,
0x0497, 0x0498, 0x0497, 0x0497, 0x0000, 0x0000, 0x0000, 0x0000, 0x0000, 0x0000, 0x0000, 0x0000, 0x0000, 0x0000, 0x0000, 0x0000,
0x0000, 0x0000, 0x0000, 0x0000, 0x0000, 0x0000, 0x0000, 0x0497, 0x04b8, 0x0497, 0x0497, 0x0497, 0x0497, 0x0497, 0x0497, 0x0497,
0x0497, 0x0497, 0x0497, 0x0497, 0x0497, 0x0497, 0x0497, 0x0497, 0x04b8, 0x0497, 
/* -28- */
0x0000, 0x0000, 0x0000, 0x0497, 0x0497, 0x0497, 0x0497, 0x0497, 0x0497, 0x0497, 0x0497, 0x0497, 0x0497, 0x0497, 0x0497, 0x0497,
0x0497, 0x0497, 0x0497, 0x0497, 0x0497, 0x0497, 0x0477, 0x0555, 0x0000, 0x0000, 0x0000, 0x0000, 0x0000, 0x0000, 0x0000, 0x0000,
0x0000, 0x0000, 0x0000, 0x0000, 0x0000, 0x0000, 0x0000, 0x0000, 0x0000, 0x0000, 0x0000, 0x0000, 0x0000, 0x0000, 0x0000, 0x0000,
0x0000, 0x0000, 0x0000, 0x0000, 0x0000, 0x0477, 0x0497, 0x0497, 0x0497, 0x0497, 0x0497, 0x0497, 0x0497, 0x0497, 0x0497, 0x0497,
0x0497, 0x0497, 0x0497, 0x0497, 0x0497, 0x0497, 0x0497, 0x0497, 0x04b8, 0x0497, 0x0436, 0x0000, 0x0000, 0x0000, 0x0000, 0x0000,
0x0000, 0x0000, 0x0000, 0x0000, 0x0000, 0x0000, 0x0000, 0x0000, 0x0000, 0x0000, 0x0000, 0x0000, 0x0000, 0x0477, 0x0497, 0x0497,
0x0497, 0x0497, 0x0497, 0x0497, 0x0497, 0x0497, 0x0497, 0x0497, 0x0497, 0x0497, 0x0497, 0x0497, 0x0497, 0x0497, 0x0497, 0x04b8,
0x0497, 0x0475, 0x0000, 0x0000, 0x0000, 0x0000, 0x0000, 0x0000, 0x0000, 0x0000, 0x0000, 0x0000, 0x0000, 0x0000, 0x0000, 0x0000,
0x0000, 0x0000, 0x0000, 0x0000, 0x0000, 0x0000, 0x0000, 0x0000, 0x0000, 0x0000, 0x0000, 0x0000, 0x0000, 0x0000, 0x0000, 0x0000,
0x0000, 0x0000, 0x0000, 0x0000, 0x0000, 0x0000, 0x0496, 0x0477, 0x04b8, 0x0497, 0x0497, 0x0497, 0x0497, 0x0497, 0x0497, 0x0497,
0x0497, 0x0497, 0x0497, 0x0497, 0x0497, 0x0497, 0x0497, 0x0497, 0x0497, 0x0497, 0x0555, 0x0000, 0x0000, 0x0000, 0x0000, 0x0000,
0x0000, 0x0000, 0x0000, 0x0000, 0x0000, 0x0000, 0x0000, 0x0000, 0x0000, 0x0000, 0x0000, 0x0000, 0x0000, 0x0000, 0x04b8, 0x0497,
0x04b8, 0x0497, 0x0497, 0x0497, 0x0497, 0x0497, 0x0497, 0x0497, 0x0497, 0x0497, 0x0497, 0x0497, 0x0497, 0x0497, 0x0497, 0x0497,
0x0497, 0x0497, 0x0497, 0x0000, 0x0000, 0x0000, 0x0000, 0x0000, 0x0000, 0x0000, 0x0000, 0x0000, 0x0000, 0x0000, 0x0000, 0x0000,
0x0000, 0x0000, 0x0000, 0x0000, 0x0000, 0x0000, 0x0000, 0x04b7, 0x0477, 0x04b8, 0x0497, 0x0497, 0x0497, 0x0497, 0x0497, 0x0497,
0x0497, 0x0497, 0x0497, 0x0497, 0x0497, 0x0497, 0x0497, 0x0497, 0x0498, 0x0497, 
/* -29- */
0x0000, 0x0000, 0x0457, 0x0497, 0x04b8, 0x0497, 0x0497, 0x0497, 0x0497, 0x0497, 0x0497, 0x0497, 0x0497, 0x0497, 0x0497, 0x0497,
0x0497, 0x0497, 0x0497, 0x0497, 0x04b8, 0x0497, 0x04d7, 0x0000, 0x0000, 0x0000, 0x0000, 0x0000, 0x0000, 0x0000, 0x0000, 0x0000,
0x0000, 0x0000, 0x0000, 0x0000, 0x0000, 0x0000, 0x0000, 0x0000, 0x0000, 0x0000, 0x0000, 0x0000, 0x0000, 0x0000, 0x0000, 0x0000,
0x0000, 0x0000, 0x0000, 0x0000, 0x0000, 0x0000, 0x0497, 0x0497, 0x0497, 0x0497, 0x0497, 0x0497, 0x0497, 0x0497, 0x0497, 0x0497,
0x0497, 0x0497, 0x0497, 0x0497, 0x0497, 0x0497, 0x0497, 0x0497, 0x04b8, 0x0497, 0x0436, 0x0000, 0x0000, 0x0000, 0x0000, 0x0000,
0x0000, 0x0000, 0x0000, 0x0000, 0x0000, 0x0000, 0x0000, 0x0000, 0x0000, 0x0000, 0x0000, 0x0000, 0x0000, 0x0477, 0x0497, 0x0497,
0x0497, 0x0497, 0x0497, 0x0497, 0x0497, 0x0497, 0x0497, 0x0497, 0x0497, 0x0497, 0x0497, 0x0497, 0x0497, 0x0497, 0x0497, 0x0497,
0x0497, 0x0000, 0x0000, 0x0000, 0x0000, 0x0000, 0x0000, 0x0000, 0x0000, 0x0000, 0x0000, 0x0000, 0x0000, 0x0000, 0x0000, 0x0000,
0x0000, 0x0000, 0x0000, 0x0000, 0x0000, 0x0000, 0x0000, 0x0000, 0x0000, 0x0000, 0x0000, 0x0000, 0x0000, 0x0000, 0x0000, 0x0000,
0x0000, 0x0000, 0x0000, 0x0000, 0x0000, 0x0000, 0x0496, 0x0477, 0x04b8, 0x0497, 0x0497, 0x0497, 0x0497, 0x0497, 0x0497, 0x0497,
0x0497, 0x0497, 0x0497, 0x0497, 0x0497, 0x0497, 0x0497, 0x0497, 0x04b8, 0x0497, 0x0000, 0x0000, 0x0000, 0x0000, 0x0000, 0x0000,
0x0000, 0x0000, 0x0000, 0x0000, 0x0000, 0x0000, 0x0000, 0x0000, 0x0000, 0x0000, 0x0000, 0x0000, 0x0000, 0x0000, 0x055a, 0x0497,
0x04b8, 0x0497, 0x0497, 0x0497, 0x0497, 0x0497, 0x0497, 0x0497, 0x0497, 0x0497, 0x0497, 0x0497, 0x0497, 0x0497, 0x0497, 0x0497,
0x0497, 0x0497, 0x0497, 0x0000, 0x0000, 0x0000, 0x0000, 0x0000, 0x0000, 0x0000, 0x0000, 0x0000, 0x0000, 0x0000, 0x0000, 0x0000,
0x0000, 0x0000, 0x0000, 0x0000, 0x0000, 0x0000, 0x0000, 0x0497, 0x0477, 0x04b8, 0x0497, 0x0497, 0x0497, 0x0497, 0x0497, 0x0497,
0x0497, 0x0497, 0x0497, 0x0497, 0x0497, 0x0497, 0x0497, 0x0497, 0x0498, 0x0497, 
/* -30- */
0x0000, 0x0000, 0x0477, 0x0497, 0x04b8, 0x0497, 0x0497, 0x0497, 0x0497, 0x0497, 0x0497, 0x0497, 0x0497, 0x0497, 0x0497, 0x0497,
0x0497, 0x0497, 0x0497, 0x0497, 0x0497, 0x0497, 0x0000, 0x0000, 0x0000, 0x0000, 0x0000, 0x0000, 0x0000, 0x0000, 0x0000, 0x0000,
0x0000, 0x0000, 0x0000, 0x0000, 0x0000, 0x0000, 0x0000, 0x0000, 0x0000, 0x0000, 0x0000, 0x0000, 0x0000, 0x0000, 0x0000, 0x0000,
0x0000, 0x0000, 0x0000, 0x0000, 0x0000, 0x0000, 0x0496, 0x0497, 0x0497, 0x0497, 0x0497, 0x0497, 0x0497, 0x0497, 0x0497, 0x0497,
0x0497, 0x0497, 0x0497, 0x0497, 0x0497, 0x0497, 0x0497, 0x0497, 0x04b8, 0x0497, 0x0436, 0x0000, 0x0000, 0x0000, 0x0000, 0x0000,
0x0000, 0x0000, 0x0000, 0x0000, 0x0000, 0x0000, 0x0000, 0x0000, 0x0000, 0x0000, 0x0000, 0x0000, 0x0000, 0x0477, 0x0497, 0x0497,
0x0497, 0x0497, 0x0497, 0x0497, 0x0497, 0x0497, 0x0497, 0x0497, 0x0497, 0x0497, 0x0497, 0x0497, 0x0497, 0x0497, 0x04b8, 0x0497,
0x04d7, 0x0000, 0x0000, 0x0000, 0x0000, 0x0000, 0x0000, 0x0000, 0x0000, 0x0000, 0x0000, 0x0000, 0x0000, 0x0000, 0x0000, 0x0000,
0x0000, 0x0000, 0x0000, 0x0000, 0x0000, 0x0000, 0x0000, 0x0000, 0x0000, 0x0000, 0x0000, 0x0000, 0x0000, 0x0000, 0x0000, 0x0000,
0x0000, 0x0000, 0x0000, 0x0000, 0x0000, 0x0000, 0x0496, 0x0477, 0x04b8, 0x0497, 0x0497, 0x0497, 0x0497, 0x0497, 0x0497, 0x0497,
0x0497, 0x0497, 0x0497, 0x0497, 0x0497, 0x0497, 0x0497, 0x0497, 0x0497, 0x04b7, 0x0000, 0x0000, 0x0000, 0x0000, 0x0000, 0x0000,
0x0000, 0x0000, 0x0000, 0x0000, 0x0000, 0x0000, 0x0000, 0x0000, 0x0000, 0x0000, 0x0000, 0x0000, 0x0000, 0x0000, 0x0000, 0x0477,
0x04d8, 0x0497, 0x0497, 0x0497, 0x0497, 0x0497, 0x0497, 0x0497, 0x0497, 0x0497, 0x0497, 0x0497, 0x0497, 0x0497, 0x0497, 0x0497,
0x0497, 0x0497, 0x0478, 0x0000, 0x0000, 0x0000, 0x0000, 0x0000, 0x0000, 0x0000, 0x0000, 0x0000, 0x0000, 0x0000, 0x0000, 0x0000,
0x0000, 0x0000, 0x0000, 0x0000, 0x0000, 0x0000, 0x0000, 0x0000, 0x0497, 0x04d8, 0x0497, 0x0497, 0x0497, 0x0497, 0x0497, 0x0497,
0x0497, 0x0497, 0x0497, 0x0497, 0x0497, 0x0497, 0x0497, 0x0497, 0x0497, 0x0497, 
/* -31- */
0x0000, 0x0000, 0x0497, 0x0498, 0x0497, 0x0497, 0x0497, 0x0497, 0x0497, 0x0497, 0x0497, 0x0497, 0x0497, 0x0497, 0x0497, 0x0497,
0x0497, 0x0497, 0x0497, 0x0497, 0x0497, 0x0000, 0x0000, 0x0000, 0x0000, 0x0000, 0x0000, 0x0000, 0x0000, 0x0000, 0x0000, 0x0000,
0x0000, 0x0000, 0x0000, 0x0000, 0x0000, 0x0000, 0x0000, 0x0000, 0x0000, 0x0000, 0x0000, 0x0000, 0x0000, 0x0000, 0x0000, 0x0000,
0x0000, 0x0000, 0x0000, 0x0000, 0x0000, 0x0000, 0x0000, 0x0497, 0x04b8, 0x0497, 0x0497, 0x0497, 0x0497, 0x0497, 0x0497, 0x0497,
0x0497, 0x0497, 0x0497, 0x0497, 0x0497, 0x0497, 0x0497, 0x0497, 0x04b8, 0x0497, 0x0436, 0x0000, 0x0000, 0x0000, 0x0000, 0x0000,
0x0000, 0x0000, 0x0000, 0x0000, 0x0000, 0x0000, 0x0000, 0x0000, 0x0000, 0x0000, 0x0000, 0x0000, 0x0000, 0x0477, 0x0497, 0x0497,
0x0497, 0x0497, 0x0497, 0x0497, 0x0497, 0x0497, 0x0497, 0x0497, 0x0497, 0x0497, 0x0497, 0x0497, 0x0497, 0x0497, 0x0497, 0x0497,
0x0000, 0x0000, 0x0000, 0x0000, 0x0000, 0x0000, 0x0000, 0x0000, 0x0000, 0x0000, 0x0000, 0x0000, 0x0000, 0x0000, 0x0000, 0x0000,
0x0000, 0x0000, 0x0000, 0x0000, 0x0000, 0x0000, 0x0000, 0x0000, 0x0000, 0x0000, 0x0000, 0x0000, 0x0000, 0x0000, 0x0000, 0x0000,
0x0000, 0x0000, 0x0000, 0x0000, 0x0000, 0x0000, 0x0496, 0x0477, 0x04b8, 0x0497, 0x0497, 0x0497, 0x0497, 0x0497, 0x0497, 0x0497,
0x0497, 0x0497, 0x0497, 0x0497, 0x0497, 0x0497, 0x0497, 0x04b8, 0x0497, 0x0497, 0x0000, 0x0000, 0x0000, 0x0000, 0x0000, 0x0000,
0x0000, 0x0000, 0x0000, 0x0000, 0x0000, 0x0000, 0x0000, 0x0000, 0x0000, 0x0000, 0x0000, 0x0000, 0x0000, 0x0000, 0x0000, 0x0497,
0x04b8, 0x0497, 0x0497, 0x0497, 0x0497, 0x0497, 0x0497, 0x0497, 0x0497, 0x0497, 0x0497, 0x0497, 0x0497, 0x0497, 0x0497, 0x0497,
0x0497, 0x0497, 0x03ef, 0x0000, 0x0000, 0x0000, 0x0000, 0x0000, 0x0000, 0x0000, 0x0000, 0x0000, 0x0000, 0x0000, 0x0000, 0x0000,
0x0000, 0x0000, 0x0000, 0x0000, 0x0000, 0x0000, 0x0000, 0x0000, 0x0477, 0x04b8, 0x0497, 0x0497, 0x0497, 0x0497, 0x0497, 0x0497,
0x0497, 0x0497, 0x0497, 0x0497, 0x0497, 0x0497, 0x0497, 0x0497, 0x0497, 0x0497, 
/* -32- */
0x0000, 0x04d3, 0x0497, 0x04d8, 0x0497, 0x0497, 0x0497, 0x0497, 0x0497, 0x0497, 0x0497, 0x0497, 0x0497, 0x0497, 0x0497, 0x0497,
0x0497, 0x0497, 0x0497, 0x0497, 0x0497, 0x0000, 0x0000, 0x0000, 0x0000, 0x0000, 0x0000, 0x0000, 0x0000, 0x0000, 0x0000, 0x0000,
0x0000, 0x0000, 0x0000, 0x0000, 0x0000, 0x0000, 0x0000, 0x0000, 0x0000, 0x0000, 0x0000, 0x0000, 0x0000, 0x0000, 0x0000, 0x0000,
0x0000, 0x0000, 0x0000, 0x0000, 0x0000, 0x0000, 0x0000, 0x0496, 0x0497, 0x0498, 0x0497, 0x0497, 0x0497, 0x0497, 0x0497, 0x0497,
0x0497, 0x0497, 0x0497, 0x0497, 0x0497, 0x0497, 0x0497, 0x0497, 0x04b8, 0x0497, 0x0436, 0x0000, 0x0000, 0x0000, 0x0000, 0x0000,
0x0000, 0x0000, 0x0000, 0x0000, 0x0000, 0x0000, 0x0000, 0x0000, 0x0000, 0x0000, 0x0000, 0x0000, 0x0000, 0x0477, 0x0497, 0x0497,
0x0497, 0x0497, 0x0497, 0x0497, 0x0497, 0x0497, 0x0497, 0x0497, 0x0497, 0x0497, 0x0497, 0x0497, 0x0497, 0x0497, 0x0497, 0x0497,
0x0000, 0x0000, 0x0000, 0x0000, 0x0000, 0x0000, 0x0000, 0x0000, 0x0000, 0x0000, 0x0000, 0x0000, 0x0000, 0x0000, 0x0000, 0x0000,
0x0000, 0x0000, 0x0000, 0x0000, 0x0000, 0x0000, 0x0000, 0x0000, 0x0000, 0x0000, 0x0000, 0x0000, 0x0000, 0x0000, 0x0000, 0x0000,
0x0000, 0x0000, 0x0000, 0x0000, 0x0000, 0x0000, 0x0496, 0x0477, 0x04b8, 0x0497, 0x0497, 0x0497, 0x0497, 0x0497, 0x0497, 0x0497,
0x0497, 0x0497, 0x0497, 0x0497, 0x0497, 0x0497, 0x0497, 0x04b8, 0x0477, 0x049b, 0x0000, 0x0000, 0x0000, 0x0000, 0x0000, 0x0000,
0x0000, 0x0000, 0x0000, 0x0000, 0x0000, 0x0000, 0x0000, 0x0000, 0x0000, 0x0000, 0x0000, 0x0000, 0x0000, 0x0000, 0x0000, 0x0497,
0x0497, 0x0497, 0x0497, 0x0497, 0x0497, 0x0497, 0x0497, 0x0497, 0x0497, 0x0497, 0x0497, 0x0497, 0x0497, 0x0497, 0x0497, 0x0497,
0x04b8, 0x0497, 0x0000, 0x0000, 0x0000, 0x0000, 0x0000, 0x0000, 0x0000, 0x0000, 0x0000, 0x0000, 0x0000, 0x0000, 0x0000, 0x0000,
0x0000, 0x0000, 0x0000, 0x0000, 0x0000, 0x0000, 0x0000, 0x0000, 0x0497, 0x0497, 0x0497, 0x0497, 0x0497, 0x0497, 0x0497, 0x0497,
0x0497, 0x0497, 0x0497, 0x0497, 0x0497, 0x0497, 0x0497, 0x0497, 0x0497, 0x0497, 
/* -33- */
0x0000, 0x0477, 0x0497, 0x04b8, 0x0497, 0x0497, 0x0497, 0x0497, 0x0497, 0x0497, 0x0497, 0x0497, 0x0497, 0x0497, 0x0497, 0x0497,
0x0497, 0x0497, 0x0497, 0x0497, 0x04d3, 0x0000, 0x0000, 0x0000, 0x0000, 0x0000, 0x0000, 0x0000, 0x0000, 0x0000, 0x0000, 0x0000,
0x0000, 0x0000, 0x0000, 0x0000, 0x0000, 0x0000, 0x0000, 0x0000, 0x0000, 0x0000, 0x0000, 0x0000, 0x0000, 0x0000, 0x0000, 0x0000,
0x0000, 0x0000, 0x0000, 0x0000, 0x0000, 0x0000, 0x0000, 0x03ef, 0x0497, 0x04d8, 0x0497, 0x0497, 0x0497, 0x0497, 0x0497, 0x0497,
0x0497, 0x0497, 0x0497, 0x0497, 0x0497, 0x0497, 0x0497, 0x0497, 0x04b8, 0x0497, 0x0436, 0x0000, 0x0000, 0x0000, 0x0000, 0x0000,
0x0000, 0x0000, 0x0000, 0x0000, 0x0000, 0x0000, 0x0000, 0x0000, 0x0000, 0x0000, 0x0000, 0x0000, 0x0000, 0x0477, 0x0497, 0x0497,
0x0497, 0x0497, 0x0497, 0x0497, 0x0497, 0x0497, 0x0497, 0x0497, 0x0497, 0x0497, 0x0497, 0x0497, 0x0497, 0x0498, 0x0497, 0x0477,
0x0000, 0x0000, 0x0000, 0x0000, 0x0000, 0x0000, 0x0000, 0x0000, 0x0000, 0x0000, 0x0000, 0x0000, 0x0000, 0x0000, 0x0000, 0x0000,
0x0000, 0x0000, 0x0000, 0x0000, 0x0000, 0x0000, 0x0000, 0x0000, 0x0000, 0x0000, 0x0000, 0x0000, 0x0000, 0x0000, 0x0000, 0x0000,
0x0000, 0x0000, 0x0000, 0x0000, 0x0000, 0x0000, 0x0496, 0x0477, 0x04b8, 0x0497, 0x0497, 0x0497, 0x0497, 0x0497, 0x0497, 0x0497,
0x0497, 0x0497, 0x0497, 0x0497, 0x0497, 0x0497, 0x0497, 0x04d8, 0x0477, 0x0000, 0x0000, 0x0000, 0x0000, 0x0000, 0x0000, 0x0000,
0x0000, 0x0000, 0x0000, 0x0000, 0x0000, 0x0000, 0x0000, 0x0000, 0x0000, 0x0000, 0x0000, 0x0000, 0x0000, 0x0000, 0x0000, 0x0497,
0x0497, 0x04b8, 0x0497, 0x0497, 0x0497, 0x0497, 0x0497, 0x0497, 0x0497, 0x0497, 0x0497, 0x0497, 0x0497, 0x0497, 0x0497, 0x0497,
0x04b8, 0x0497, 0x0000, 0x0000, 0x0000, 0x0000, 0x0000, 0x0000, 0x0000, 0x0000, 0x0000, 0x0000, 0x0000, 0x0000, 0x0000, 0x0000,
0x0000, 0x0000, 0x0000, 0x0000, 0x0000, 0x0000, 0x0000, 0x0000, 0x0497, 0x0497, 0x0497, 0x0497, 0x0497, 0x0497, 0x0497, 0x0497,
0x0497, 0x0497, 0x0497, 0x0497, 0x0497, 0x0497, 0x0497, 0x0497, 0x0497, 0x0497, 
/* -34- */
0x0000, 0x04b8, 0x0497, 0x0498, 0x0497, 0x0497, 0x0497, 0x0497, 0x0497, 0x0497, 0x0497, 0x0497, 0x0497, 0x0497, 0x0497, 0x0497,
0x0497, 0x0497, 0x04b8, 0x0497, 0x0000, 0x0000, 0x0000, 0x0000, 0x0000, 0x0000, 0x0000, 0x0000, 0x0000, 0x0000, 0x0000, 0x0000,
0x0000, 0x0000, 0x0000, 0x0000, 0x0000, 0x0000, 0x0000, 0x0000, 0x0000, 0x0000, 0x0000, 0x0000, 0x0000, 0x0000, 0x0000, 0x0000,
0x0000, 0x0000, 0x0000, 0x0000, 0x0000, 0x0000, 0x0000, 0x0000, 0x0497, 0x0497, 0x0497, 0x0497, 0x0497, 0x0497, 0x0497, 0x0497,
0x0497, 0x0497, 0x0497, 0x0497, 0x0497, 0x0497, 0x0497, 0x0497, 0x04b8, 0x0497, 0x0436, 0x0000, 0x0000, 0x0000, 0x0000, 0x0000,
0x0000, 0x0000, 0x0000, 0x0000, 0x0000, 0x0000, 0x0000, 0x0000, 0x0000, 0x0000, 0x0000, 0x0000, 0x0000, 0x0477, 0x0497, 0x0497,
0x0497, 0x0497, 0x0497, 0x0497, 0x0497, 0x0497, 0x0497, 0x0497, 0x0497, 0x0497, 0x0497, 0x0497, 0x0497, 0x04b8, 0x0497, 0x001f,
0x0000, 0x0000, 0x0000, 0x0000, 0x0000, 0x0000, 0x0000, 0x0000, 0x0000, 0x0000, 0x0000, 0x0000, 0x0000, 0x0000, 0x0000, 0x0000,
0x0000, 0x0000, 0x0000, 0x0000, 0x0000, 0x0000, 0x0000, 0x0000, 0x0000, 0x0000, 0x0000, 0x0000, 0x0000, 0x0000, 0x0000, 0x0000,
0x0000, 0x0000, 0x0000, 0x0000, 0x0000, 0x0000, 0x0496, 0x0477, 0x04b8, 0x0497, 0x0497, 0x0497, 0x0497, 0x0497, 0x0497, 0x0497,
0x0497, 0x0497, 0x0497, 0x0497, 0x0497, 0x0497, 0x0497, 0x04d8, 0x0497, 0x0000, 0x0000, 0x0000, 0x0000, 0x0000, 0x0000, 0x0000,
0x0000, 0x0000, 0x0000, 0x0000, 0x0000, 0x0000, 0x0000, 0x0000, 0x0000, 0x0000, 0x0000, 0x0000, 0x0000, 0x0000, 0x0000, 0x04b7,
0x0497, 0x04b8, 0x0497, 0x0497, 0x0497, 0x0497, 0x0497, 0x0497, 0x0497, 0x0497, 0x0497, 0x0497, 0x0497, 0x0497, 0x0497, 0x0497,
0x04b8, 0x0477, 0x0000, 0x0000, 0x0000, 0x0000, 0x0000, 0x0000, 0x0000, 0x0000, 0x0000, 0x0000, 0x0000, 0x0000, 0x0000, 0x0000,
0x0000, 0x0000, 0x0000, 0x0000, 0x0000, 0x0000, 0x0000, 0x0000, 0x0497, 0x0497, 0x0498, 0x0497, 0x0497, 0x0497, 0x0497, 0x0497,
0x0497, 0x0497, 0x0497, 0x0497, 0x0497, 0x0497, 0x0497, 0x0497, 0x0497, 0x0497, 
/* -35- */
0x0000, 0x0497, 0x04b8, 0x0497, 0x0497, 0x0497, 0x0497, 0x0497, 0x0497, 0x0497, 0x0497, 0x0497, 0x0497, 0x0497, 0x0497, 0x0497,
0x0497, 0x0497, 0x0497, 0x0477, 0x0000, 0x0000, 0x0000, 0x0000, 0x0000, 0x0000, 0x0000, 0x0000, 0x0000, 0x0000, 0x0000, 0x0000,
0x0000, 0x0000, 0x0000, 0x0000, 0x0000, 0x0000, 0x0000, 0x0000, 0x0000, 0x0000, 0x0000, 0x0000, 0x0000, 0x0000, 0x0000, 0x0000,
0x0000, 0x0000, 0x0000, 0x0000, 0x0000, 0x0000, 0x0000, 0x0000, 0x04b7, 0x0497, 0x04b8, 0x0497, 0x0497, 0x0497, 0x0497, 0x0497,
0x0497, 0x0497, 0x0497, 0x0497, 0x0497, 0x0497, 0x0497, 0x0497, 0x04b8, 0x0497, 0x0436, 0x0000, 0x0000, 0x0000, 0x0000, 0x0000,
0x0000, 0x0000, 0x0000, 0x0000, 0x0000, 0x0000, 0x0000, 0x0000, 0x0000, 0x0000, 0x0000, 0x0000, 0x0000, 0x0477, 0x0497, 0x0497,
0x0497, 0x0497, 0x0497, 0x0497, 0x0497, 0x0497, 0x0497, 0x0497, 0x0497, 0x0497, 0x0497, 0x0497, 0x0497, 0x0497, 0x0497, 0x0000,
0x0000, 0x0000, 0x0000, 0x0000, 0x0000, 0x0000, 0x0000, 0x0000, 0x0000, 0x0000, 0x0000, 0x0000, 0x0000, 0x0000, 0x0000, 0x0000,
0x0000, 0x0000, 0x0000, 0x0000, 0x0000, 0x0000, 0x0000, 0x0000, 0x0000, 0x0000, 0x0000, 0x0000, 0x0000, 0x0000, 0x0000, 0x0000,
0x0000, 0x0000, 0x0000, 0x0000, 0x0000, 0x0000, 0x0496, 0x0477, 0x04b8, 0x0497, 0x0497, 0x0497, 0x0497, 0x0497, 0x0497, 0x0497,
0x0497, 0x0497, 0x0497, 0x0497, 0x0497, 0x0497, 0x0497, 0x0497, 0x0497, 0x0000, 0x0000, 0x0000, 0x0000, 0x0000, 0x0000, 0x0000,
0x0000, 0x0000, 0x0000, 0x0000, 0x0000, 0x0000, 0x0000, 0x0000, 0x0000, 0x0000, 0x0000, 0x0000, 0x0000, 0x0000, 0x0000, 0x0477,
0x0497, 0x04b8, 0x0497, 0x0497, 0x0497, 0x0497, 0x0497, 0x0497, 0x0497, 0x0497, 0x0497, 0x0497, 0x0497, 0x0497, 0x0497, 0x0497,
0x0497, 0x0497, 0x0000, 0x0000, 0x0000, 0x0000, 0x0000, 0x0000, 0x0000, 0x0000, 0x0000, 0x0000, 0x0000, 0x0000, 0x0000, 0x0000,
0x0000, 0x0000, 0x0000, 0x0000, 0x0000, 0x0000, 0x0000, 0x0000, 0x0497, 0x0497, 0x04b8, 0x0497, 0x0497, 0x0497, 0x0497, 0x0497,
0x0497, 0x0497, 0x0497, 0x0497, 0x0497, 0x0497, 0x0497, 0x0497, 0x0497, 0x0497, 
/* -36- */
0x0000, 0x0497, 0x04d8, 0x0497, 0x0497, 0x0497, 0x0497, 0x0497, 0x0497, 0x0497, 0x0497, 0x0497, 0x0497, 0x0497, 0x0497, 0x0497,
0x0497, 0x04b8, 0x0497, 0x0477, 0x0000, 0x0000, 0x0000, 0x0000, 0x0000, 0x0000, 0x0000, 0x0000, 0x0000, 0x0000, 0x0000, 0x0000,
0x0000, 0x0000, 0x0000, 0x0000, 0x0000, 0x0000, 0x0000, 0x0000, 0x0000, 0x0000, 0x0000, 0x0000, 0x0000, 0x0000, 0x0000, 0x0000,
0x0000, 0x0000, 0x0000, 0x0000, 0x0000, 0x0000, 0x0000, 0x0000, 0x04d3, 0x0497, 0x04d8, 0x0497, 0x0497, 0x0497, 0x0497, 0x0497,
0x0497, 0x0497, 0x0497, 0x0497, 0x0497, 0x0497, 0x0497, 0x0497, 0x04b8, 0x0497, 0x0436, 0x0000, 0x0000, 0x0000, 0x0000, 0x0000,
0x0000, 0x0000, 0x0000, 0x0000, 0x0000, 0x0000, 0x0000, 0x0000, 0x0000, 0x0000, 0x0000, 0x0000, 0x0000, 0x0477, 0x0497, 0x0497,
0x0497, 0x0497, 0x0497, 0x0497, 0x0497, 0x0497, 0x0497, 0x0497, 0x0497, 0x0497, 0x0497, 0x0497, 0x0497, 0x0497, 0x0497, 0x0000,
0x0000, 0x0000, 0x0000, 0x0000, 0x0000, 0x0000, 0x0000, 0x0000, 0x0000, 0x0000, 0x0000, 0x0000, 0x0000, 0x0000, 0x0000, 0x0000,
0x0000, 0x0000, 0x0000, 0x0000, 0x0000, 0x0000, 0x0000, 0x0000, 0x0000, 0x0000, 0x0000, 0x0000, 0x0000, 0x0000, 0x0000, 0x0000,
0x0000, 0x0000, 0x0000, 0x0000, 0x0000, 0x0000, 0x0496, 0x0497, 0x04b8, 0x0497, 0x0497, 0x0497, 0x0497, 0x0497, 0x0497, 0x0497,
0x0497, 0x0497, 0x0497, 0x0497, 0x0497, 0x0497, 0x0497, 0x0497, 0x0498, 0x0000, 0x0000, 0x0000, 0x0000, 0x0000, 0x0000, 0x0000,
0x0000, 0x0000, 0x0000, 0x0000, 0x0000, 0x0000, 0x0000, 0x0000, 0x0000, 0x0000, 0x0000, 0x0000, 0x0000, 0x0000, 0x0000, 0x04b7,
0x0497, 0x04b8, 0x0497, 0x0497, 0x0497, 0x0497, 0x0497, 0x0497, 0x0497, 0x0497, 0x0497, 0x0497, 0x0497, 0x0497, 0x0497, 0x0497,
0x0497, 0x0477, 0x0000, 0x0000, 0x0000, 0x0000, 0x0000, 0x0000, 0x0000, 0x0000, 0x0000, 0x0000, 0x0000, 0x0000, 0x0000, 0x0000,
0x0000, 0x0000, 0x0000, 0x0000, 0x0000, 0x0000, 0x0000, 0x0000, 0x0497, 0x0497, 0x04b8, 0x0497, 0x0497, 0x0497, 0x0497, 0x0497,
0x0497, 0x0497, 0x0497, 0x0497, 0x0497, 0x0497, 0x0497, 0x0497, 0x0497, 0x0497, 
/* -37- */
0x03ef, 0x0497, 0x04d8, 0x0497, 0x0497, 0x0497, 0x0497, 0x0497, 0x0497, 0x0497, 0x0497, 0x0497, 0x0497, 0x0497, 0x0497, 0x0497,
0x0497, 0x04b8, 0x0497, 0x0496, 0x0000, 0x0000, 0x0000, 0x0000, 0x0000, 0x0000, 0x0000, 0x0000, 0x0000, 0x0000, 0x0000, 0x0000,
0x0000, 0x0000, 0x0000, 0x0000, 0x0000, 0x0000, 0x0000, 0x0000, 0x0000, 0x0000, 0x0000, 0x0000, 0x0000, 0x0000, 0x0000, 0x0000,
0x0000, 0x0000, 0x0000, 0x0000, 0x0000, 0x0000, 0x0000, 0x0000, 0x0000, 0x0497, 0x04b8, 0x0497, 0x0497, 0x0497, 0x0497, 0x0497,
0x0497, 0x0497, 0x0497, 0x0497, 0x0497, 0x0497, 0x0497, 0x0497, 0x04b8, 0x0497, 0x0436, 0x0000, 0x0000, 0x0000, 0x0000, 0x0000,
0x0000, 0x0000, 0x0000, 0x0000, 0x0000, 0x0000, 0x0000, 0x0000, 0x0000, 0x0000, 0x0000, 0x0000, 0x0000, 0x0477, 0x0497, 0x0497,
0x0497, 0x0497, 0x0497, 0x0497, 0x0497, 0x0497, 0x0497, 0x0497, 0x0497, 0x0497, 0x0497, 0x0497, 0x0497, 0x0497, 0x0477, 0x0000,
0x0000, 0x0000, 0x0000, 0x0000, 0x0000, 0x0000, 0x0000, 0x0000, 0x0000, 0x0000, 0x0000, 0x0000, 0x0000, 0x0000, 0x0000, 0x0000,
0x0000, 0x0000, 0x0000, 0x0000, 0x0000, 0x0000, 0x0000, 0x0000, 0x0000, 0x0000, 0x0000, 0x0000, 0x0000, 0x0000, 0x0000, 0x0000,
0x0000, 0x0000, 0x0000, 0x0000, 0x0000, 0x0000, 0x0496, 0x0497, 0x04b8, 0x0497, 0x0497, 0x0497, 0x0497, 0x0497, 0x0497, 0x0497,
0x0497, 0x0497, 0x0497, 0x0497, 0x0497, 0x0497, 0x0498, 0x0497, 0x0497, 0x0000, 0x0000, 0x0000, 0x0000, 0x0000, 0x0000, 0x0000,
0x0000, 0x0000, 0x0000, 0x0000, 0x0000, 0x0000, 0x0000, 0x0000, 0x0000, 0x0000, 0x0000, 0x0000, 0x0000, 0x0000, 0x0000, 0x0497,
0x0497, 0x04b8, 0x0497, 0x0497, 0x0497, 0x0497, 0x0497, 0x0497, 0x0497, 0x0497, 0x0497, 0x0497, 0x0497, 0x0497, 0x0497, 0x0498,
0x0497, 0x04b7, 0x0000, 0x0000, 0x0000, 0x0000, 0x0000, 0x0000, 0x0000, 0x0000, 0x0000, 0x0000, 0x0000, 0x0000, 0x0000, 0x0000,
0x0000, 0x0000, 0x0000, 0x0000, 0x0000, 0x0000, 0x0000, 0x0000, 0x0497, 0x0497, 0x04b8, 0x0497, 0x0497, 0x0497, 0x0497, 0x0497,
0x0497, 0x0497, 0x0497, 0x0497, 0x0497, 0x0497, 0x0497, 0x0497, 0x0497, 0x0497, 
/* -38- */
0x03f6, 0x0497, 0x04b8, 0x0497, 0x0497, 0x0497, 0x0497, 0x0497, 0x0497, 0x0497, 0x0497, 0x0497, 0x0497, 0x0497, 0x0497, 0x0497,
0x0497, 0x04d8, 0x0497, 0x0000, 0x0000, 0x0000, 0x0000, 0x0000, 0x0000, 0x0000, 0x0000, 0x0000, 0x0000, 0x0000, 0x0000, 0x0000,
0x0000, 0x0000, 0x0000, 0x0000, 0x0000, 0x0000, 0x0000, 0x0000, 0x0000, 0x0000, 0x0000, 0x0000, 0x0000, 0x0000, 0x0000, 0x0000,
0x0000, 0x0000, 0x0000, 0x0000, 0x0000, 0x0000, 0x0000, 0x0000, 0x0000, 0x0497, 0x0497, 0x0498, 0x0497, 0x0497, 0x0497, 0x0497,
0x0497, 0x0497, 0x0497, 0x0497, 0x0497, 0x0497, 0x0497, 0x0497, 0x04b8, 0x0497, 0x0436, 0x0000, 0x0000, 0x0000, 0x0000, 0x0000,
0x0000, 0x0000, 0x0000, 0x0000, 0x0000, 0x0000, 0x0000, 0x0000, 0x0000, 0x0000, 0x0000, 0x0000, 0x0000, 0x0477, 0x0497, 0x0497,
0x0497, 0x0497, 0x0497, 0x0497, 0x0497, 0x0497, 0x0497, 0x0497, 0x0497, 0x0497, 0x0497, 0x0497, 0x0497, 0x0497, 0x0497, 0x0000,
0x0000, 0x0000, 0x0000, 0x0000, 0x0000, 0x0000, 0x0000, 0x0000, 0x0000, 0x0000, 0x0000, 0x0000, 0x0000, 0x0000, 0x0000, 0x0000,
0x0000, 0x0000, 0x0000, 0x0000, 0x0000, 0x0000, 0x0000, 0x0000, 0x0000, 0x0000, 0x0000, 0x0000, 0x0000, 0x0000, 0x0000, 0x0000,
0x0000, 0x0000, 0x0000, 0x0000, 0x0000, 0x0000, 0x0496, 0x0497, 0x04b8, 0x0497, 0x0497, 0x0497, 0x0497, 0x0497, 0x0497, 0x0497,
0x0497, 0x0497, 0x0497, 0x0497, 0x0497, 0x0497, 0x04b8, 0x0497, 0x0477, 0x0000, 0x0000, 0x0000, 0x0000, 0x0000, 0x0000, 0x0000,
0x0000, 0x0000, 0x0000, 0x0000, 0x0000, 0x0000, 0x0000, 0x0000, 0x0000, 0x0000, 0x0000, 0x0000, 0x0000, 0x0000, 0x0000, 0x04b8,
0x0497, 0x04b8, 0x0497, 0x0497, 0x0497, 0x0497, 0x0497, 0x0497, 0x0497, 0x0497, 0x0497, 0x0497, 0x0497, 0x0497, 0x0497, 0x04b8,
0x0497, 0x0498, 0x0000, 0x0000, 0x0000, 0x0000, 0x0000, 0x0000, 0x0000, 0x0000, 0x0000, 0x0000, 0x0000, 0x0000, 0x0000, 0x0000,
0x0000, 0x0000, 0x0000, 0x0000, 0x0000, 0x0000, 0x0000, 0x0000, 0x0497, 0x0497, 0x04b8, 0x0497, 0x0497, 0x0497, 0x0497, 0x0497,
0x0497, 0x0497, 0x0497, 0x0497, 0x0497, 0x0497, 0x0497, 0x0497, 0x0497, 0x0497, 
/* -39- */
0x04d7, 0x0497, 0x04b8, 0x0497, 0x0497, 0x0497, 0x0497, 0x0497, 0x0497, 0x0497, 0x0497, 0x0497, 0x0497, 0x0497, 0x0497, 0x0497,
0x0497, 0x04b8, 0x0477, 0x0000, 0x0000, 0x0000, 0x0000, 0x0000, 0x0000, 0x0000, 0x0000, 0x0000, 0x0000, 0x0000, 0x0000, 0x0000,
0x0000, 0x0000, 0x0000, 0x0000, 0x0000, 0x0000, 0x0000, 0x0000, 0x0000, 0x0000, 0x0000, 0x0000, 0x0000, 0x0000, 0x0000, 0x0000,
0x0000, 0x0000, 0x0000, 0x0000, 0x0000, 0x0000, 0x0000, 0x0000, 0x0000, 0x0497, 0x0497, 0x04b8, 0x0497, 0x0497, 0x0497, 0x0497,
0x0497, 0x0497, 0x0497, 0x0497, 0x0497, 0x0497, 0x0497, 0x0497, 0x04b8, 0x0497, 0x0436, 0x0000, 0x0000, 0x0000, 0x0000, 0x0000,
0x0000, 0x0000, 0x0000, 0x0000, 0x0000, 0x0000, 0x0000, 0x0000, 0x0000, 0x0000, 0x0000, 0x0000, 0x0000, 0x0477, 0x0497, 0x0497,
0x0497, 0x0497, 0x0497, 0x0497, 0x0497, 0x0497, 0x0497, 0x0497, 0x0497, 0x0497, 0x0497, 0x0497, 0x0497, 0x0497, 0x0477, 0x0000,
0x0000, 0x0000, 0x0000, 0x0000, 0x0000, 0x0000, 0x0000, 0x0000, 0x0000, 0x0000, 0x0000, 0x0000, 0x0000, 0x0000, 0x0000, 0x0000,
0x0000, 0x0000, 0x0000, 0x0000, 0x0000, 0x0000, 0x0000, 0x0000, 0x0000, 0x0000, 0x0000, 0x0000, 0x0000, 0x0000, 0x0000, 0x0000,
0x0000, 0x0000, 0x0000, 0x0000, 0x0000, 0x0000, 0x0496, 0x0497, 0x04b8, 0x0497, 0x0497, 0x0497, 0x0497, 0x0497, 0x0497, 0x0497,
0x0497, 0x0497, 0x0497, 0x0497, 0x0497, 0x0497, 0x04b8, 0x0497, 0x0497, 0x0000, 0x0000, 0x0000, 0x0000, 0x0000, 0x0000, 0x0000,
0x0000, 0x0000, 0x0000, 0x0000, 0x0000, 0x0000, 0x0000, 0x0000, 0x0000, 0x0000, 0x0000, 0x0000, 0x0000, 0x0000, 0x0000, 0x0497,
0x0497, 0x04b8, 0x0497, 0x0497, 0x0497, 0x0497, 0x0497, 0x0497, 0x0497, 0x0497, 0x0497, 0x0497, 0x0497, 0x0497, 0x0497, 0x04b8,
0x0497, 0x04d7, 0x0000, 0x0000, 0x0000, 0x0000, 0x0000, 0x0000, 0x0000, 0x0000, 0x0000, 0x0000, 0x0000, 0x0000, 0x0000, 0x0000,
0x0000, 0x0000, 0x0000, 0x0000, 0x0000, 0x0000, 0x0000, 0x0000, 0x0498, 0x0477, 0x04b8, 0x0497, 0x0497, 0x0497, 0x0497, 0x0497,
0x0497, 0x0497, 0x0497, 0x0497, 0x0497, 0x0497, 0x0497, 0x0497, 0x0497, 0x0497, 
/* -40- */
0x0477, 0x0497, 0x04b8, 0x0497, 0x0497, 0x0497, 0x0497, 0x0497, 0x0497, 0x0497, 0x0497, 0x0497, 0x0497, 0x0497, 0x0497, 0x0497,
0x0497, 0x0497, 0x0498, 0x0000, 0x0000, 0x0000, 0x0000, 0x0000, 0x0000, 0x0000, 0x0000, 0x0000, 0x0000, 0x0000, 0x0000, 0x0000,
0x0000, 0x0000, 0x0000, 0x0000, 0x0000, 0x0000, 0x0000, 0x0000, 0x0000, 0x0000, 0x0000, 0x0000, 0x0000, 0x0000, 0x0000, 0x0000,
0x0000, 0x0000, 0x0000, 0x0000, 0x0000, 0x0000, 0x0000, 0x0000, 0x0000, 0x0497, 0x0497, 0x04b8, 0x0497, 0x0497, 0x0497, 0x0497,
0x0497, 0x0497, 0x0497, 0x0497, 0x0497, 0x0497, 0x0497, 0x0497, 0x04b8, 0x0497, 0x0436, 0x0000, 0x0000, 0x0000, 0x0000, 0x0000,
0x0000, 0x0000, 0x0000, 0x0000, 0x0000, 0x0000, 0x0000, 0x0000, 0x0000, 0x0000, 0x0000, 0x0000, 0x0000, 0x0477, 0x0497, 0x0497,
0x0497, 0x0497, 0x0497, 0x0497, 0x0497, 0x0497, 0x0497, 0x0497, 0x0497, 0x0497, 0x0497, 0x0497, 0x0497, 0x0497, 0x0497, 0x0000,
0x0000, 0x0000, 0x0000, 0x0000, 0x0000, 0x0000, 0x0000, 0x0000, 0x0000, 0x0000, 0x0000, 0x0000, 0x0000, 0x0000, 0x0000, 0x0000,
0x0000, 0x0000, 0x0000, 0x0000, 0x0000, 0x0000, 0x0000, 0x0000, 0x0000, 0x0000, 0x0000, 0x0000, 0x0000, 0x0000, 0x0000, 0x0000,
0x0000, 0x0000, 0x0000, 0x0000, 0x0000, 0x0000, 0x0496, 0x0497, 0x04b8, 0x0497, 0x0497, 0x0497, 0x0497, 0x0497, 0x0497, 0x0497,
0x0497, 0x0497, 0x0497, 0x0497, 0x0497, 0x0497, 0x04b8, 0x0497, 0x0477, 0x0000, 0x0000, 0x0000, 0x0000, 0x0000, 0x0000, 0x0000,
0x0000, 0x0000, 0x0000, 0x0000, 0x0000, 0x0000, 0x0000, 0x0000, 0x0000, 0x0000, 0x0000, 0x0000, 0x0000, 0x0000, 0x0000, 0x0497,
0x0497, 0x04b8, 0x0497, 0x0497, 0x0497, 0x0497, 0x0497, 0x0497, 0x0497, 0x0497, 0x0497, 0x0497, 0x0497, 0x0497, 0x0497, 0x04b8,
0x0497, 0x0497, 0x0000, 0x0000, 0x0000, 0x0000, 0x0000, 0x0000, 0x0000, 0x0000, 0x0000, 0x0000, 0x0000, 0x0000, 0x0000, 0x0000,
0x0000, 0x0000, 0x0000, 0x0000, 0x0000, 0x0000, 0x0000, 0x0000, 0x0477, 0x0497, 0x04b8, 0x0497, 0x0497, 0x0497, 0x0497, 0x0497,
0x0497, 0x0497, 0x0497, 0x0497, 0x0497, 0x0497, 0x0497, 0x0497, 0x0497, 0x0497, 
/* -41- */
0x0477, 0x0497, 0x04b8, 0x0497, 0x0497, 0x0497, 0x0497, 0x0497, 0x0497, 0x0497, 0x0497, 0x0497, 0x0497, 0x0497, 0x0497, 0x0497,
0x04b8, 0x0497, 0x0497, 0x0000, 0x0000, 0x0000, 0x0000, 0x0000, 0x0000, 0x0000, 0x0000, 0x0000, 0x0000, 0x0000, 0x0000, 0x0000,
0x0000, 0x0000, 0x0000, 0x0000, 0x0000, 0x0000, 0x0000, 0x0000, 0x0000, 0x0000, 0x0000, 0x0000, 0x0000, 0x0000, 0x0000, 0x0000,
0x0000, 0x0000, 0x0000, 0x0000, 0x0000, 0x0000, 0x0000, 0x0000, 0x0000, 0x0457, 0x0497, 0x04b8, 0x0497, 0x0497, 0x0497, 0x0497,
0x0497, 0x0497, 0x0497, 0x0497, 0x0497, 0x0497, 0x0497, 0x0497, 0x04b8, 0x0497, 0x0436, 0x0000, 0x0000, 0x0000, 0x0000, 0x0000,
0x0000, 0x0000, 0x0000, 0x0000, 0x0000, 0x0000, 0x0000, 0x0000, 0x0000, 0x0000, 0x0000, 0x0000, 0x0000, 0x0477, 0x0497, 0x0497,
0x0497, 0x0497, 0x0497, 0x0497, 0x0497, 0x0497, 0x0497, 0x0497, 0x0497, 0x0497, 0x0497, 0x0497, 0x0497, 0x0497, 0x0497, 0x0000,
0x0000, 0x0000, 0x0000, 0x0000, 0x0000, 0x0000, 0x0000, 0x0000, 0x0000, 0x0000, 0x0000, 0x0000, 0x0000, 0x0000, 0x0000, 0x0000,
0x0000, 0x0000, 0x0000, 0x0000, 0x0000, 0x0000, 0x0000, 0x0000, 0x0000, 0x0000, 0x0000, 0x0000, 0x0000, 0x0000, 0x0000, 0x0000,
0x0000, 0x0000, 0x0000, 0x0000, 0x0000, 0x0000, 0x0496, 0x0497, 0x04b8, 0x0497, 0x0497, 0x0497, 0x0497, 0x0497, 0x0497, 0x0497,
0x0497, 0x0497, 0x0497, 0x0497, 0x0497, 0x0497, 0x04b8, 0x0497, 0x0477, 0x0000, 0x0000, 0x0000, 0x0000, 0x0000, 0x0000, 0x0000,
0x0000, 0x0000, 0x0000, 0x0000, 0x0000, 0x0000, 0x0000, 0x0000, 0x0000, 0x0000, 0x0000, 0x0000, 0x0000, 0x0000, 0x0000, 0x0497,
0x0497, 0x04b8, 0x0497, 0x0497, 0x0497, 0x0497, 0x0497, 0x0497, 0x0497, 0x0497, 0x0497, 0x0497, 0x0497, 0x0497, 0x0497, 0x04b8,
0x0497, 0x0477, 0x0000, 0x0000, 0x0000, 0x0000, 0x0000, 0x0000, 0x0000, 0x0000, 0x0000, 0x0000, 0x0000, 0x0000, 0x0000, 0x0000,
0x0000, 0x0000, 0x0000, 0x0000, 0x0000, 0x0000, 0x0000, 0x0000, 0x0477, 0x0497, 0x04b8, 0x0497, 0x0497, 0x0497, 0x0497, 0x0497,
0x0497, 0x0497, 0x0497, 0x0497, 0x0497, 0x0497, 0x0497, 0x0497, 0x0497, 0x0497, 
/* -42- */
0x0497, 0x0497, 0x04b8, 0x0497, 0x0497, 0x0497, 0x0497, 0x0497, 0x0497, 0x0497, 0x0497, 0x0497, 0x0497, 0x0497, 0x0497, 0x0497,
0x04b8, 0x0497, 0x0497, 0x0000, 0x0000, 0x0000, 0x0000, 0x0000, 0x0000, 0x0000, 0x0000, 0x0000, 0x0000, 0x0000, 0x0000, 0x0000,
0x0000, 0x0000, 0x0000, 0x0000, 0x0000, 0x0000, 0x0000, 0x0000, 0x0000, 0x0000, 0x0000, 0x0000, 0x0000, 0x0000, 0x0000, 0x0000,
0x0000, 0x0000, 0x0000, 0x0000, 0x0000, 0x0000, 0x0000, 0x0000, 0x0000, 0x04d8, 0x0497, 0x04b8, 0x0497, 0x0497, 0x0497, 0x0497,
0x0497, 0x0497, 0x0497, 0x0497, 0x0497, 0x0497, 0x0497, 0x0497, 0x04b8, 0x0497, 0x0436, 0x0000, 0x0000, 0x0000, 0x0000, 0x0000,
0x0000, 0x0000, 0x0000, 0x0000, 0x0000, 0x0000, 0x0000, 0x0000, 0x0000, 0x0000, 0x0000, 0x0000, 0x0000, 0x0477, 0x0497, 0x0497,
0x0497, 0x0497, 0x0497, 0x0497, 0x0497, 0x0497, 0x0497, 0x0497, 0x0497, 0x0497, 0x0497, 0x0497, 0x0497, 0x0497, 0x0497, 0x0000,
0x0000, 0x0000, 0x0000, 0x0000, 0x0000, 0x0000, 0x0000, 0x0000, 0x0000, 0x0000, 0x0000, 0x0000, 0x0000, 0x0000, 0x0000, 0x0000,
0x0000, 0x0000, 0x0000, 0x0000, 0x0000, 0x0000, 0x0000, 0x0000, 0x0000, 0x0000, 0x0000, 0x0000, 0x0000, 0x0000, 0x0000, 0x0000,
0x0000, 0x0000, 0x0000, 0x0000, 0x0000, 0x0000, 0x0496, 0x0497, 0x04b8, 0x0497, 0x0497, 0x0497, 0x0497, 0x0497, 0x0497, 0x0497,
0x0497, 0x0497, 0x0497, 0x0497, 0x0497, 0x0497, 0x04b8, 0x0497, 0x0497, 0x0000, 0x0000, 0x0000, 0x0000, 0x0000, 0x0000, 0x0000,
0x0000, 0x0000, 0x0000, 0x0000, 0x0000, 0x0000, 0x0000, 0x0000, 0x0000, 0x0000, 0x0000, 0x0000, 0x0000, 0x0000, 0x0000, 0x0497,
0x0497, 0x04b8, 0x0497, 0x0497, 0x0497, 0x0497, 0x0497, 0x0497, 0x0497, 0x0497, 0x0497, 0x0497, 0x0497, 0x0497, 0x0497, 0x04b8,
0x0497, 0x04b8, 0x0000, 0x0000, 0x0000, 0x0000, 0x0000, 0x0000, 0x0000, 0x0000, 0x0000, 0x0000, 0x0000, 0x0000, 0x0000, 0x0000,
0x0000, 0x0000, 0x0000, 0x0000, 0x0000, 0x0000, 0x0000, 0x0000, 0x0477, 0x0497, 0x04b8, 0x0497, 0x0497, 0x0497, 0x0497, 0x0497,
0x0497, 0x0497, 0x0497, 0x0497, 0x0497, 0x0497, 0x0497, 0x0497, 0x0497, 0x0497, 
/* -43- */
0x04b7, 0x0497, 0x04b8, 0x0497, 0x0497, 0x0497, 0x0497, 0x0497, 0x0497, 0x0497, 0x0497, 0x0497, 0x0497, 0x0497, 0x0497, 0x0497,
0x04b8, 0x0497, 0x0498, 0x0000, 0x0000, 0x0000, 0x0000, 0x0000, 0x0000, 0x0000, 0x0000, 0x0000, 0x0000, 0x0000, 0x0000, 0x0000,
0x0000, 0x0000, 0x0000, 0x0000, 0x0000, 0x0000, 0x0000, 0x0000, 0x0000, 0x0000, 0x0000, 0x0000, 0x0000, 0x0000, 0x0000, 0x0000,
0x0000, 0x0000, 0x0000, 0x0000, 0x0000, 0x0000, 0x0000, 0x0000, 0x0000, 0x0477, 0x0497, 0x04b8, 0x0497, 0x0497, 0x0497, 0x0497,
0x0497, 0x0497, 0x0497, 0x0497, 0x0497, 0x0497, 0x0497, 0x0497, 0x04b8, 0x0497, 0x0436, 0x0000, 0x0000, 0x0000, 0x0000, 0x0000,
0x0000, 0x0000, 0x0000, 0x0000, 0x0000, 0x0000, 0x0000, 0x0000, 0x0000, 0x0000, 0x0000, 0x0000, 0x0000, 0x0477, 0x0497, 0x0497,
0x0497, 0x0497, 0x0497, 0x0497, 0x0497, 0x0497, 0x0497, 0x0497, 0x0497, 0x0497, 0x0497, 0x0497, 0x0497, 0x0497, 0x0497, 0x0000,
0x0000, 0x0000, 0x0000, 0x0000, 0x0000, 0x0000, 0x0000, 0x0000, 0x0000, 0x0000, 0x0000, 0x0000, 0x0000, 0x0000, 0x0000, 0x0000,
0x0000, 0x0000, 0x0000, 0x0000, 0x0000, 0x0000, 0x0000, 0x0000, 0x0000, 0x0000, 0x0000, 0x0000, 0x0000, 0x0000, 0x0000, 0x0000,
0x0000, 0x0000, 0x0000, 0x0000, 0x0000, 0x0000, 0x03f7, 0x0497, 0x04b8, 0x0497, 0x0497, 0x0497, 0x0497, 0x0497, 0x0497, 0x0497,
0x0497, 0x0497, 0x0497, 0x0497, 0x0497, 0x0497, 0x04b8, 0x0497, 0x0477, 0x0000, 0x0000, 0x0000, 0x0000, 0x0000, 0x0000, 0x0000,
0x0000, 0x0000, 0x0000, 0x0000, 0x0000, 0x0000, 0x0000, 0x0000, 0x0000, 0x0000, 0x0000, 0x0000, 0x0000, 0x0000, 0x0000, 0x0497,
0x0497, 0x04b8, 0x0497, 0x0497, 0x0497, 0x0497, 0x0497, 0x0497, 0x0497, 0x0497, 0x0497, 0x0497, 0x0497, 0x0497, 0x0497, 0x04b8,
0x0497, 0x04b8, 0x0000, 0x0000, 0x0000, 0x0000, 0x0000, 0x0000, 0x0000, 0x0000, 0x0000, 0x0000, 0x0000, 0x0000, 0x0000, 0x0000,
0x0000, 0x0000, 0x0000, 0x0000, 0x0000, 0x0000, 0x0000, 0x0000, 0x0477, 0x0497, 0x04b8, 0x0497, 0x0497, 0x0497, 0x0497, 0x0497,
0x0497, 0x0497, 0x0497, 0x0497, 0x0497, 0x0497, 0x0497, 0x0497, 0x0497, 0x0497, 
/* -44- */
0x0498, 0x0497, 0x04b8, 0x0497, 0x0497, 0x0497, 0x0497, 0x0497, 0x0497, 0x0497, 0x0497, 0x0497, 0x0497, 0x0497, 0x0497, 0x0497,
0x04b8, 0x0497, 0x0497, 0x0000, 0x0000, 0x0000, 0x0000, 0x0000, 0x0000, 0x0000, 0x0000, 0x0000, 0x0000, 0x0000, 0x0000, 0x0000,
0x0000, 0x0000, 0x0000, 0x0000, 0x0000, 0x0000, 0x0000, 0x0000, 0x0000, 0x0000, 0x0000, 0x0000, 0x0000, 0x0000, 0x0000, 0x0000,
0x0000, 0x0000, 0x0000, 0x0000, 0x0000, 0x0000, 0x0000, 0x0000, 0x0000, 0x0457, 0x0497, 0x04b8, 0x0497, 0x0497, 0x0497, 0x0497,
0x0497, 0x0497, 0x0497, 0x0497, 0x0497, 0x0497, 0x0497, 0x0497, 0x04b8, 0x0497, 0x0436, 0x0000, 0x0000, 0x0000, 0x0000, 0x0000,
0x0000, 0x0000, 0x0000, 0x0000, 0x0000, 0x0000, 0x0000, 0x0000, 0x0000, 0x0000, 0x0000, 0x0000, 0x0000, 0x0477, 0x0497, 0x0497,
0x0497, 0x0497, 0x0497, 0x0497, 0x0497, 0x0497, 0x0497, 0x0497, 0x0497, 0x0497, 0x0497, 0x0497, 0x0497, 0x0497, 0x0497, 0x0000,
0x0000, 0x0000, 0x0000, 0x0000, 0x0000, 0x0000, 0x0000, 0x0000, 0x0000, 0x0000, 0x0000, 0x0000, 0x0000, 0x0000, 0x0000, 0x0000,
0x0000, 0x0000, 0x0000, 0x0000, 0x0000, 0x0000, 0x0000, 0x0000, 0x0000, 0x0000, 0x0000, 0x0000, 0x0000, 0x0000, 0x0000, 0x0000,
0x0000, 0x0000, 0x0000, 0x0000, 0x0000, 0x0000, 0x03f7, 0x0497, 0x04b8, 0x0497, 0x0497, 0x0497, 0x0497, 0x0497, 0x0497, 0x0497,
0x0497, 0x0497, 0x0497, 0x0497, 0x0497, 0x0497, 0x04b8, 0x0497, 0x0477, 0x0000, 0x0000, 0x0000, 0x0000, 0x0000, 0x0000, 0x0000,
0x0000, 0x0000, 0x0000, 0x0000, 0x0000, 0x0000, 0x0000, 0x0000, 0x0000, 0x0000, 0x0000, 0x0000, 0x0000, 0x0000, 0x0000, 0x0497,
0x0497, 0x04b8, 0x0497, 0x0497, 0x0497, 0x0497, 0x0497, 0x0497, 0x0497, 0x0497, 0x0497, 0x0497, 0x0497, 0x0497, 0x0497, 0x04b8,
0x0497, 0x04b8, 0x0000, 0x0000, 0x0000, 0x0000, 0x0000, 0x0000, 0x0000, 0x0000, 0x0000, 0x0000, 0x0000, 0x0000, 0x0000, 0x0000,
0x0000, 0x0000, 0x0000, 0x0000, 0x0000, 0x0000, 0x0000, 0x0000, 0x0477, 0x0497, 0x04b8, 0x0497, 0x0497, 0x0497, 0x0497, 0x0497,
0x0497, 0x0497, 0x0497, 0x0497, 0x0497, 0x0497, 0x0497, 0x0497, 0x0497, 0x0497, 
/* -45- */
0x0476, 0x0497, 0x04b8, 0x0497, 0x0497, 0x0497, 0x0497, 0x0497, 0x0497, 0x0497, 0x0497, 0x0497, 0x0497, 0x0497, 0x0497, 0x0497,
0x04b8, 0x0497, 0x0477, 0x0000, 0x0000, 0x0000, 0x0000, 0x0000, 0x0000, 0x0000, 0x0000, 0x0000, 0x0000, 0x0000, 0x0000, 0x0000,
0x0000, 0x0000, 0x0000, 0x0000, 0x0000, 0x0000, 0x0000, 0x0000, 0x0000, 0x0000, 0x0000, 0x0000, 0x0000, 0x0000, 0x0000, 0x0000,
0x0000, 0x0000, 0x0000, 0x0000, 0x0000, 0x0000, 0x0000, 0x0000, 0x0000, 0x0477, 0x0497, 0x04b8, 0x0497, 0x0497, 0x0497, 0x0497,
0x0497, 0x0497, 0x0497, 0x0497, 0x0497, 0x0497, 0x0497, 0x0497, 0x04b8, 0x0497, 0x0436, 0x0000, 0x0000, 0x0000, 0x0000, 0x0000,
0x0000, 0x0000, 0x0000, 0x0000, 0x0000, 0x0000, 0x0000, 0x0000, 0x0000, 0x0000, 0x0000, 0x0000, 0x0000, 0x0477, 0x0497, 0x0497,
0x0497, 0x0497, 0x0497, 0x0497, 0x0497, 0x0497, 0x0497, 0x0497, 0x0497, 0x0497, 0x0497, 0x0497, 0x0497, 0x0497, 0x0497, 0x0000,
0x0000, 0x0000, 0x0000, 0x0000, 0x0000, 0x0000, 0x0000, 0x0000, 0x0000, 0x0000, 0x0000, 0x0000, 0x0000, 0x0000, 0x0000, 0x0000,
0x0000, 0x0000, 0x0000, 0x0000, 0x0000, 0x0000, 0x0000, 0x0000, 0x0000, 0x0000, 0x0000, 0x0000, 0x0000, 0x0000, 0x0000, 0x0000,
0x0000, 0x0000, 0x0000, 0x0000, 0x0000, 0x0000, 0x03f7, 0x0497, 0x04b8, 0x0497, 0x0497, 0x0497, 0x0497, 0x0497, 0x0497, 0x0497,
0x0497, 0x0497, 0x0497, 0x0497, 0x0497, 0x0497, 0x04b8, 0x0497, 0x0477, 0x0000, 0x0000, 0x0000, 0x0000, 0x0000, 0x0000, 0x0000,
0x0000, 0x0000, 0x0000, 0x0000, 0x0000, 0x0000, 0x0000, 0x0000, 0x0000, 0x0000, 0x0000, 0x0000, 0x0000, 0x0000, 0x0000, 0x0497,
0x0497, 0x04b8, 0x0497, 0x0497, 0x0497, 0x0497, 0x0497, 0x0497, 0x0497, 0x0497, 0x0497, 0x0497, 0x0497, 0x0497, 0x0497, 0x04b8,
0x0497, 0x04b8, 0x0000, 0x0000, 0x0000, 0x0000, 0x0000, 0x0000, 0x0000, 0x0000, 0x0000, 0x0000, 0x0000, 0x0000, 0x0000, 0x0000,
0x0000, 0x0000, 0x0000, 0x0000, 0x0000, 0x0000, 0x0000, 0x0000, 0x0477, 0x0497, 0x04b8, 0x0497, 0x0497, 0x0497, 0x0497, 0x0497,
0x0497, 0x0497, 0x0497, 0x0497, 0x0497, 0x0497, 0x0497, 0x0497, 0x0497, 0x0497, 
/* -46- */
0x0477, 0x0497, 0x04b8, 0x0497, 0x0497, 0x0497, 0x0497, 0x0497, 0x0497, 0x0497, 0x0497, 0x0497, 0x0497, 0x0497, 0x0497, 0x0497,
0x0498, 0x0477, 0x0497, 0x0000, 0x0000, 0x0000, 0x0000, 0x0000, 0x0000, 0x0000, 0x0000, 0x0000, 0x0000, 0x0000, 0x0000, 0x0000,
0x0000, 0x0000, 0x0000, 0x0000, 0x0000, 0x0000, 0x0000, 0x0000, 0x0000, 0x0000, 0x0000, 0x0000, 0x0000, 0x0000, 0x0000, 0x0000,
0x0000, 0x0000, 0x0000, 0x0000, 0x0000, 0x0000, 0x0000, 0x0000, 0x0000, 0x0476, 0x0497, 0x04b8, 0x0497, 0x0497, 0x0497, 0x0497,
0x0497, 0x0497, 0x0497, 0x0497, 0x0497, 0x0497, 0x0497, 0x0497, 0x04b8, 0x0497, 0x0436, 0x0000, 0x0000, 0x0000, 0x0000, 0x0000,
0x0000, 0x0000, 0x0000, 0x0000, 0x0000, 0x0000, 0x0000, 0x0000, 0x0000, 0x0000, 0x0000, 0x0000, 0x0000, 0x0477, 0x0497, 0x0497,
0x0497, 0x0497, 0x0497, 0x0497, 0x0497, 0x0497, 0x0497, 0x0497, 0x0497, 0x0497, 0x0497, 0x0497, 0x0497, 0x0497, 0x0497, 0x0000,
0x0000, 0x0000, 0x0000, 0x0000, 0x0000, 0x0000, 0x0000, 0x0000, 0x0000, 0x0000, 0x0000, 0x0000, 0x0000, 0x0000, 0x0000, 0x0000,
0x0000, 0x0000, 0x0000, 0x0000, 0x0000, 0x0000, 0x0000, 0x0000, 0x0000, 0x0000, 0x0000, 0x0000, 0x0000, 0x0000, 0x0000, 0x0000,
0x0000, 0x0000, 0x0000, 0x0000, 0x0000, 0x0000, 0x03f7, 0x0497, 0x04b8, 0x0497, 0x0497, 0x0497, 0x0497, 0x0497, 0x0497, 0x0497,
0x0497, 0x0497, 0x0497, 0x0497, 0x0497, 0x0497, 0x04b8, 0x0497, 0x0477, 0x0000, 0x0000, 0x0000, 0x0000, 0x0000, 0x0000, 0x0000,
0x0000, 0x0000, 0x0000, 0x0000, 0x0000, 0x0000, 0x0000, 0x0000, 0x0000, 0x0000, 0x0000, 0x0000, 0x0000, 0x0000, 0x0000, 0x0497,
0x0497, 0x04b8, 0x0497, 0x0497, 0x0497, 0x0497, 0x0497, 0x0497, 0x0497, 0x0497, 0x0497, 0x0497, 0x0497, 0x0497, 0x0497, 0x04b8,
0x0497, 0x04b8, 0x0000, 0x0000, 0x0000, 0x0000, 0x0000, 0x0000, 0x0000, 0x0000, 0x0000, 0x0000, 0x0000, 0x0000, 0x0000, 0x0000,
0x0000, 0x0000, 0x0000, 0x0000, 0x0000, 0x0000, 0x0000, 0x0000, 0x0477, 0x0497, 0x04b8, 0x0497, 0x0497, 0x0497, 0x0497, 0x0497,
0x0497, 0x0497, 0x0497, 0x0497, 0x0497, 0x0497, 0x0497, 0x0497, 0x0497, 0x0497, 
/* -47- */
0x0458, 0x0497, 0x04b8, 0x0497, 0x0497, 0x0497, 0x0497, 0x0497, 0x0497, 0x0497, 0x0497, 0x0497, 0x0497, 0x0497, 0x0497, 0x0497,
0x0497, 0x04b8, 0x0477, 0x0000, 0x0000, 0x0000, 0x0000, 0x0000, 0x0000, 0x0000, 0x0000, 0x0000, 0x0000, 0x0000, 0x0000, 0x0000,
0x0000, 0x0000, 0x0000, 0x0000, 0x0000, 0x0000, 0x0000, 0x0000, 0x0000, 0x0000, 0x0000, 0x0000, 0x0000, 0x0000, 0x0000, 0x0000,
0x0000, 0x0000, 0x0000, 0x0000, 0x0000, 0x0000, 0x0000, 0x0000, 0x0000, 0x0497, 0x0497, 0x04b8, 0x0497, 0x0497, 0x0497, 0x0497,
0x0497, 0x0497, 0x0497, 0x0497, 0x0497, 0x0497, 0x0497, 0x0497, 0x04b8, 0x0497, 0x0436, 0x0000, 0x0000, 0x0000, 0x0000, 0x0000,
0x0000, 0x0000, 0x0000, 0x0000, 0x0000, 0x0000, 0x0000, 0x0000, 0x0000, 0x0000, 0x0000, 0x0000, 0x0000, 0x0477, 0x0497, 0x0497,
0x0497, 0x0497, 0x0497, 0x0497, 0x0497, 0x0497, 0x0497, 0x0497, 0x0497, 0x0497, 0x0497, 0x0497, 0x0497, 0x0497, 0x0497, 0x0000,
0x0000, 0x0000, 0x0000, 0x0000, 0x0000, 0x0000, 0x0000, 0x0000, 0x0000, 0x0000, 0x0000, 0x0000, 0x0000, 0x0000, 0x0000, 0x0000,
0x0000, 0x0000, 0x0000, 0x0000, 0x0000, 0x0000, 0x0000, 0x0000, 0x0000, 0x0000, 0x0000, 0x0000, 0x0000, 0x0000, 0x0000, 0x0000,
0x0000, 0x0000, 0x0000, 0x0000, 0x0000, 0x0000, 0x03f7, 0x0497, 0x04b8, 0x0497, 0x0497, 0x0497, 0x0497, 0x0497, 0x0497, 0x0497,
0x0497, 0x0497, 0x0497, 0x0497, 0x0497, 0x0497, 0x04b8, 0x0497, 0x0477, 0x0000, 0x0000, 0x0000, 0x0000, 0x0000, 0x0000, 0x0000,
0x0000, 0x0000, 0x0000, 0x0000, 0x0000, 0x0000, 0x0000, 0x0000, 0x0000, 0x0000, 0x0000, 0x0000, 0x0000, 0x0000, 0x0000, 0x0497,
0x0497, 0x04b8, 0x0497, 0x0497, 0x0497, 0x0497, 0x0497, 0x0497, 0x0497, 0x0497, 0x0497, 0x0497, 0x0497, 0x0497, 0x0497, 0x04b8,
0x0497, 0x04b8, 0x0000, 0x0000, 0x0000, 0x0000, 0x0000, 0x0000, 0x0000, 0x0000, 0x0000, 0x0000, 0x0000, 0x0000, 0x0000, 0x0000,
0x0000, 0x0000, 0x0000, 0x0000, 0x0000, 0x0000, 0x0000, 0x0000, 0x0477, 0x0497, 0x04b8, 0x0497, 0x0497, 0x0497, 0x0497, 0x0497,
0x0497, 0x0497, 0x0497, 0x0497, 0x0497, 0x0497, 0x0497, 0x0497, 0x0497, 0x0497, 
/* -48- */
0x04d9, 0x0477, 0x04b8, 0x0497, 0x0497, 0x0497, 0x0497, 0x0497, 0x0497, 0x0497, 0x0497, 0x0497, 0x0497, 0x0497, 0x0497, 0x0497,
0x0497, 0x04d8, 0x0497, 0x0000, 0x0000, 0x0000, 0x0000, 0x0000, 0x0000, 0x0000, 0x0000, 0x0000, 0x0000, 0x0000, 0x0000, 0x0000,
0x0000, 0x0000, 0x0000, 0x0000, 0x0000, 0x0000, 0x0000, 0x0000, 0x0000, 0x0000, 0x0000, 0x0000, 0x0000, 0x0000, 0x0000, 0x0000,
0x0000, 0x0000, 0x0000, 0x0000, 0x0000, 0x0000, 0x0000, 0x0000, 0x0000, 0x0477, 0x0497, 0x0497, 0x0497, 0x0497, 0x0497, 0x0497,
0x0497, 0x0497, 0x0497, 0x0497, 0x0497, 0x0497, 0x0497, 0x0497, 0x04b8, 0x0497, 0x0436, 0x0000, 0x0000, 0x0000, 0x0000, 0x0000,
0x0000, 0x0000, 0x0000, 0x0000, 0x0000, 0x0000, 0x0000, 0x0000, 0x0000, 0x0000, 0x0000, 0x0000, 0x0000, 0x0477, 0x0497, 0x0497,
0x0497, 0x0497, 0x0497, 0x0497, 0x0497, 0x0497, 0x0497, 0x0497, 0x0497, 0x0497, 0x0497, 0x0497, 0x0497, 0x0497, 0x0497, 0x0000,
0x0000, 0x0000, 0x0000, 0x0000, 0x0000, 0x0000, 0x0000, 0x0000, 0x0000, 0x0000, 0x0000, 0x0000, 0x0000, 0x0000, 0x0000, 0x0000,
0x0000, 0x0000, 0x0000, 0x0000, 0x0000, 0x0000, 0x0000, 0x0000, 0x0000, 0x0000, 0x0000, 0x0000, 0x0000, 0x0000, 0x0000, 0x0000,
0x0000, 0x0000, 0x0000, 0x0000, 0x0000, 0x0000, 0x03f7, 0x0497, 0x04b8, 0x0497, 0x0497, 0x0497, 0x0497, 0x0497, 0x0497, 0x0497,
0x0497, 0x0497, 0x0497, 0x0497, 0x0497, 0x0497, 0x04b8, 0x0497, 0x0477, 0x0000, 0x0000, 0x0000, 0x0000, 0x0000, 0x0000, 0x0000,
0x0000, 0x0000, 0x0000, 0x0000, 0x0000, 0x0000, 0x0000, 0x0000, 0x0000, 0x0000, 0x0000, 0x0000, 0x0000, 0x0000, 0x0000, 0x0497,
0x0497, 0x04b8, 0x0497, 0x0497, 0x0497, 0x0497, 0x0497, 0x0497, 0x0497, 0x0497, 0x0497, 0x0497, 0x0497, 0x0497, 0x0497, 0x04b8,
0x0497, 0x04b8, 0x0000, 0x0000, 0x0000, 0x0000, 0x0000, 0x0000, 0x0000, 0x0000, 0x0000, 0x0000, 0x0000, 0x0000, 0x0000, 0x0000,
0x0000, 0x0000, 0x0000, 0x0000, 0x0000, 0x0000, 0x0000, 0x0000, 0x0477, 0x0497, 0x04b8, 0x0497, 0x0497, 0x0497, 0x0497, 0x0497,
0x0497, 0x0497, 0x0497, 0x0497, 0x0497, 0x0497, 0x0497, 0x0497, 0x0497, 0x0497, 
/* -49- */
0x0000, 0x0497, 0x04d8, 0x0497, 0x0497, 0x0497, 0x0497, 0x0497, 0x0497, 0x0497, 0x0497, 0x0497, 0x0497, 0x0497, 0x0497, 0x0497,
0x0497, 0x04b8, 0x0497, 0x0496, 0x0000, 0x0000, 0x0000, 0x0000, 0x0000, 0x0000, 0x0000, 0x0000, 0x0000, 0x0000, 0x0000, 0x0000,
0x0000, 0x0000, 0x0000, 0x0000, 0x0000, 0x0000, 0x0000, 0x0000, 0x0000, 0x0000, 0x0000, 0x0000, 0x0000, 0x0000, 0x0000, 0x0000,
0x0000, 0x0000, 0x0000, 0x0000, 0x0000, 0x0000, 0x0000, 0x0000, 0x0000, 0x0477, 0x04b8, 0x0497, 0x0497, 0x0497, 0x0497, 0x0497,
0x0497, 0x0497, 0x0497, 0x0497, 0x0497, 0x0497, 0x0497, 0x0497, 0x04b8, 0x0497, 0x0436, 0x0000, 0x0000, 0x0000, 0x0000, 0x0000,
0x0000, 0x0000, 0x0000, 0x0000, 0x0000, 0x0000, 0x0000, 0x0000, 0x0000, 0x0000, 0x0000, 0x0000, 0x0000, 0x0477, 0x0497, 0x0497,
0x0497, 0x0497, 0x0497, 0x0497, 0x0497, 0x0497, 0x0497, 0x0497, 0x0497, 0x0497, 0x0497, 0x0497, 0x0497, 0x0497, 0x0497, 0x0000,
0x0000, 0x0000, 0x0000, 0x0000, 0x0000, 0x0000, 0x0000, 0x0000, 0x0000, 0x0000, 0x0000, 0x0000, 0x0000, 0x0000, 0x0000, 0x0000,
0x0000, 0x0000, 0x0000, 0x0000, 0x0000, 0x0000, 0x0000, 0x0000, 0x0000, 0x0000, 0x0000, 0x0000, 0x0000, 0x0000, 0x0000, 0x0000,
0x0000, 0x0000, 0x0000, 0x0000, 0x0000, 0x0000, 0x03f7, 0x0497, 0x04b8, 0x0497, 0x0497, 0x0497, 0x0497, 0x0497, 0x0497, 0x0497,
0x0497, 0x0497, 0x0497, 0x0497, 0x0497, 0x0497, 0x04b8, 0x0497, 0x0477, 0x0000, 0x0000, 0x0000, 0x0000, 0x0000, 0x0000, 0x0000,
0x0000, 0x0000, 0x0000, 0x0000, 0x0000, 0x0000, 0x0000, 0x0000, 0x0000, 0x0000, 0x0000, 0x0000, 0x0000, 0x0000, 0x0000, 0x0497,
0x0497, 0x04b8, 0x0497, 0x0497, 0x0497, 0x0497, 0x0497, 0x0497, 0x0497, 0x0497, 0x0497, 0x0497, 0x0497, 0x0497, 0x0497, 0x04b8,
0x0497, 0x04b8, 0x0000, 0x0000, 0x0000, 0x0000, 0x0000, 0x0000, 0x0000, 0x0000, 0x0000, 0x0000, 0x0000, 0x0000, 0x0000, 0x0000,
0x0000, 0x0000, 0x0000, 0x0000, 0x0000, 0x0000, 0x0000, 0x0000, 0x0477, 0x0497, 0x04b8, 0x0497, 0x0497, 0x0497, 0x0497, 0x0497,
0x0497, 0x0497, 0x0497, 0x0497, 0x0497, 0x0497, 0x0497, 0x0497, 0x0497, 0x0497, 
/* -50- */
0x0000, 0x0477, 0x04d8, 0x0497, 0x0497, 0x0497, 0x0497, 0x0497, 0x0497, 0x0497, 0x0497, 0x0497, 0x0497, 0x0497, 0x0497, 0x0497,
0x0497, 0x04b8, 0x0497, 0x0497, 0x0000, 0x0000, 0x0000, 0x0000, 0x0000, 0x0000, 0x0000, 0x0000, 0x0000, 0x0000, 0x0000, 0x0000,
0x0000, 0x0000, 0x0000, 0x0000, 0x0000, 0x0000, 0x0000, 0x0000, 0x0000, 0x0000, 0x0000, 0x0000, 0x0000, 0x0000, 0x0000, 0x0000,
0x0000, 0x0000, 0x0000, 0x0000, 0x0000, 0x0000, 0x0000, 0x0000, 0x0000, 0x0497, 0x04d8, 0x0497, 0x0497, 0x0497, 0x0497, 0x0497,
0x0497, 0x0497, 0x0497, 0x0497, 0x0497, 0x0497, 0x0497, 0x0497, 0x04b8, 0x0497, 0x0436, 0x0000, 0x0000, 0x0000, 0x0000, 0x0000,
0x0000, 0x0000, 0x0000, 0x0000, 0x0000, 0x0000, 0x0000, 0x0000, 0x0000, 0x0000, 0x0000, 0x0000, 0x0000, 0x0477, 0x0497, 0x0497,
0x0497, 0x0497, 0x0497, 0x0497, 0x0497, 0x0497, 0x0497, 0x0497, 0x0497, 0x0497, 0x0497, 0x0497, 0x0497, 0x0497, 0x0497, 0x0000,
0x0000, 0x0000, 0x0000, 0x0000, 0x0000, 0x0000, 0x0000, 0x0000, 0x0000, 0x0000, 0x0000, 0x0000, 0x0000, 0x0000, 0x0000, 0x0000,
0x0000, 0x0000, 0x0000, 0x0000, 0x0000, 0x0000, 0x0000, 0x0000, 0x0000, 0x0000, 0x0000, 0x0000, 0x0000, 0x0000, 0x0000, 0x0000,
0x0000, 0x0000, 0x0000, 0x0000, 0x0000, 0x0000, 0x03f7, 0x0497, 0x04b8, 0x0497, 0x0497, 0x0497, 0x0497, 0x0497, 0x0497, 0x0497,
0x0497, 0x0497, 0x0497, 0x0497, 0x0497, 0x0497, 0x04b8, 0x0497, 0x0477, 0x0000, 0x0000, 0x0000, 0x0000, 0x0000, 0x0000, 0x0000,
0x0000, 0x0000, 0x0000, 0x0000, 0x0000, 0x0000, 0x0000, 0x0000, 0x0000, 0x0000, 0x0000, 0x0000, 0x0000, 0x0000, 0x0000, 0x0497,
0x0497, 0x04b8, 0x0497, 0x0497, 0x0497, 0x0497, 0x0497, 0x0497, 0x0497, 0x0497, 0x0497, 0x0497, 0x0497, 0x0497, 0x0497, 0x04b8,
0x0497, 0x04b8, 0x0000, 0x0000, 0x0000, 0x0000, 0x0000, 0x0000, 0x0000, 0x0000, 0x0000, 0x0000, 0x0000, 0x0000, 0x0000, 0x0000,
0x0000, 0x0000, 0x0000, 0x0000, 0x0000, 0x0000, 0x0000, 0x0000, 0x0477, 0x0497, 0x04b8, 0x0497, 0x0497, 0x0497, 0x0497, 0x0497,
0x0497, 0x0497, 0x0497, 0x0497, 0x0497, 0x0497, 0x0497, 0x0497, 0x0497, 0x0497, 
/* -51- */
0x0000, 0x0477, 0x0497, 0x0497, 0x0497, 0x0497, 0x0497, 0x0497, 0x0497, 0x0497, 0x0497, 0x0497, 0x0497, 0x0497, 0x0497, 0x0497,
0x0497, 0x0497, 0x0497, 0x04b7, 0x0000, 0x0000, 0x0000, 0x0000, 0x0000, 0x0000, 0x0000, 0x0000, 0x0000, 0x0000, 0x0000, 0x0000,
0x0000, 0x0000, 0x0000, 0x0000, 0x0000, 0x0000, 0x0000, 0x0000, 0x0000, 0x0000, 0x0000, 0x0000, 0x0000, 0x0000, 0x0000, 0x0000,
0x0000, 0x0000, 0x0000, 0x0000, 0x0000, 0x0000, 0x0000, 0x0000, 0x0477, 0x0497, 0x04b8, 0x0497, 0x0497, 0x0497, 0x0497, 0x0497,
0x0497, 0x0497, 0x0497, 0x0497, 0x0497, 0x0497, 0x0497, 0x0497, 0x04b8, 0x0497, 0x0436, 0x0000, 0x0000, 0x0000, 0x0000, 0x0000,
0x0000, 0x0000, 0x0000, 0x0000, 0x0000, 0x0000, 0x0000, 0x0000, 0x0000, 0x0000, 0x0000, 0x0000, 0x0000, 0x0477, 0x0497, 0x0497,
0x0497, 0x0497, 0x0497, 0x0497, 0x0497, 0x0497, 0x0497, 0x0497, 0x0497, 0x0497, 0x0497, 0x0497, 0x0497, 0x0497, 0x0497, 0x0000,
0x0000, 0x0000, 0x0000, 0x0000, 0x0000, 0x0000, 0x0000, 0x0000, 0x0000, 0x0000, 0x0000, 0x0000, 0x0000, 0x0000, 0x0000, 0x0000,
0x0000, 0x0000, 0x0000, 0x0000, 0x0000, 0x0000, 0x0000, 0x0000, 0x0000, 0x0000, 0x0000, 0x0000, 0x0000, 0x0000, 0x0000, 0x0000,
0x0000, 0x0000, 0x0000, 0x0000, 0x0000, 0x0000, 0x03f7, 0x0497, 0x04b8, 0x0497, 0x0497, 0x0497, 0x0497, 0x0497, 0x0497, 0x0497,
0x0497, 0x0497, 0x0497, 0x0497, 0x0497, 0x0497, 0x04b8, 0x0497, 0x0477, 0x0000, 0x0000, 0x0000, 0x0000, 0x0000, 0x0000, 0x0000,
0x0000, 0x0000, 0x0000, 0x0000, 0x0000, 0x0000, 0x0000, 0x0000, 0x0000, 0x0000, 0x0000, 0x0000, 0x0000, 0x0000, 0x0000, 0x0497,
0x0497, 0x04b8, 0x0497, 0x0497, 0x0497, 0x0497, 0x0497, 0x0497, 0x0497, 0x0497, 0x0497, 0x0497, 0x0497, 0x0497, 0x0497, 0x04b8,
0x0497, 0x04b8, 0x0000, 0x0000, 0x0000, 0x0000, 0x0000, 0x0000, 0x0000, 0x0000, 0x0000, 0x0000, 0x0000, 0x0000, 0x0000, 0x0000,
0x0000, 0x0000, 0x0000, 0x0000, 0x0000, 0x0000, 0x0000, 0x0000, 0x0477, 0x0497, 0x04b8, 0x0497, 0x0497, 0x0497, 0x0497, 0x0497,
0x0497, 0x0497, 0x0497, 0x0497, 0x0497, 0x0497, 0x0497, 0x0497, 0x0497, 0x0497, 
/* -52- */
0x0000, 0x0498, 0x0497, 0x04b8, 0x0497, 0x0497, 0x0497, 0x0497, 0x0497, 0x0497, 0x0497, 0x0497, 0x0497, 0x0497, 0x0497, 0x0497,
0x0497, 0x0497, 0x04b8, 0x0497, 0x0000, 0x0000, 0x0000, 0x0000, 0x0000, 0x0000, 0x0000, 0x0000, 0x0000, 0x0000, 0x0000, 0x0000,
0x0000, 0x0000, 0x0000, 0x0000, 0x0000, 0x0000, 0x0000, 0x0000, 0x0000, 0x0000, 0x0000, 0x0000, 0x0000, 0x0000, 0x0000, 0x0000,
0x0000, 0x0000, 0x0000, 0x0000, 0x0000, 0x0000, 0x0000, 0x0000, 0x0477, 0x0498, 0x0497, 0x0497, 0x0497, 0x0497, 0x0497, 0x0497,
0x0497, 0x0497, 0x0497, 0x0497, 0x0497, 0x0497, 0x0497, 0x0497, 0x04b8, 0x0497, 0x0436, 0x0000, 0x0000, 0x0000, 0x0000, 0x0000,
0x0000, 0x0000, 0x0000, 0x0000, 0x0000, 0x0000, 0x0000, 0x0000, 0x0000, 0x0000, 0x0000, 0x0000, 0x0000, 0x0477, 0x0497, 0x0497,
0x0497, 0x0497, 0x0497, 0x0497, 0x0497, 0x0497, 0x0497, 0x0497, 0x0497, 0x0497, 0x0497, 0x0497, 0x0497, 0x0497, 0x0497, 0x0000,
0x0000, 0x0000, 0x0000, 0x0000, 0x0000, 0x0000, 0x0000, 0x0000, 0x0000, 0x0000, 0x0000, 0x0000, 0x0000, 0x0000, 0x0000, 0x0000,
0x0000, 0x0000, 0x0000, 0x0000, 0x0000, 0x0000, 0x0000, 0x0000, 0x0000, 0x0000, 0x0000, 0x0000, 0x0000, 0x0000, 0x0000, 0x0000,
0x0000, 0x0000, 0x0000, 0x0000, 0x0000, 0x0000, 0x03f7, 0x0497, 0x04b8, 0x0497, 0x0497, 0x0497, 0x0497, 0x0497, 0x0497, 0x0497,
0x0497, 0x0497, 0x0497, 0x0497, 0x0497, 0x0497, 0x04b8, 0x0497, 0x0477, 0x0000, 0x0000, 0x0000, 0x0000, 0x0000, 0x0000, 0x0000,
0x0000, 0x0000, 0x0000, 0x0000, 0x0000, 0x0000, 0x0000, 0x0000, 0x0000, 0x0000, 0x0000, 0x0000, 0x0000, 0x0000, 0x0000, 0x0497,
0x0497, 0x04b8, 0x0497, 0x0497, 0x0497, 0x0497, 0x0497, 0x0497, 0x0497, 0x0497, 0x0497, 0x0497, 0x0497, 0x0497, 0x0497, 0x04b8,
0x0497, 0x04b8, 0x0000, 0x0000, 0x0000, 0x0000, 0x0000, 0x0000, 0x0000, 0x0000, 0x0000, 0x0000, 0x0000, 0x0000, 0x0000, 0x0000,
0x0000, 0x0000, 0x0000, 0x0000, 0x0000, 0x0000, 0x0000, 0x0000, 0x0477, 0x0497, 0x04b8, 0x0497, 0x0497, 0x0497, 0x0497, 0x0497,
0x0497, 0x0497, 0x0497, 0x0497, 0x0497, 0x0497, 0x0497, 0x0497, 0x0497, 0x0497, 
/* -53- */
0x0000, 0x0496, 0x0497, 0x04b8, 0x0497, 0x0497, 0x0497, 0x0497, 0x0497, 0x0497, 0x0497, 0x0497, 0x0497, 0x0497, 0x0497, 0x0497,
0x0497, 0x0497, 0x0497, 0x0477, 0x04d9, 0x0000, 0x0000, 0x0000, 0x0000, 0x0000, 0x0000, 0x0000, 0x0000, 0x0000, 0x0000, 0x0000,
0x0000, 0x0000, 0x0000, 0x0000, 0x0000, 0x0000, 0x0000, 0x0000, 0x0000, 0x0000, 0x0000, 0x0000, 0x0000, 0x0000, 0x0000, 0x0000,
0x0000, 0x0000, 0x0000, 0x0000, 0x0000, 0x0000, 0x0000, 0x03f7, 0x0497, 0x04d8, 0x0497, 0x0497, 0x0497, 0x0497, 0x0497, 0x0497,
0x0497, 0x0497, 0x0497, 0x0497, 0x0497, 0x0497, 0x0497, 0x0497, 0x04b8, 0x0497, 0x0436, 0x0000, 0x0000, 0x0000, 0x0000, 0x0000,
0x0000, 0x0000, 0x0000, 0x0000, 0x0000, 0x0000, 0x0000, 0x0000, 0x0000, 0x0000, 0x0000, 0x0000, 0x0000, 0x0477, 0x0497, 0x0497,
0x0497, 0x0497, 0x0497, 0x0497, 0x0497, 0x0497, 0x0497, 0x0497, 0x0497, 0x0497, 0x0497, 0x0497, 0x0497, 0x0497, 0x0497, 0x0000,
0x0000, 0x0000, 0x0000, 0x0000, 0x0000, 0x0000, 0x0000, 0x0000, 0x0000, 0x0000, 0x0000, 0x0000, 0x0000, 0x0000, 0x0000, 0x0000,
0x0000, 0x0000, 0x0000, 0x0000, 0x0000, 0x0000, 0x0000, 0x0000, 0x0000, 0x0000, 0x0000, 0x0000, 0x0000, 0x0000, 0x0000, 0x0000,
0x0000, 0x0000, 0x0000, 0x0000, 0x0000, 0x0000, 0x03f7, 0x0497, 0x04b8, 0x0497, 0x0497, 0x0497, 0x0497, 0x0497, 0x0497, 0x0497,
0x0497, 0x0497, 0x0497, 0x0497, 0x0497, 0x0497, 0x04b8, 0x0497, 0x0477, 0x0000, 0x0000, 0x0000, 0x0000, 0x0000, 0x0000, 0x0000,
0x0000, 0x0000, 0x0000, 0x0000, 0x0000, 0x0000, 0x0000, 0x0000, 0x0000, 0x0000, 0x0000, 0x0000, 0x0000, 0x0000, 0x0000, 0x0497,
0x0497, 0x04b8, 0x0497, 0x0497, 0x0497, 0x0497, 0x0497, 0x0497, 0x0497, 0x0497, 0x0497, 0x0497, 0x0497, 0x0497, 0x0497, 0x04b8,
0x0497, 0x04b8, 0x0000, 0x0000, 0x0000, 0x0000, 0x0000, 0x0000, 0x0000, 0x0000, 0x0000, 0x0000, 0x0000, 0x0000, 0x0000, 0x0000,
0x0000, 0x0000, 0x0000, 0x0000, 0x0000, 0x0000, 0x0000, 0x0000, 0x0477, 0x0497, 0x04b8, 0x0497, 0x0497, 0x0497, 0x0497, 0x0497,
0x0497, 0x0497, 0x0497, 0x0497, 0x0497, 0x0497, 0x0497, 0x0497, 0x0497, 0x0497, 
/* -54- */
0x0000, 0x001f, 0x0477, 0x04d8, 0x0497, 0x0497, 0x0497, 0x0497, 0x0497, 0x0497, 0x0497, 0x0497, 0x0497, 0x0497, 0x0497, 0x0497,
0x0497, 0x0497, 0x0497, 0x0497, 0x0477, 0x0000, 0x0000, 0x0000, 0x0000, 0x0000, 0x0000, 0x0000, 0x0000, 0x0000, 0x0000, 0x0000,
0x0000, 0x0000, 0x0000, 0x0000, 0x0000, 0x0000, 0x0000, 0x0000, 0x0000, 0x0000, 0x0000, 0x0000, 0x0000, 0x0000, 0x0000, 0x0000,
0x0000, 0x0000, 0x0000, 0x0000, 0x0000, 0x0000, 0x0000, 0x04b7, 0x0497, 0x0498, 0x0497, 0x0497, 0x0497, 0x0497, 0x0497, 0x0497,
0x0497, 0x0497, 0x0497, 0x0497, 0x0497, 0x0497, 0x0497, 0x0497, 0x04b8, 0x0497, 0x0436, 0x0000, 0x0000, 0x0000, 0x0000, 0x0000,
0x0000, 0x0000, 0x0000, 0x0000, 0x0000, 0x0000, 0x0000, 0x0000, 0x0000, 0x0000, 0x0000, 0x0000, 0x0000, 0x0477, 0x0497, 0x0497,
0x0497, 0x0497, 0x0497, 0x0497, 0x0497, 0x0497, 0x0497, 0x0497, 0x0497, 0x0497, 0x0497, 0x0497, 0x0497, 0x0497, 0x0497, 0x0000,
0x0000, 0x0000, 0x0000, 0x0000, 0x0000, 0x0000, 0x0000, 0x0000, 0x0000, 0x0000, 0x0000, 0x0000, 0x0000, 0x0000, 0x0000, 0x0000,
0x0000, 0x0000, 0x0000, 0x0000, 0x0000, 0x0000, 0x0000, 0x0000, 0x0000, 0x0000, 0x0000, 0x0000, 0x0000, 0x0000, 0x0000, 0x0000,
0x0000, 0x0000, 0x0000, 0x0000, 0x0000, 0x0000, 0x03f7, 0x0497, 0x04b8, 0x0497, 0x0497, 0x0497, 0x0497, 0x0497, 0x0497, 0x0497,
0x0497, 0x0497, 0x0497, 0x0497, 0x0497, 0x0497, 0x04b8, 0x0497, 0x0477, 0x0000, 0x0000, 0x0000, 0x0000, 0x0000, 0x0000, 0x0000,
0x0000, 0x0000, 0x0000, 0x0000, 0x0000, 0x0000, 0x0000, 0x0000, 0x0000, 0x0000, 0x0000, 0x0000, 0x0000, 0x0000, 0x0000, 0x0497,
0x0497, 0x04b8, 0x0497, 0x0497, 0x0497, 0x0497, 0x0497, 0x0497, 0x0497, 0x0497, 0x0497, 0x0497, 0x0497, 0x0497, 0x0497, 0x04b8,
0x0497, 0x04b8, 0x0000, 0x0000, 0x0000, 0x0000, 0x0000, 0x0000, 0x0000, 0x0000, 0x0000, 0x0000, 0x0000, 0x0000, 0x0000, 0x0000,
0x0000, 0x0000, 0x0000, 0x0000, 0x0000, 0x0000, 0x0000, 0x0000, 0x0477, 0x0497, 0x04b8, 0x0497, 0x0497, 0x0497, 0x0497, 0x0497,
0x0497, 0x0497, 0x0497, 0x0497, 0x0497, 0x0497, 0x0497, 0x0497, 0x0497, 0x0497, 
/* -55- */
0x0000, 0x0000, 0x0477, 0x0497, 0x0498, 0x0497, 0x0497, 0x0497, 0x0497, 0x0497, 0x0497, 0x0497, 0x0497, 0x0497, 0x0497, 0x0497,
0x0497, 0x0497, 0x0497, 0x0498, 0x0497, 0x07ff, 0x0000, 0x0000, 0x0000, 0x0000, 0x0000, 0x0000, 0x0000, 0x0000, 0x0000, 0x0000,
0x0000, 0x0000, 0x0000, 0x0000, 0x0000, 0x0000, 0x0000, 0x0000, 0x0000, 0x0000, 0x0000, 0x0000, 0x0000, 0x0000, 0x0000, 0x0000,
0x0000, 0x0000, 0x0000, 0x0000, 0x0000, 0x0000, 0x0000, 0x0497, 0x04b8, 0x0497, 0x0497, 0x0497, 0x0497, 0x0497, 0x0497, 0x0497,
0x0497, 0x0497, 0x0497, 0x0497, 0x0497, 0x0497, 0x0497, 0x0497, 0x04b8, 0x0497, 0x0436, 0x0000, 0x0000, 0x0000, 0x0000, 0x0000,
0x0000, 0x0000, 0x0000, 0x0000, 0x0000, 0x0000, 0x0000, 0x0000, 0x0000, 0x0000, 0x0000, 0x0000, 0x0000, 0x0477, 0x0497, 0x0497,
0x0497, 0x0497, 0x0497, 0x0497, 0x0497, 0x0497, 0x0497, 0x0497, 0x0497, 0x0497, 0x0497, 0x0497, 0x0497, 0x0497, 0x0497, 0x0000,
0x0000, 0x0000, 0x0000, 0x0000, 0x0000, 0x0000, 0x0000, 0x0000, 0x0000, 0x0000, 0x0000, 0x0000, 0x0000, 0x0000, 0x0000, 0x0000,
0x0000, 0x0000, 0x0000, 0x0000, 0x0000, 0x0000, 0x0000, 0x0000, 0x0000, 0x0000, 0x0000, 0x0000, 0x0000, 0x0000, 0x0000, 0x0000,
0x0000, 0x0000, 0x0000, 0x0000, 0x0000, 0x0000, 0x03f7, 0x0497, 0x04b8, 0x0497, 0x0497, 0x0497, 0x0497, 0x0497, 0x0497, 0x0497,
0x0497, 0x0497, 0x0497, 0x0497, 0x0497, 0x0497, 0x04b8, 0x0497, 0x0477, 0x0000, 0x0000, 0x0000, 0x0000, 0x0000, 0x0000, 0x0000,
0x0000, 0x0000, 0x0000, 0x0000, 0x0000, 0x0000, 0x0000, 0x0000, 0x0000, 0x0000, 0x0000, 0x0000, 0x0000, 0x0000, 0x0000, 0x0497,
0x0497, 0x04b8, 0x0497, 0x0497, 0x0497, 0x0497, 0x0497, 0x0497, 0x0497, 0x0497, 0x0497, 0x0497, 0x0497, 0x0497, 0x0497, 0x04b8,
0x0497, 0x04b8, 0x0000, 0x0000, 0x0000, 0x0000, 0x0000, 0x0000, 0x0000, 0x0000, 0x0000, 0x0000, 0x0000, 0x0000, 0x0000, 0x0000,
0x0000, 0x0000, 0x0000, 0x0000, 0x0000, 0x0000, 0x0000, 0x0000, 0x0477, 0x0497, 0x04b8, 0x0497, 0x0497, 0x0497, 0x0497, 0x0497,
0x0497, 0x0497, 0x0497, 0x0497, 0x0497, 0x0497, 0x0497, 0x0497, 0x0497, 0x0497, 
/* -56- */
0x0000, 0x0000, 0x0477, 0x0497, 0x04b8, 0x0497, 0x0497, 0x0497, 0x0497, 0x0497, 0x0497, 0x0497, 0x0497, 0x0497, 0x0497, 0x0497,
0x0497, 0x0497, 0x0497, 0x0497, 0x0497, 0x0497, 0x0000, 0x0000, 0x0000, 0x0000, 0x0000, 0x0000, 0x0000, 0x0000, 0x0000, 0x0000,
0x0000, 0x0000, 0x0000, 0x0000, 0x0000, 0x0000, 0x0000, 0x0000, 0x0000, 0x0000, 0x0000, 0x0000, 0x0000, 0x0000, 0x0000, 0x0000,
0x0000, 0x0000, 0x0000, 0x0000, 0x0000, 0x0000, 0x0437, 0x0497, 0x0497, 0x0497, 0x0497, 0x0497, 0x0497, 0x0497, 0x0497, 0x0497,
0x0497, 0x0497, 0x0497, 0x0497, 0x0497, 0x0497, 0x0497, 0x0497, 0x04b8, 0x0497, 0x0436, 0x0000, 0x0000, 0x0000, 0x0000, 0x0000,
0x0000, 0x0000, 0x0000, 0x0000, 0x0000, 0x0000, 0x0000, 0x0000, 0x0000, 0x0000, 0x0000, 0x0000, 0x0000, 0x0477, 0x0497, 0x0497,
0x0497, 0x0497, 0x0497, 0x0497, 0x0497, 0x0497, 0x0497, 0x0497, 0x0497, 0x0497, 0x0497, 0x0497, 0x0497, 0x0497, 0x0497, 0x0000,
0x0000, 0x0000, 0x0000, 0x0000, 0x0000, 0x0000, 0x0000, 0x0000, 0x0000, 0x0000, 0x0000, 0x0000, 0x0000, 0x0000, 0x0000, 0x0000,
0x0000, 0x0000, 0x0000, 0x0000, 0x0000, 0x0000, 0x0000, 0x0000, 0x0000, 0x0000, 0x0000, 0x0000, 0x0000, 0x0000, 0x0000, 0x0000,
0x0000, 0x0000, 0x0000, 0x0000, 0x0000, 0x0000, 0x03f7, 0x0497, 0x04b8, 0x0497, 0x0497, 0x0497, 0x0497, 0x0497, 0x0497, 0x0497,
0x0497, 0x0497, 0x0497, 0x0497, 0x0497, 0x0497, 0x04b8, 0x0497, 0x0477, 0x0000, 0x0000, 0x0000, 0x0000, 0x0000, 0x0000, 0x0000,
0x0000, 0x0000, 0x0000, 0x0000, 0x0000, 0x0000, 0x0000, 0x0000, 0x0000, 0x0000, 0x0000, 0x0000, 0x0000, 0x0000, 0x0000, 0x0497,
0x0497, 0x04b8, 0x0497, 0x0497, 0x0497, 0x0497, 0x0497, 0x0497, 0x0497, 0x0497, 0x0497, 0x0497, 0x0497, 0x0497, 0x0497, 0x04b8,
0x0497, 0x04b8, 0x0000, 0x0000, 0x0000, 0x0000, 0x0000, 0x0000, 0x0000, 0x0000, 0x0000, 0x0000, 0x0000, 0x0000, 0x0000, 0x0000,
0x0000, 0x0000, 0x0000, 0x0000, 0x0000, 0x0000, 0x0000, 0x0000, 0x0477, 0x0497, 0x04b8, 0x0497, 0x0497, 0x0497, 0x0497, 0x0497,
0x0497, 0x0497, 0x0497, 0x0497, 0x0497, 0x0497, 0x0497, 0x0497, 0x0497, 0x0497, 
/* -57- */
0x0000, 0x0000, 0x0000, 0x0497, 0x04b8, 0x0497, 0x0497, 0x0497, 0x0497, 0x0497, 0x0497, 0x0497, 0x0497, 0x0497, 0x0497, 0x0497,
0x0497, 0x0497, 0x0497, 0x0497, 0x04b8, 0x0497, 0x0457, 0x0000, 0x0000, 0x0000, 0x0000, 0x0000, 0x0000, 0x0000, 0x0000, 0x0000,
0x0000, 0x0000, 0x0000, 0x0000, 0x0000, 0x0000, 0x0000, 0x0000, 0x0000, 0x0000, 0x0000, 0x0000, 0x0000, 0x0000, 0x0000, 0x0000,
0x0000, 0x0000, 0x0000, 0x0000, 0x0000, 0x0000, 0x0497, 0x0497, 0x0497, 0x0497, 0x0497, 0x0497, 0x0497, 0x0497, 0x0497, 0x0497,
0x0497, 0x0497, 0x0497, 0x0497, 0x0497, 0x0497, 0x0497, 0x0497, 0x04b8, 0x0497, 0x0436, 0x0000, 0x0000, 0x0000, 0x0000, 0x0000,
0x0000, 0x0000, 0x0000, 0x0000, 0x0000, 0x0000, 0x0000, 0x0000, 0x0000, 0x0000, 0x0000, 0x0000, 0x0000, 0x0477, 0x0497, 0x0497,
0x0497, 0x0497, 0x0497, 0x0497, 0x0497, 0x0497, 0x0497, 0x0497, 0x0497, 0x0497, 0x0497, 0x0497, 0x0497, 0x0497, 0x0497, 0x0000,
0x0000, 0x0000, 0x0000, 0x0000, 0x0000, 0x0000, 0x0000, 0x0000, 0x0000, 0x0000, 0x0000, 0x0000, 0x0000, 0x0000, 0x0000, 0x0000,
0x0000, 0x0000, 0x0000, 0x0000, 0x0000, 0x0000, 0x0000, 0x0000, 0x0000, 0x0000, 0x0000, 0x0000, 0x0000, 0x0000, 0x0000, 0x0000,
0x0000, 0x0000, 0x0000, 0x0000, 0x0000, 0x0000, 0x04f7, 0x0497, 0x04b8, 0x0497, 0x0497, 0x0497, 0x0497, 0x0497, 0x0497, 0x0497,
0x0497, 0x0497, 0x0497, 0x0497, 0x0497, 0x0497, 0x04b8, 0x0497, 0x0477, 0x0000, 0x0000, 0x0000, 0x0000, 0x0000, 0x0000, 0x0000,
0x0000, 0x0000, 0x0000, 0x0000, 0x0000, 0x0000, 0x0000, 0x0000, 0x0000, 0x0000, 0x0000, 0x0000, 0x0000, 0x0000, 0x0000, 0x0497,
0x0497, 0x04b8, 0x0497, 0x0497, 0x0497, 0x0497, 0x0497, 0x0497, 0x0497, 0x0497, 0x0497, 0x0497, 0x0497, 0x0497, 0x0497, 0x04b8,
0x0497, 0x04b8, 0x0000, 0x0000, 0x0000, 0x0000, 0x0000, 0x0000, 0x0000, 0x0000, 0x0000, 0x0000, 0x0000, 0x0000, 0x0000, 0x0000,
0x0000, 0x0000, 0x0000, 0x0000, 0x0000, 0x0000, 0x0000, 0x0000, 0x0477, 0x0497, 0x04b8, 0x0497, 0x0497, 0x0497, 0x0497, 0x0497,
0x0497, 0x0497, 0x0497, 0x0497, 0x0497, 0x0497, 0x0497, 0x0497, 0x0497, 0x0497, 
/* -58- */
0x0000, 0x0000, 0x0000, 0x0497, 0x0497, 0x0497, 0x0497, 0x0497, 0x0497, 0x0497, 0x0497, 0x0497, 0x0497, 0x0497, 0x0497, 0x0497,
0x0497, 0x0497, 0x0497, 0x0497, 0x0497, 0x04b8, 0x0497, 0x0478, 0x0000, 0x0000, 0x0000, 0x0000, 0x0000, 0x0000, 0x0000, 0x0000,
0x0000, 0x0000, 0x0000, 0x0000, 0x0000, 0x0000, 0x0000, 0x0000, 0x0000, 0x0000, 0x0000, 0x0000, 0x0000, 0x0000, 0x0000, 0x0000,
0x0000, 0x0000, 0x0000, 0x0000, 0x0000, 0x0497, 0x0497, 0x0497, 0x0497, 0x0497, 0x0497, 0x0497, 0x0497, 0x0497, 0x0497, 0x0497,
0x0497, 0x0497, 0x0497, 0x0497, 0x0497, 0x0497, 0x0497, 0x0497, 0x04b8, 0x0497, 0x0436, 0x0000, 0x0000, 0x0000, 0x0000, 0x0000,
0x0000, 0x0000, 0x0000, 0x0000, 0x0000, 0x0000, 0x0000, 0x0000, 0x0000, 0x0000, 0x0000, 0x0000, 0x0000, 0x0477, 0x0497, 0x0497,
0x0497, 0x0497, 0x0497, 0x0497, 0x0497, 0x0497, 0x0497, 0x0497, 0x0497, 0x0497, 0x0497, 0x0497, 0x0497, 0x0497, 0x0497, 0x0000,
0x0000, 0x0000, 0x0000, 0x0000, 0x0000, 0x0000, 0x0000, 0x0000, 0x0000, 0x0000, 0x0000, 0x0000, 0x0000, 0x0000, 0x0000, 0x0000,
0x0000, 0x0000, 0x0000, 0x0000, 0x0000, 0x0000, 0x0000, 0x0000, 0x0000, 0x0000, 0x0000, 0x0000, 0x0000, 0x0000, 0x0000, 0x0000,
0x0000, 0x0000, 0x0000, 0x0000, 0x0000, 0x0000, 0x04f7, 0x0497, 0x04b8, 0x0497, 0x0497, 0x0497, 0x0497, 0x0497, 0x0497, 0x0497,
0x0497, 0x0497, 0x0497, 0x0497, 0x0497, 0x0497, 0x04b8, 0x0497, 0x0477, 0x0000, 0x0000, 0x0000, 0x0000, 0x0000, 0x0000, 0x0000,
0x0000, 0x0000, 0x0000, 0x0000, 0x0000, 0x0000, 0x0000, 0x0000, 0x0000, 0x0000, 0x0000, 0x0000, 0x0000, 0x0000, 0x0000, 0x0497,
0x0497, 0x04b8, 0x0497, 0x0497, 0x0497, 0x0497, 0x0497, 0x0497, 0x0497, 0x0497, 0x0497, 0x0497, 0x0497, 0x0497, 0x0497, 0x04b8,
0x0497, 0x04b8, 0x0000, 0x0000, 0x0000, 0x0000, 0x0000, 0x0000, 0x0000, 0x0000, 0x0000, 0x0000, 0x0000, 0x0000, 0x0000, 0x0000,
0x0000, 0x0000, 0x0000, 0x0000, 0x0000, 0x0000, 0x0000, 0x0000, 0x0477, 0x0497, 0x04b8, 0x0497, 0x0497, 0x0497, 0x0497, 0x0497,
0x0497, 0x0497, 0x0497, 0x0497, 0x0497, 0x0497, 0x0497, 0x0497, 0x0497, 0x0497, 
/* -59- */
0x0000, 0x0000, 0x0000, 0x04b7, 0x0497, 0x0498, 0x0497, 0x0497, 0x0497, 0x0497, 0x0497, 0x0497, 0x0497, 0x0497, 0x0497, 0x0497,
0x0497, 0x0497, 0x0497, 0x0497, 0x0497, 0x0498, 0x04b8, 0x0497, 0x0000, 0x0000, 0x0000, 0x0000, 0x0000, 0x0000, 0x0000, 0x0000,
0x0000, 0x0000, 0x0000, 0x0000, 0x0000, 0x0000, 0x0000, 0x0000, 0x0000, 0x0000, 0x0000, 0x0000, 0x0000, 0x0000, 0x0000, 0x0000,
0x0000, 0x0000, 0x0000, 0x0000, 0x0497, 0x0497, 0x04b8, 0x0497, 0x0497, 0x0497, 0x0497, 0x0497, 0x0497, 0x0497, 0x0497, 0x0497,
0x0497, 0x0497, 0x0497, 0x0497, 0x0497, 0x0497, 0x0497, 0x0497, 0x04b8, 0x0497, 0x0436, 0x0000, 0x0000, 0x0000, 0x0000, 0x0000,
0x0000, 0x0000, 0x0000, 0x0000, 0x0000, 0x0000, 0x0000, 0x0000, 0x0000, 0x0000, 0x0000, 0x0000, 0x0000, 0x0477, 0x0497, 0x0497,
0x0497, 0x0497, 0x0497, 0x0497, 0x0497, 0x0497, 0x0497, 0x0497, 0x0497, 0x0497, 0x0497, 0x0497, 0x0497, 0x0497, 0x0497, 0x0000,
0x0000, 0x0000, 0x0000, 0x0000, 0x0000, 0x0000, 0x0000, 0x0000, 0x0000, 0x0000, 0x0000, 0x0000, 0x0000, 0x0000, 0x0000, 0x0000,
0x0000, 0x0000, 0x0000, 0x0000, 0x0000, 0x0000, 0x0000, 0x0000, 0x0000, 0x0000, 0x0000, 0x0000, 0x0000, 0x0000, 0x0000, 0x0000,
0x0000, 0x0000, 0x0000, 0x0000, 0x0000, 0x0000, 0x04f7, 0x0497, 0x04b8, 0x0497, 0x0497, 0x0497, 0x0497, 0x0497, 0x0497, 0x0497,
0x0497, 0x0497, 0x0497, 0x0497, 0x0497, 0x0497, 0x04b8, 0x0497, 0x0477, 0x0000, 0x0000, 0x0000, 0x0000, 0x0000, 0x0000, 0x0000,
0x0000, 0x0000, 0x0000, 0x0000, 0x0000, 0x0000, 0x0000, 0x0000, 0x0000, 0x0000, 0x0000, 0x0000, 0x0000, 0x0000, 0x0000, 0x0497,
0x0497, 0x04b8, 0x0497, 0x0497, 0x0497, 0x0497, 0x0497, 0x0497, 0x0497, 0x0497, 0x0497, 0x0497, 0x0497, 0x0497, 0x0497, 0x04b8,
0x0497, 0x04b8, 0x0000, 0x0000, 0x0000, 0x0000, 0x0000, 0x0000, 0x0000, 0x0000, 0x0000, 0x0000, 0x0000, 0x0000, 0x0000, 0x0000,
0x0000, 0x0000, 0x0000, 0x0000, 0x0000, 0x0000, 0x0000, 0x0000, 0x0477, 0x0497, 0x04b8, 0x0497, 0x0497, 0x0497, 0x0497, 0x0497,
0x0497, 0x0497, 0x0497, 0x0497, 0x0497, 0x0497, 0x0497, 0x0497, 0x0497, 0x0497, 
/* -60- */
0x0000, 0x0000, 0x0000, 0x0000, 0x0477, 0x0497, 0x0497, 0x0497, 0x0497, 0x0497, 0x0497, 0x0497, 0x0497, 0x0497, 0x0497, 0x0497,
0x0497, 0x0497, 0x0497, 0x0497, 0x0497, 0x0497, 0x04b8, 0x0477, 0x0497, 0x0000, 0x0000, 0x0000, 0x0000, 0x0000, 0x0000, 0x0000,
0x0000, 0x0000, 0x0000, 0x0000, 0x0000, 0x0000, 0x0000, 0x0000, 0x0000, 0x0000, 0x0000, 0x0000, 0x0000, 0x0000, 0x0000, 0x0000,
0x0000, 0x0000, 0x0000, 0x0476, 0x0497, 0x04b8, 0x0497, 0x0497, 0x0497, 0x0497, 0x0497, 0x0497, 0x0497, 0x0497, 0x0497, 0x0497,
0x0497, 0x0497, 0x0497, 0x0497, 0x0497, 0x0497, 0x0497, 0x0497, 0x04b8, 0x0497, 0x0436, 0x0000, 0x0000, 0x0000, 0x0000, 0x0000,
0x0000, 0x0000, 0x0000, 0x0000, 0x0000, 0x0000, 0x0000, 0x0000, 0x0000, 0x0000, 0x0000, 0x0000, 0x0000, 0x0477, 0x0497, 0x0497,
0x0497, 0x0497, 0x0497, 0x0497, 0x0497, 0x0497, 0x0497, 0x0497, 0x0497, 0x0497, 0x0497, 0x0497, 0x0497, 0x0497, 0x0497, 0x0000,
0x0000, 0x0000, 0x0000, 0x0000, 0x0000, 0x0000, 0x0000, 0x0000, 0x0000, 0x0000, 0x0000, 0x0000, 0x0000, 0x0000, 0x0000, 0x0000,
0x0000, 0x0000, 0x0000, 0x0000, 0x0000, 0x0000, 0x0000, 0x0000, 0x0000, 0x0000, 0x0000, 0x0000, 0x0000, 0x0000, 0x0000, 0x0000,
0x0000, 0x0000, 0x0000, 0x0000, 0x0000, 0x0000, 0x04f7, 0x0497, 0x04b8, 0x0497, 0x0497, 0x0497, 0x0497, 0x0497, 0x0497, 0x0497,
0x0497, 0x0497, 0x0497, 0x0497, 0x0497, 0x0497, 0x04b8, 0x0497, 0x0477, 0x0000, 0x0000, 0x0000, 0x0000, 0x0000, 0x0000, 0x0000,
0x0000, 0x0000, 0x0000, 0x0000, 0x0000, 0x0000, 0x0000, 0x0000, 0x0000, 0x0000, 0x0000, 0x0000, 0x0000, 0x0000, 0x0000, 0x0497,
0x0497, 0x04b8, 0x0497, 0x0497, 0x0497, 0x0497, 0x0497, 0x0497, 0x0497, 0x0497, 0x0497, 0x0497, 0x0497, 0x0497, 0x0497, 0x04b8,
0x0497, 0x04b8, 0x0000, 0x0000, 0x0000, 0x0000, 0x0000, 0x0000, 0x0000, 0x0000, 0x0000, 0x0000, 0x0000, 0x0000, 0x0000, 0x0000,
0x0000, 0x0000, 0x0000, 0x0000, 0x0000, 0x0000, 0x0000, 0x0000, 0x0477, 0x0497, 0x04b8, 0x0497, 0x0497, 0x0497, 0x0497, 0x0497,
0x0497, 0x0497, 0x0497, 0x0497, 0x0497, 0x0497, 0x0497, 0x0497, 0x0497, 0x0497, 
/* -61- */
0x0000, 0x0000, 0x0000, 0x0000, 0x0477, 0x0497, 0x0497, 0x0497, 0x0497, 0x0497, 0x0497, 0x0497, 0x0497, 0x0497, 0x0497, 0x0497,
0x0497, 0x0497, 0x0497, 0x0497, 0x0497, 0x0497, 0x0497, 0x0497, 0x0497, 0x0497, 0x07ff, 0x0000, 0x0000, 0x0000, 0x0000, 0x0000,
0x0000, 0x0000, 0x0000, 0x0000, 0x0000, 0x0000, 0x0000, 0x0000, 0x0000, 0x0000, 0x0000, 0x0000, 0x0000, 0x0000, 0x0000, 0x0000,
0x0000, 0x0000, 0x0496, 0x0497, 0x04b8, 0x0497, 0x0497, 0x0497, 0x0497, 0x0497, 0x0497, 0x0497, 0x0497, 0x0497, 0x0497, 0x0497,
0x0497, 0x0497, 0x0497, 0x0497, 0x0497, 0x0497, 0x0497, 0x0497, 0x04b8, 0x0497, 0x0436, 0x0000, 0x0000, 0x0000, 0x0000, 0x0000,
0x0000, 0x0000, 0x0000, 0x0000, 0x0000, 0x0000, 0x0000, 0x0000, 0x0000, 0x0000, 0x0000, 0x0000, 0x0000, 0x0477, 0x0497, 0x0497,
0x0497, 0x0497, 0x0497, 0x0497, 0x0497, 0x0497, 0x0497, 0x0497, 0x0497, 0x0497, 0x0497, 0x0497, 0x0497, 0x0497, 0x0497, 0x0000,
0x0000, 0x0000, 0x0000, 0x0000, 0x0000, 0x0000, 0x0000, 0x0000, 0x0000, 0x0000, 0x0000, 0x0000, 0x0000, 0x0000, 0x0000, 0x0000,
0x0000, 0x0000, 0x0000, 0x0000, 0x0000, 0x0000, 0x0000, 0x0000, 0x0000, 0x0000, 0x0000, 0x0000, 0x0000, 0x0000, 0x0000, 0x0000,
0x0000, 0x0000, 0x0000, 0x0000, 0x0000, 0x0000, 0x04f7, 0x0497, 0x04b8, 0x0497, 0x0497, 0x0497, 0x0497, 0x0497, 0x0497, 0x0497,
0x0497, 0x0497, 0x0497, 0x0497, 0x0497, 0x0497, 0x04b8, 0x0497, 0x0477, 0x0000, 0x0000, 0x0000, 0x0000, 0x0000, 0x0000, 0x0000,
0x0000, 0x0000, 0x0000, 0x0000, 0x0000, 0x0000, 0x0000, 0x0000, 0x0000, 0x0000, 0x0000, 0x0000, 0x0000, 0x0000, 0x0000, 0x0497,
0x0497, 0x04b8, 0x0497, 0x0497, 0x0497, 0x0497, 0x0497, 0x0497, 0x0497, 0x0497, 0x0497, 0x0497, 0x0497, 0x0497, 0x0497, 0x04b8,
0x0497, 0x04b8, 0x0000, 0x0000, 0x0000, 0x0000, 0x0000, 0x0000, 0x0000, 0x0000, 0x0000, 0x0000, 0x0000, 0x0000, 0x0000, 0x0000,
0x0000, 0x0000, 0x0000, 0x0000, 0x0000, 0x0000, 0x0000, 0x0000, 0x0477, 0x0497, 0x04b8, 0x0497, 0x0497, 0x0497, 0x0497, 0x0497,
0x0497, 0x0497, 0x0497, 0x0497, 0x0497, 0x0497, 0x0497, 0x0497, 0x0497, 0x0497, 
/* -62- */
0x0000, 0x0000, 0x0000, 0x0000, 0x0000, 0x0497, 0x04b8, 0x0497, 0x0497, 0x0497, 0x0497, 0x0497, 0x0497, 0x0497, 0x0497, 0x0497,
0x0497, 0x0497, 0x0497, 0x0497, 0x0497, 0x0497, 0x0497, 0x0497, 0x0497, 0x0497, 0x0497, 0x0477, 0x0000, 0x0000, 0x0000, 0x0000,
0x0000, 0x0000, 0x0000, 0x0000, 0x0000, 0x0000, 0x0000, 0x0000, 0x0000, 0x0000, 0x0000, 0x0000, 0x0000, 0x0000, 0x0000, 0x0000,
0x03f7, 0x0497, 0x0497, 0x04b8, 0x0497, 0x0497, 0x0497, 0x0497, 0x0497, 0x0497, 0x0497, 0x0497, 0x0497, 0x0497, 0x0497, 0x0497,
0x0497, 0x0497, 0x0497, 0x0497, 0x0497, 0x0497, 0x0497, 0x0497, 0x04b8, 0x0497, 0x0436, 0x0000, 0x0000, 0x0000, 0x0000, 0x0000,
0x0000, 0x0000, 0x0000, 0x0000, 0x0000, 0x0000, 0x0000, 0x0000, 0x0000, 0x0000, 0x0000, 0x0000, 0x0000, 0x0477, 0x0497, 0x0497,
0x0497, 0x0497, 0x0497, 0x0497, 0x0497, 0x0497, 0x0497, 0x0497, 0x0497, 0x0497, 0x0497, 0x0497, 0x0497, 0x0497, 0x0497, 0x0000,
0x0000, 0x0000, 0x0000, 0x0000, 0x0000, 0x0000, 0x0000, 0x0000, 0x0000, 0x0000, 0x0000, 0x0000, 0x0000, 0x0000, 0x0000, 0x0000,
0x0000, 0x0000, 0x0000, 0x0000, 0x0000, 0x0000, 0x0000, 0x0000, 0x0000, 0x0000, 0x0000, 0x0000, 0x0000, 0x0000, 0x0000, 0x0000,
0x0000, 0x0000, 0x0000, 0x0000, 0x0000, 0x0000, 0x04f7, 0x0497, 0x04b8, 0x0497, 0x0497, 0x0497, 0x0497, 0x0497, 0x0497, 0x0497,
0x0497, 0x0497, 0x0497, 0x0497, 0x0497, 0x0497, 0x04b8, 0x0497, 0x0477, 0x0000, 0x0000, 0x0000, 0x0000, 0x0000, 0x0000, 0x0000,
0x0000, 0x0000, 0x0000, 0x0000, 0x0000, 0x0000, 0x0000, 0x0000, 0x0000, 0x0000, 0x0000, 0x0000, 0x0000, 0x0000, 0x0000, 0x0497,
0x0497, 0x04b8, 0x0497, 0x0497, 0x0497, 0x0497, 0x0497, 0x0497, 0x0497, 0x0497, 0x0497, 0x0497, 0x0497, 0x0497, 0x0497, 0x04b8,
0x0497, 0x04b8, 0x0000, 0x0000, 0x0000, 0x0000, 0x0000, 0x0000, 0x0000, 0x0000, 0x0000, 0x0000, 0x0000, 0x0000, 0x0000, 0x0000,
0x0000, 0x0000, 0x0000, 0x0000, 0x0000, 0x0000, 0x0000, 0x0000, 0x0477, 0x0497, 0x04b8, 0x0497, 0x0497, 0x0497, 0x0497, 0x0497,
0x0497, 0x0497, 0x0497, 0x0497, 0x0497, 0x0497, 0x0497, 0x0497, 0x0497, 0x0497, 
/* -63- */
0x0000, 0x0000, 0x0000, 0x0000, 0x0000, 0x0477, 0x0497, 0x0497, 0x0497, 0x0497, 0x0497, 0x0497, 0x0497, 0x0497, 0x0497, 0x0497,
0x0497, 0x0497, 0x0497, 0x0497, 0x0497, 0x0497, 0x0497, 0x0497, 0x0497, 0x0498, 0x0497, 0x0497, 0x0497, 0x0000, 0x0000, 0x0000,
0x0000, 0x0000, 0x0000, 0x0000, 0x0000, 0x0000, 0x0000, 0x0000, 0x0000, 0x0000, 0x0000, 0x0000, 0x0000, 0x0000, 0x0000, 0x0497,
0x0497, 0x0497, 0x04b8, 0x0497, 0x0497, 0x0497, 0x0497, 0x0497, 0x0497, 0x0497, 0x0497, 0x0497, 0x0497, 0x0497, 0x0497, 0x0497,
0x0497, 0x0497, 0x0497, 0x0497, 0x0497, 0x0497, 0x0497, 0x0497, 0x04b8, 0x0497, 0x0436, 0x0000, 0x0000, 0x0000, 0x0000, 0x0000,
0x0000, 0x0000, 0x0000, 0x0000, 0x0000, 0x0000, 0x0000, 0x0000, 0x0000, 0x0000, 0x0000, 0x0000, 0x0000, 0x0477, 0x0497, 0x0497,
0x0497, 0x0497, 0x0497, 0x0497, 0x0497, 0x0497, 0x0497, 0x0497, 0x0497, 0x0497, 0x0497, 0x0497, 0x0497, 0x0497, 0x0497, 0x0000,
0x0000, 0x0000, 0x0000, 0x0000, 0x0000, 0x0000, 0x0000, 0x0000, 0x0000, 0x0000, 0x0000, 0x0000, 0x0000, 0x0000, 0x0000, 0x0000,
0x0000, 0x0000, 0x0000, 0x0000, 0x0000, 0x0000, 0x0000, 0x0000, 0x0000, 0x0000, 0x0000, 0x0000, 0x0000, 0x0000, 0x0000, 0x0000,
0x0000, 0x0000, 0x0000, 0x0000, 0x0000, 0x0000, 0x04f7, 0x0497, 0x04b8, 0x0497, 0x0497, 0x0497, 0x0497, 0x0497, 0x0497, 0x0497,
0x0497, 0x0497, 0x0497, 0x0497, 0x0497, 0x0497, 0x04b8, 0x0497, 0x0477, 0x0000, 0x0000, 0x0000, 0x0000, 0x0000, 0x0000, 0x0000,
0x0000, 0x0000, 0x0000, 0x0000, 0x0000, 0x0000, 0x0000, 0x0000, 0x0000, 0x0000, 0x0000, 0x0000, 0x0000, 0x0000, 0x0000, 0x0497,
0x0497, 0x04b8, 0x0497, 0x0497, 0x0497, 0x0497, 0x0497, 0x0497, 0x0497, 0x0497, 0x0497, 0x0497, 0x0497, 0x0497, 0x0497, 0x04b8,
0x0497, 0x04b8, 0x0000, 0x0000, 0x0000, 0x0000, 0x0000, 0x0000, 0x0000, 0x0000, 0x0000, 0x0000, 0x0000, 0x0000, 0x0000, 0x0000,
0x0000, 0x0000, 0x0000, 0x0000, 0x0000, 0x0000, 0x0000, 0x0000, 0x0477, 0x0497, 0x04b8, 0x0497, 0x0497, 0x0497, 0x0497, 0x0497,
0x0497, 0x0497, 0x0497, 0x0497, 0x0497, 0x0497, 0x0497, 0x0497, 0x0497, 0x0497, 
/* -64- */
0x0000, 0x0000, 0x0000, 0x0000, 0x0000, 0x0555, 0x0477, 0x04b8, 0x0497, 0x0497, 0x0497, 0x0497, 0x0497, 0x0497, 0x0497, 0x0497,
0x0497, 0x0497, 0x0497, 0x0497, 0x0497, 0x0497, 0x0497, 0x0497, 0x0497, 0x0497, 0x0497, 0x04b8, 0x0497, 0x0497, 0x0497, 0x0000,
0x0000, 0x0000, 0x0000, 0x0000, 0x0000, 0x0000, 0x0000, 0x0000, 0x0000, 0x0000, 0x0000, 0x0000, 0x0000, 0x0477, 0x0497, 0x0497,
0x04b8, 0x0498, 0x0497, 0x0497, 0x0497, 0x0497, 0x0497, 0x0497, 0x0497, 0x0497, 0x0497, 0x0497, 0x0497, 0x0497, 0x0497, 0x0497,
0x0497, 0x0497, 0x0497, 0x0497, 0x0497, 0x0497, 0x0497, 0x0497, 0x04b8, 0x0497, 0x0436, 0x0000, 0x0000, 0x0000, 0x0000, 0x0000,
0x0000, 0x0000, 0x0000, 0x0000, 0x0000, 0x0000, 0x0000, 0x0000, 0x0000, 0x0000, 0x0000, 0x0000, 0x0000, 0x0477, 0x0497, 0x0497,
0x0497, 0x0497, 0x0497, 0x0497, 0x0497, 0x0497, 0x0497, 0x0497, 0x0497, 0x0497, 0x0497, 0x0497, 0x0497, 0x0497, 0x0497, 0x0000,
0x0000, 0x0000, 0x0000, 0x0000, 0x0000, 0x0000, 0x0000, 0x0000, 0x0000, 0x0000, 0x0000, 0x0000, 0x0000, 0x0000, 0x0000, 0x0000,
0x0000, 0x0000, 0x0000, 0x0000, 0x0000, 0x0000, 0x0000, 0x0000, 0x0000, 0x0000, 0x0000, 0x0000, 0x0000, 0x0000, 0x0000, 0x0000,
0x0000, 0x0000, 0x0000, 0x0000, 0x0000, 0x0000, 0x04f7, 0x0497, 0x04b8, 0x0497, 0x0497, 0x0497, 0x0497, 0x0497, 0x0497, 0x0497,
0x0497, 0x0497, 0x0497, 0x0497, 0x0497, 0x0497, 0x04b8, 0x0497, 0x0477, 0x0000, 0x0000, 0x0000, 0x0000, 0x0000, 0x0000, 0x0000,
0x0000, 0x0000, 0x0000, 0x0000, 0x0000, 0x0000, 0x0000, 0x0000, 0x0000, 0x0000, 0x0000, 0x0000, 0x0000, 0x0000, 0x0000, 0x0497,
0x0497, 0x04b8, 0x0497, 0x0497, 0x0497, 0x0497, 0x0497, 0x0497, 0x0497, 0x0497, 0x0497, 0x0497, 0x0497, 0x0497, 0x0497, 0x04b8,
0x0497, 0x04b8, 0x0000, 0x0000, 0x0000, 0x0000, 0x0000, 0x0000, 0x0000, 0x0000, 0x0000, 0x0000, 0x0000, 0x0000, 0x0000, 0x0000,
0x0000, 0x0000, 0x0000, 0x0000, 0x0000, 0x0000, 0x0000, 0x0000, 0x0477, 0x0497, 0x04b8, 0x0497, 0x0497, 0x0497, 0x0497, 0x0497,
0x0497, 0x0497, 0x0497, 0x0497, 0x0497, 0x0497, 0x0497, 0x0497, 0x0497, 0x0497, 
/* -65- */
0x0000, 0x0000, 0x0000, 0x0000, 0x0000, 0x0000, 0x04b7, 0x0497, 0x04b8, 0x0497, 0x0497, 0x0497, 0x0497, 0x0497, 0x0497, 0x0497,
0x0497, 0x0497, 0x0497, 0x0497, 0x0497, 0x0497, 0x0497, 0x0497, 0x0497, 0x0497, 0x0497, 0x0497, 0x04b8, 0x0497, 0x0497, 0x0497,
0x0497, 0x0457, 0x04d6, 0x055a, 0x04d9, 0x03f7, 0x03f7, 0x04d9, 0x0496, 0x0457, 0x0477, 0x0497, 0x0497, 0x0497, 0x0497, 0x04b8,
0x0497, 0x0497, 0x0497, 0x0497, 0x0497, 0x0497, 0x0497, 0x0497, 0x0497, 0x0497, 0x0497, 0x0497, 0x0497, 0x0497, 0x0497, 0x0497,
0x0497, 0x0497, 0x0497, 0x0497, 0x0497, 0x0497, 0x0497, 0x0497, 0x04b8, 0x0497, 0x0436, 0x0000, 0x0000, 0x0000, 0x0000, 0x0000,
0x0000, 0x0000, 0x0000, 0x0000, 0x0000, 0x0000, 0x0000, 0x0000, 0x0000, 0x0000, 0x0000, 0x0000, 0x0000, 0x0477, 0x0497, 0x0497,
0x0497, 0x0497, 0x0497, 0x0497, 0x0497, 0x0497, 0x0497, 0x0497, 0x0497, 0x0497, 0x0497, 0x0497, 0x0497, 0x0497, 0x0497, 0x0000,
0x0000, 0x0000, 0x0000, 0x0000, 0x0000, 0x0000, 0x0000, 0x0000, 0x0000, 0x0000, 0x0000, 0x0000, 0x0000, 0x0000, 0x0000, 0x0000,
0x0000, 0x0000, 0x0000, 0x0000, 0x0000, 0x0000, 0x0000, 0x0000, 0x0000, 0x0000, 0x0000, 0x0000, 0x0000, 0x0000, 0x0000, 0x0000,
0x0000, 0x0000, 0x0000, 0x0000, 0x0000, 0x0000, 0x04f7, 0x0497, 0x04b8, 0x0497, 0x0497, 0x0497, 0x0497, 0x0497, 0x0497, 0x0497,
0x0497, 0x0497, 0x0497, 0x0497, 0x0497, 0x0497, 0x04b8, 0x0497, 0x0477, 0x0000, 0x0000, 0x0000, 0x0000, 0x0000, 0x0000, 0x0000,
0x0000, 0x0000, 0x0000, 0x0000, 0x0000, 0x0000, 0x0000, 0x0000, 0x0000, 0x0000, 0x0000, 0x0000, 0x0000, 0x0000, 0x0000, 0x0497,
0x0497, 0x04b8, 0x0497, 0x0497, 0x0497, 0x0497, 0x0497, 0x0497, 0x0497, 0x0497, 0x0497, 0x0497, 0x0497, 0x0497, 0x0497, 0x04b8,
0x0497, 0x04b8, 0x0000, 0x0000, 0x0000, 0x0000, 0x0000, 0x0000, 0x0000, 0x0000, 0x0000, 0x0000, 0x0000, 0x0000, 0x0000, 0x0000,
0x0000, 0x0000, 0x0000, 0x0000, 0x0000, 0x0000, 0x0000, 0x0000, 0x0477, 0x0497, 0x04b8, 0x0497, 0x0497, 0x0497, 0x0497, 0x0497,
0x0497, 0x0497, 0x0497, 0x0497, 0x0497, 0x0497, 0x0497, 0x0497, 0x0497, 0x0497, 
/* -66- */
0x0000, 0x0000, 0x0000, 0x0000, 0x0000, 0x0000, 0x0000, 0x0497, 0x0497, 0x0498, 0x0497, 0x0497, 0x0497, 0x0497, 0x0497, 0x0497,
0x0497, 0x0497, 0x0497, 0x0497, 0x0497, 0x0497, 0x0497, 0x0497, 0x0497, 0x0497, 0x0497, 0x0497, 0x0497, 0x0497, 0x0497, 0x0497,
0x0497, 0x0497, 0x0497, 0x0497, 0x0497, 0x0497, 0x0477, 0x0497, 0x0497, 0x0497, 0x0497, 0x0497, 0x0497, 0x0497, 0x0497, 0x0497,
0x0497, 0x0497, 0x0497, 0x0497, 0x0497, 0x0497, 0x0497, 0x0497, 0x0497, 0x0497, 0x0497, 0x0497, 0x0497, 0x0497, 0x0497, 0x0497,
0x0497, 0x0497, 0x0497, 0x0497, 0x0497, 0x0497, 0x0497, 0x0497, 0x04b8, 0x0497, 0x0436, 0x0000, 0x0000, 0x0000, 0x0000, 0x0000,
0x0000, 0x0000, 0x0000, 0x0000, 0x0000, 0x0000, 0x0000, 0x0000, 0x0000, 0x0000, 0x0000, 0x0000, 0x0000, 0x0477, 0x0497, 0x0497,
0x0497, 0x0497, 0x0497, 0x0497, 0x0497, 0x0497, 0x0497, 0x0497, 0x0497, 0x0497, 0x0497, 0x0497, 0x0497, 0x0497, 0x0497, 0x0000,
0x0000, 0x0000, 0x0000, 0x0000, 0x0000, 0x0000, 0x0000, 0x0000, 0x0000, 0x0000, 0x0000, 0x0000, 0x0000, 0x0000, 0x0000, 0x0000,
0x0000, 0x0000, 0x0000, 0x0000, 0x0000, 0x0000, 0x0000, 0x0000, 0x0000, 0x0000, 0x0000, 0x0000, 0x0000, 0x0000, 0x0000, 0x0000,
0x0000, 0x0000, 0x0000, 0x0000, 0x0000, 0x0000, 0x0475, 0x0497, 0x04b8, 0x0497, 0x0497, 0x0497, 0x0497, 0x0497, 0x0497, 0x0497,
0x0497, 0x0497, 0x0497, 0x0497, 0x0497, 0x0497, 0x04b8, 0x0497, 0x0477, 0x0000, 0x0000, 0x0000, 0x0000, 0x0000, 0x0000, 0x0000,
0x0000, 0x0000, 0x0000, 0x0000, 0x0000, 0x0000, 0x0000, 0x0000, 0x0000, 0x0000, 0x0000, 0x0000, 0x0000, 0x0000, 0x0000, 0x0497,
0x0497, 0x04b8, 0x0497, 0x0497, 0x0497, 0x0497, 0x0497, 0x0497, 0x0497, 0x0497, 0x0497, 0x0497, 0x0497, 0x0497, 0x0497, 0x04b8,
0x0497, 0x04b8, 0x0000, 0x0000, 0x0000, 0x0000, 0x0000, 0x0000, 0x0000, 0x0000, 0x0000, 0x0000, 0x0000, 0x0000, 0x0000, 0x0000,
0x0000, 0x0000, 0x0000, 0x0000, 0x0000, 0x0000, 0x0000, 0x0000, 0x0477, 0x0497, 0x04b8, 0x0497, 0x0497, 0x0497, 0x0497, 0x0497,
0x0497, 0x0497, 0x0497, 0x0497, 0x0497, 0x0497, 0x0497, 0x0497, 0x0497, 0x0497, 
/* -67- */
0x0000, 0x0000, 0x0000, 0x0000, 0x0000, 0x0000, 0x0000, 0x0496, 0x0497, 0x04b8, 0x0497, 0x0497, 0x0497, 0x0497, 0x0497, 0x0497,
0x0497, 0x0497, 0x0497, 0x0497, 0x0497, 0x0497, 0x0497, 0x0497, 0x0497, 0x0497, 0x0497, 0x0497, 0x0497, 0x0497, 0x0497, 0x0497,
0x0497, 0x0497, 0x0497, 0x0497, 0x0498, 0x04b8, 0x0498, 0x0498, 0x0497, 0x0497, 0x0497, 0x0497, 0x0497, 0x0497, 0x0497, 0x0497,
0x0497, 0x0497, 0x0497, 0x0497, 0x0497, 0x0497, 0x0497, 0x0497, 0x0497, 0x0497, 0x0497, 0x0497, 0x0497, 0x0497, 0x0497, 0x0497,
0x0497, 0x0497, 0x0497, 0x0497, 0x0497, 0x0497, 0x0497, 0x0497, 0x04b8, 0x0497, 0x0436, 0x0000, 0x0000, 0x0000, 0x0000, 0x0000,
0x0000, 0x0000, 0x0000, 0x0000, 0x0000, 0x0000, 0x0000, 0x0000, 0x0000, 0x0000, 0x0000, 0x0000, 0x0000, 0x0477, 0x0497, 0x0497,
0x0497, 0x0497, 0x0497, 0x0497, 0x0497, 0x0497, 0x0497, 0x0497, 0x0497, 0x0497, 0x0497, 0x0497, 0x0497, 0x0497, 0x0497, 0x0000,
0x0000, 0x0000, 0x0000, 0x0000, 0x0000, 0x0000, 0x0000, 0x0000, 0x0000, 0x0000, 0x0000, 0x0000, 0x0000, 0x0000, 0x0000, 0x0000,
0x0000, 0x0000, 0x0000, 0x0000, 0x0000, 0x0000, 0x0000, 0x0000, 0x0000, 0x0000, 0x0000, 0x0000, 0x0000, 0x0000, 0x0000, 0x0000,
0x0000, 0x0000, 0x0000, 0x0000, 0x0000, 0x0000, 0x0475, 0x0497, 0x04b8, 0x0497, 0x0497, 0x0497, 0x0497, 0x0497, 0x0497, 0x0497,
0x0497, 0x0497, 0x0497, 0x0497, 0x0497, 0x0497, 0x04b8, 0x0497, 0x0477, 0x0000, 0x0000, 0x0000, 0x0000, 0x0000, 0x0000, 0x0000,
0x0000, 0x0000, 0x0000, 0x0000, 0x0000, 0x0000, 0x0000, 0x0000, 0x0000, 0x0000, 0x0000, 0x0000, 0x0000, 0x0000, 0x0000, 0x0497,
0x0497, 0x04b8, 0x0497, 0x0497, 0x0497, 0x0497, 0x0497, 0x0497, 0x0497, 0x0497, 0x0497, 0x0497, 0x0497, 0x0497, 0x0497, 0x04b8,
0x0497, 0x04b8, 0x0000, 0x0000, 0x0000, 0x0000, 0x0000, 0x0000, 0x0000, 0x0000, 0x0000, 0x0000, 0x0000, 0x0000, 0x0000, 0x0000,
0x0000, 0x0000, 0x0000, 0x0000, 0x0000, 0x0000, 0x0000, 0x0000, 0x0477, 0x0497, 0x04b8, 0x0497, 0x0497, 0x0497, 0x0497, 0x0497,
0x0497, 0x0497, 0x0497, 0x0497, 0x0497, 0x0497, 0x0497, 0x0497, 0x0497, 0x0497, 
/* -68- */
0x0000, 0x0000, 0x0000, 0x0000, 0x0000, 0x0000, 0x0000, 0x0000, 0x0477, 0x0497, 0x04b8, 0x0497, 0x0497, 0x0497, 0x0497, 0x0497,
0x0497, 0x0497, 0x0497, 0x0497, 0x0497, 0x0497, 0x0497, 0x0497, 0x0497, 0x0497, 0x0497, 0x0497, 0x0497, 0x0497, 0x0497, 0x0497,
0x0497, 0x0497, 0x0497, 0x0497, 0x0497, 0x0497, 0x0497, 0x0497, 0x0497, 0x0497, 0x0497, 0x0497, 0x0497, 0x0497, 0x0497, 0x0497,
0x0497, 0x0497, 0x0497, 0x0497, 0x0497, 0x0497, 0x0497, 0x0497, 0x0497, 0x0497, 0x0497, 0x0497, 0x0497, 0x0497, 0x0497, 0x0497,
0x0497, 0x0497, 0x0497, 0x0497, 0x0497, 0x0497, 0x0497, 0x0497, 0x04b8, 0x0497, 0x0436, 0x0000, 0x0000, 0x0000, 0x0000, 0x0000,
0x0000, 0x0000, 0x0000, 0x0000, 0x0000, 0x0000, 0x0000, 0x0000, 0x0000, 0x0000, 0x0000, 0x0000, 0x0000, 0x0477, 0x0497, 0x0497,
0x0497, 0x0497, 0x0497, 0x0497, 0x0497, 0x0497, 0x0497, 0x0497, 0x0497, 0x0497, 0x0497, 0x0497, 0x0497, 0x0497, 0x0497, 0x0000,
0x0000, 0x0000, 0x0000, 0x0000, 0x0000, 0x0000, 0x0000, 0x0000, 0x0000, 0x0000, 0x0000, 0x0000, 0x0000, 0x0000, 0x0000, 0x0000,
0x0000, 0x0000, 0x0000, 0x0000, 0x0000, 0x0000, 0x0000, 0x0000, 0x0000, 0x0000, 0x0000, 0x0000, 0x0000, 0x0000, 0x0000, 0x0000,
0x0000, 0x0000, 0x0000, 0x0000, 0x0000, 0x0000, 0x0475, 0x0497, 0x04b8, 0x0497, 0x0497, 0x0497, 0x0497, 0x0497, 0x0497, 0x0497,
0x0497, 0x0497, 0x0497, 0x0497, 0x0497, 0x0497, 0x04b8, 0x0497, 0x0477, 0x0000, 0x0000, 0x0000, 0x0000, 0x0000, 0x0000, 0x0000,
0x0000, 0x0000, 0x0000, 0x0000, 0x0000, 0x0000, 0x0000, 0x0000, 0x0000, 0x0000, 0x0000, 0x0000, 0x0000, 0x0000, 0x0000, 0x0497,
0x0497, 0x04b8, 0x0497, 0x0497, 0x0497, 0x0497, 0x0497, 0x0497, 0x0497, 0x0497, 0x0497, 0x0497, 0x0497, 0x0497, 0x0497, 0x04b8,
0x0497, 0x04b8, 0x0000, 0x0000, 0x0000, 0x0000, 0x0000, 0x0000, 0x0000, 0x0000, 0x0000, 0x0000, 0x0000, 0x0000, 0x0000, 0x0000,
0x0000, 0x0000, 0x0000, 0x0000, 0x0000, 0x0000, 0x0000, 0x0000, 0x0477, 0x0497, 0x04b8, 0x0497, 0x0497, 0x0497, 0x0497, 0x0497,
0x0497, 0x0497, 0x0497, 0x0497, 0x0497, 0x0497, 0x0497, 0x0497, 0x0497, 0x0497, 
/* -69- */
0x0000, 0x0000, 0x0000, 0x0000, 0x0000, 0x0000, 0x0000, 0x0000, 0x0000, 0x0497, 0x0497, 0x0497, 0x0497, 0x0497, 0x0497, 0x0497,
0x0497, 0x0497, 0x0497, 0x0497, 0x0497, 0x0497, 0x0497, 0x0497, 0x0497, 0x0497, 0x0497, 0x0497, 0x0497, 0x0497, 0x0497, 0x0497,
0x0497, 0x0497, 0x0497, 0x0497, 0x0497, 0x0497, 0x0497, 0x0497, 0x0497, 0x0497, 0x0497, 0x0497, 0x0497, 0x0497, 0x0497, 0x0497,
0x0497, 0x0497, 0x0497, 0x0497, 0x0497, 0x0497, 0x0497, 0x0497, 0x0497, 0x0497, 0x0497, 0x0497, 0x0497, 0x0497, 0x0497, 0x0497,
0x0497, 0x0497, 0x0497, 0x0497, 0x0497, 0x0497, 0x0497, 0x0497, 0x04b8, 0x0497, 0x0436, 0x0000, 0x0000, 0x0000, 0x0000, 0x0000,
0x0000, 0x0000, 0x0000, 0x0000, 0x0000, 0x0000, 0x0000, 0x0000, 0x0000, 0x0000, 0x0000, 0x0000, 0x0000, 0x0477, 0x0497, 0x0497,
0x0497, 0x0497, 0x0497, 0x0497, 0x0497, 0x0497, 0x0497, 0x0497, 0x0497, 0x0497, 0x0497, 0x0497, 0x0497, 0x0497, 0x0497, 0x0000,
0x0000, 0x0000, 0x0000, 0x0000, 0x0000, 0x0000, 0x0000, 0x0000, 0x0000, 0x0000, 0x0000, 0x0000, 0x0000, 0x0000, 0x0000, 0x0000,
0x0000, 0x0000, 0x0000, 0x0000, 0x0000, 0x0000, 0x0000, 0x0000, 0x0000, 0x0000, 0x0000, 0x0000, 0x0000, 0x0000, 0x0000, 0x0000,
0x0000, 0x0000, 0x0000, 0x0000, 0x0000, 0x0000, 0x0475, 0x0497, 0x04b8, 0x0497, 0x0497, 0x0497, 0x0497, 0x0497, 0x0497, 0x0497,
0x0497, 0x0497, 0x0497, 0x0497, 0x0497, 0x0497, 0x04b8, 0x0497, 0x0477, 0x0000, 0x0000, 0x0000, 0x0000, 0x0000, 0x0000, 0x0000,
0x0000, 0x0000, 0x0000, 0x0000, 0x0000, 0x0000, 0x0000, 0x0000, 0x0000, 0x0000, 0x0000, 0x0000, 0x0000, 0x0000, 0x0000, 0x0497,
0x0497, 0x04b8, 0x0497, 0x0497, 0x0497, 0x0497, 0x0497, 0x0497, 0x0497, 0x0497, 0x0497, 0x0497, 0x0497, 0x0497, 0x0497, 0x04b8,
0x0497, 0x04b8, 0x0000, 0x0000, 0x0000, 0x0000, 0x0000, 0x0000, 0x0000, 0x0000, 0x0000, 0x0000, 0x0000, 0x0000, 0x0000, 0x0000,
0x0000, 0x0000, 0x0000, 0x0000, 0x0000, 0x0000, 0x0000, 0x0000, 0x0477, 0x0497, 0x04b8, 0x0497, 0x0497, 0x0497, 0x0497, 0x0497,
0x0497, 0x0497, 0x0497, 0x0497, 0x0497, 0x0497, 0x0497, 0x0497, 0x0497, 0x0497, 
/* -70- */
0x0000, 0x0000, 0x0000, 0x0000, 0x0000, 0x0000, 0x0000, 0x0000, 0x0000, 0x0000, 0x0497, 0x0497, 0x0498, 0x0497, 0x0497, 0x0497,
0x0497, 0x0497, 0x0497, 0x0497, 0x0497, 0x0497, 0x0497, 0x0497, 0x0497, 0x0497, 0x0497, 0x0497, 0x0497, 0x0497, 0x0497, 0x0497,
0x0497, 0x0497, 0x0497, 0x0497, 0x0497, 0x0497, 0x0497, 0x0497, 0x0497, 0x0497, 0x0497, 0x0497, 0x0497, 0x0497, 0x0497, 0x0497,
0x0497, 0x0497, 0x0497, 0x0497, 0x0497, 0x0497, 0x0497, 0x0497, 0x0497, 0x0497, 0x0497, 0x0497, 0x0497, 0x0497, 0x0497, 0x0497,
0x0497, 0x0497, 0x0497, 0x0497, 0x0497, 0x0497, 0x0497, 0x0497, 0x04b8, 0x0497, 0x0436, 0x0000, 0x0000, 0x0000, 0x0000, 0x0000,
0x0000, 0x0000, 0x0000, 0x0000, 0x0000, 0x0000, 0x0000, 0x0000, 0x0000, 0x0000, 0x0000, 0x0000, 0x0000, 0x0477, 0x0497, 0x0497,
0x0497, 0x0497, 0x0497, 0x0497, 0x0497, 0x0497, 0x0497, 0x0497, 0x0497, 0x0497, 0x0497, 0x0497, 0x0497, 0x0497, 0x0497, 0x0000,
0x0000, 0x0000, 0x0000, 0x0000, 0x0000, 0x0000, 0x0000, 0x0000, 0x0000, 0x0000, 0x0000, 0x0000, 0x0000, 0x0000, 0x0000, 0x0000,
0x0000, 0x0000, 0x0000, 0x0000, 0x0000, 0x0000, 0x0000, 0x0000, 0x0000, 0x0000, 0x0000, 0x0000, 0x0000, 0x0000, 0x0000, 0x0000,
0x0000, 0x0000, 0x0000, 0x0000, 0x0000, 0x0000, 0x0475, 0x0497, 0x04b8, 0x0497, 0x0497, 0x0497, 0x0497, 0x0497, 0x0497, 0x0497,
0x0497, 0x0497, 0x0497, 0x0497, 0x0497, 0x0497, 0x04b8, 0x0497, 0x0477, 0x0000, 0x0000, 0x0000, 0x0000, 0x0000, 0x0000, 0x0000,
0x0000, 0x0000, 0x0000, 0x0000, 0x0000, 0x0000, 0x0000, 0x0000, 0x0000, 0x0000, 0x0000, 0x0000, 0x0000, 0x0000, 0x0000, 0x0497,
0x0497, 0x04b8, 0x0497, 0x0497, 0x0497, 0x0497, 0x0497, 0x0497, 0x0497, 0x0497, 0x0497, 0x0497, 0x0497, 0x0497, 0x0497, 0x04b8,
0x0497, 0x04b8, 0x0000, 0x0000, 0x0000, 0x0000, 0x0000, 0x0000, 0x0000, 0x0000, 0x0000, 0x0000, 0x0000, 0x0000, 0x0000, 0x0000,
0x0000, 0x0000, 0x0000, 0x0000, 0x0000, 0x0000, 0x0000, 0x0000, 0x0477, 0x0497, 0x04b8, 0x0497, 0x0497, 0x0497, 0x0497, 0x0497,
0x0497, 0x0497, 0x0497, 0x0497, 0x0497, 0x0497, 0x0497, 0x0497, 0x0497, 0x0497, 
/* -71- */
0x0000, 0x0000, 0x0000, 0x0000, 0x0000, 0x0000, 0x0000, 0x0000, 0x0000, 0x0000, 0x0000, 0x0497, 0x0497, 0x04b8, 0x0497, 0x0497,
0x0497, 0x0497, 0x0497, 0x0497, 0x0497, 0x0497, 0x0497, 0x0497, 0x0497, 0x0497, 0x0497, 0x0497, 0x0497, 0x0497, 0x0497, 0x0497,
0x0497, 0x0497, 0x0497, 0x0497, 0x0497, 0x0497, 0x0497, 0x0497, 0x0497, 0x0497, 0x0497, 0x0497, 0x0497, 0x0497, 0x0497, 0x0497,
0x0497, 0x0497, 0x0497, 0x0497, 0x0497, 0x0497, 0x0497, 0x0497, 0x0497, 0x0497, 0x0497, 0x0497, 0x0497, 0x0497, 0x0497, 0x0497,
0x0497, 0x0497, 0x0497, 0x0497, 0x0497, 0x0497, 0x0497, 0x0497, 0x04b8, 0x0497, 0x0436, 0x0000, 0x0000, 0x0000, 0x0000, 0x0000,
0x0000, 0x0000, 0x0000, 0x0000, 0x0000, 0x0000, 0x0000, 0x0000, 0x0000, 0x0000, 0x0000, 0x0000, 0x0000, 0x0477, 0x0497, 0x0497,
0x0497, 0x0497, 0x0497, 0x0497, 0x0497, 0x0497, 0x0497, 0x0497, 0x0497, 0x0497, 0x0497, 0x0497, 0x0497, 0x0497, 0x0497, 0x0000,
0x0000, 0x0000, 0x0000, 0x0000, 0x0000, 0x0000, 0x0000, 0x0000, 0x0000, 0x0000, 0x0000, 0x0000, 0x0000, 0x0000, 0x0000, 0x0000,
0x0000, 0x0000, 0x0000, 0x0000, 0x0000, 0x0000, 0x0000, 0x0000, 0x0000, 0x0000, 0x0000, 0x0000, 0x0000, 0x0000, 0x0000, 0x0000,
0x0000, 0x0000, 0x0000, 0x0000, 0x0000, 0x0000, 0x0475, 0x0497, 0x04b8, 0x0497, 0x0497, 0x0497, 0x0497, 0x0497, 0x0497, 0x0497,
0x0497, 0x0497, 0x0497, 0x0497, 0x0497, 0x0497, 0x04b8, 0x0497, 0x0477, 0x0000, 0x0000, 0x0000, 0x0000, 0x0000, 0x0000, 0x0000,
0x0000, 0x0000, 0x0000, 0x0000, 0x0000, 0x0000, 0x0000, 0x0000, 0x0000, 0x0000, 0x0000, 0x0000, 0x0000, 0x0000, 0x0000, 0x0497,
0x0497, 0x04b8, 0x0497, 0x0497, 0x0497, 0x0497, 0x0497, 0x0497, 0x0497, 0x0497, 0x0497, 0x0497, 0x0497, 0x0497, 0x0497, 0x04b8,
0x0497, 0x04b8, 0x0000, 0x0000, 0x0000, 0x0000, 0x0000, 0x0000, 0x0000, 0x0000, 0x0000, 0x0000, 0x0000, 0x0000, 0x0000, 0x0000,
0x0000, 0x0000, 0x0000, 0x0000, 0x0000, 0x0000, 0x0000, 0x0000, 0x0477, 0x0497, 0x04b8, 0x0497, 0x0497, 0x0497, 0x0497, 0x0497,
0x0497, 0x0497, 0x0497, 0x0497, 0x0497, 0x0497, 0x0497, 0x0497, 0x0497, 0x0497, 
/* -72- */
0x0000, 0x0000, 0x0000, 0x0000, 0x0000, 0x0000, 0x0000, 0x0000, 0x0000, 0x0000, 0x0000, 0x0000, 0x0497, 0x0498, 0x04b8, 0x0497,
0x0497, 0x0497, 0x0497, 0x0497, 0x0497, 0x0497, 0x0497, 0x0497, 0x0497, 0x0497, 0x0497, 0x0497, 0x0497, 0x0497, 0x0497, 0x0497,
0x0497, 0x0497, 0x0497, 0x0497, 0x0497, 0x0497, 0x0497, 0x0497, 0x0497, 0x0497, 0x0497, 0x0497, 0x0497, 0x0497, 0x0497, 0x0497,
0x0497, 0x0497, 0x0497, 0x0497, 0x0497, 0x0497, 0x0497, 0x0497, 0x0497, 0x0497, 0x04b8, 0x0497, 0x0497, 0x0497, 0x0497, 0x0497,
0x0497, 0x0497, 0x0497, 0x0497, 0x0497, 0x0497, 0x0497, 0x0497, 0x04b8, 0x0497, 0x0436, 0x0000, 0x0000, 0x0000, 0x0000, 0x0000,
0x0000, 0x0000, 0x0000, 0x0000, 0x0000, 0x0000, 0x0000, 0x0000, 0x0000, 0x0000, 0x0000, 0x0000, 0x0000, 0x0477, 0x0497, 0x0497,
0x0497, 0x0497, 0x0497, 0x0497, 0x0497, 0x0497, 0x0497, 0x0497, 0x0497, 0x0497, 0x0497, 0x0497, 0x0497, 0x0497, 0x0497, 0x0000,
0x0000, 0x0000, 0x0000, 0x0000, 0x0000, 0x0000, 0x0000, 0x0000, 0x0000, 0x0000, 0x0000, 0x0000, 0x0000, 0x0000, 0x0000, 0x0000,
0x0000, 0x0000, 0x0000, 0x0000, 0x0000, 0x0000, 0x0000, 0x0000, 0x0000, 0x0000, 0x0000, 0x0000, 0x0000, 0x0000, 0x0000, 0x0000,
0x0000, 0x0000, 0x0000, 0x0000, 0x0000, 0x0000, 0x0475, 0x0497, 0x04b8, 0x0497, 0x0497, 0x0497, 0x0497, 0x0497, 0x0497, 0x0497,
0x0497, 0x0497, 0x0497, 0x0497, 0x0497, 0x0497, 0x04b8, 0x0497, 0x0477, 0x0000, 0x0000, 0x0000, 0x0000, 0x0000, 0x0000, 0x0000,
0x0000, 0x0000, 0x0000, 0x0000, 0x0000, 0x0000, 0x0000, 0x0000, 0x0000, 0x0000, 0x0000, 0x0000, 0x0000, 0x0000, 0x0000, 0x0497,
0x0497, 0x04b8, 0x0497, 0x0497, 0x0497, 0x0497, 0x0497, 0x0497, 0x0497, 0x0497, 0x0497, 0x0497, 0x0497, 0x0497, 0x0497, 0x04b8,
0x0497, 0x04b8, 0x0000, 0x0000, 0x0000, 0x0000, 0x0000, 0x0000, 0x0000, 0x0000, 0x0000, 0x0000, 0x0000, 0x0000, 0x0000, 0x0000,
0x0000, 0x0000, 0x0000, 0x0000, 0x0000, 0x0000, 0x0000, 0x0000, 0x0477, 0x0497, 0x04b8, 0x0497, 0x0497, 0x0497, 0x0497, 0x0497,
0x0497, 0x0497, 0x0497, 0x0497, 0x0497, 0x0497, 0x0497, 0x0497, 0x0497, 0x0497, 
/* -73- */
0x0000, 0x0000, 0x0000, 0x0000, 0x0000, 0x0000, 0x0000, 0x0000, 0x0000, 0x0000, 0x0000, 0x0000, 0x0000, 0x0477, 0x0497, 0x04b8,
0x0497, 0x0497, 0x0497, 0x0497, 0x0497, 0x0497, 0x0497, 0x0497, 0x0497, 0x0497, 0x0497, 0x0497, 0x0497, 0x0497, 0x0497, 0x0497,
0x0497, 0x0497, 0x0497, 0x0497, 0x0497, 0x0497, 0x0497, 0x0497, 0x0497, 0x0497, 0x0497, 0x0497, 0x0497, 0x0497, 0x0497, 0x0497,
0x0497, 0x0497, 0x0497, 0x0497, 0x0497, 0x0497, 0x0497, 0x0497, 0x04b6, 0x0497, 0x04b8, 0x0497, 0x0497, 0x0497, 0x0497, 0x0497,
0x0497, 0x0497, 0x0497, 0x0497, 0x0497, 0x0497, 0x0497, 0x0497, 0x04b8, 0x0497, 0x0436, 0x0000, 0x0000, 0x0000, 0x0000, 0x0000,
0x0000, 0x0000, 0x0000, 0x0000, 0x0000, 0x0000, 0x0000, 0x0000, 0x0000, 0x0000, 0x0000, 0x0000, 0x0000, 0x0477, 0x0497, 0x0497,
0x0497, 0x0497, 0x0497, 0x0497, 0x0497, 0x0497, 0x0497, 0x0497, 0x0497, 0x0497, 0x0497, 0x0497, 0x0497, 0x0497, 0x0497, 0x0000,
0x0000, 0x0000, 0x0000, 0x0000, 0x0000, 0x0000, 0x0000, 0x0000, 0x0000, 0x0000, 0x0000, 0x0000, 0x0000, 0x0000, 0x0000, 0x0000,
0x0000, 0x0000, 0x0000, 0x0000, 0x0000, 0x0000, 0x0000, 0x0000, 0x0000, 0x0000, 0x0000, 0x0000, 0x0000, 0x0000, 0x0000, 0x0000,
0x0000, 0x0000, 0x0000, 0x0000, 0x0000, 0x0000, 0x0475, 0x0497, 0x04b8, 0x0497, 0x0497, 0x0497, 0x0497, 0x0497, 0x0497, 0x0497,
0x0497, 0x0497, 0x0497, 0x0497, 0x0497, 0x0497, 0x04b8, 0x0497, 0x0477, 0x0000, 0x0000, 0x0000, 0x0000, 0x0000, 0x0000, 0x0000,
0x0000, 0x0000, 0x0000, 0x0000, 0x0000, 0x0000, 0x0000, 0x0000, 0x0000, 0x0000, 0x0000, 0x0000, 0x0000, 0x0000, 0x0000, 0x0497,
0x0497, 0x04b8, 0x0497, 0x0497, 0x0497, 0x0497, 0x0497, 0x0497, 0x0497, 0x0497, 0x0497, 0x0497, 0x0497, 0x0497, 0x0497, 0x04b8,
0x0497, 0x04b8, 0x0000, 0x0000, 0x0000, 0x0000, 0x0000, 0x0000, 0x0000, 0x0000, 0x0000, 0x0000, 0x0000, 0x0000, 0x0000, 0x0000,
0x0000, 0x0000, 0x0000, 0x0000, 0x0000, 0x0000, 0x0000, 0x0000, 0x0477, 0x0497, 0x04b8, 0x0497, 0x0497, 0x0497, 0x0497, 0x0497,
0x0497, 0x0497, 0x0497, 0x0497, 0x0497, 0x0497, 0x0497, 0x0497, 0x0497, 0x0497, 
/* -74- */
0x0000, 0x0000, 0x0000, 0x0000, 0x0000, 0x0000, 0x0000, 0x0000, 0x0000, 0x0000, 0x0000, 0x0000, 0x0000, 0x0000, 0x0477, 0x0497,
0x04b8, 0x0497, 0x0497, 0x0497, 0x0497, 0x0497, 0x0497, 0x0497, 0x0497, 0x0497, 0x0497, 0x0497, 0x0497, 0x0497, 0x0497, 0x0497,
0x0497, 0x0497, 0x0497, 0x0497, 0x0497, 0x0497, 0x0497, 0x0497, 0x0497, 0x0497, 0x0497, 0x0497, 0x0497, 0x0497, 0x0497, 0x0497,
0x0497, 0x0497, 0x0497, 0x0497, 0x0497, 0x0497, 0x0497, 0x03f5, 0x04b7, 0x0497, 0x04b8, 0x0497, 0x0497, 0x0497, 0x0497, 0x0497,
0x0497, 0x0497, 0x0497, 0x0497, 0x0497, 0x0497, 0x0497, 0x0497, 0x04b8, 0x0497, 0x0436, 0x0000, 0x0000, 0x0000, 0x0000, 0x0000,
0x0000, 0x0000, 0x0000, 0x0000, 0x0000, 0x0000, 0x0000, 0x0000, 0x0000, 0x0000, 0x0000, 0x0000, 0x0000, 0x0477, 0x0497, 0x0497,
0x0497, 0x0497, 0x0497, 0x0497, 0x0497, 0x0497, 0x0497, 0x0497, 0x0497, 0x0497, 0x0497, 0x0497, 0x0497, 0x0497, 0x0497, 0x0000,
0x0000, 0x0000, 0x0000, 0x0000, 0x0000, 0x0000, 0x0000, 0x0000, 0x0000, 0x0000, 0x0000, 0x0000, 0x0000, 0x0000, 0x0000, 0x0000,
0x0000, 0x0000, 0x0000, 0x0000, 0x0000, 0x0000, 0x0000, 0x0000, 0x0000, 0x0000, 0x0000, 0x0000, 0x0000, 0x0000, 0x0000, 0x0000,
0x0000, 0x0000, 0x0000, 0x0000, 0x0000, 0x0000, 0x0475, 0x0497, 0x04b8, 0x0497, 0x0497, 0x0497, 0x0497, 0x0497, 0x0497, 0x0497,
0x0497, 0x0497, 0x0497, 0x0497, 0x0497, 0x0497, 0x04b8, 0x0497, 0x0477, 0x0000, 0x0000, 0x0000, 0x0000, 0x0000, 0x0000, 0x0000,
0x0000, 0x0000, 0x0000, 0x0000, 0x0000, 0x0000, 0x0000, 0x0000, 0x0000, 0x0000, 0x0000, 0x0000, 0x0000, 0x0000, 0x0000, 0x0497,
0x0497, 0x04b8, 0x0497, 0x0497, 0x0497, 0x0497, 0x0497, 0x0497, 0x0497, 0x0497, 0x0497, 0x0497, 0x0497, 0x0497, 0x0497, 0x04b8,
0x0497, 0x04b8, 0x0000, 0x0000, 0x0000, 0x0000, 0x0000, 0x0000, 0x0000, 0x0000, 0x0000, 0x0000, 0x0000, 0x0000, 0x0000, 0x0000,
0x0000, 0x0000, 0x0000, 0x0000, 0x0000, 0x0000, 0x0000, 0x0000, 0x0477, 0x0497, 0x04b8, 0x0497, 0x0497, 0x0497, 0x0497, 0x0497,
0x0497, 0x0497, 0x0497, 0x0497, 0x0497, 0x0497, 0x0497, 0x0497, 0x0497, 0x0497, 
/* -75- */
0x0000, 0x0000, 0x0000, 0x0000, 0x0000, 0x0000, 0x0000, 0x0000, 0x0000, 0x0000, 0x0000, 0x0000, 0x0000, 0x0000, 0x0000, 0x0476,
0x0497, 0x0497, 0x04b8, 0x0497, 0x0497, 0x0497, 0x0497, 0x0497, 0x0497, 0x0497, 0x0497, 0x0497, 0x0497, 0x0497, 0x0497, 0x0497,
0x0497, 0x0497, 0x0497, 0x0497, 0x0497, 0x0497, 0x0497, 0x0497, 0x0497, 0x0497, 0x0497, 0x0497, 0x0497, 0x0497, 0x0497, 0x0497,
0x0497, 0x0497, 0x0497, 0x04b8, 0x0497, 0x0497, 0x03ff, 0x0000, 0x04b7, 0x0497, 0x04b8, 0x0497, 0x0497, 0x0497, 0x0497, 0x0497,
0x0497, 0x0497, 0x0497, 0x0497, 0x0497, 0x0497, 0x0497, 0x0497, 0x04b8, 0x0497, 0x0436, 0x0000, 0x0000, 0x0000, 0x0000, 0x0000,
0x0000, 0x0000, 0x0000, 0x0000, 0x0000, 0x0000, 0x0000, 0x0000, 0x0000, 0x0000, 0x0000, 0x0000, 0x0000, 0x0477, 0x0497, 0x0497,
0x0497, 0x0497, 0x0497, 0x0497, 0x0497, 0x0497, 0x0497, 0x0497, 0x0497, 0x0497, 0x0497, 0x0497, 0x0497, 0x0497, 0x0497, 0x0000,
0x0000, 0x0000, 0x0000, 0x0000, 0x0000, 0x0000, 0x0000, 0x0000, 0x0000, 0x0000, 0x0000, 0x0000, 0x0000, 0x0000, 0x0000, 0x0000,
0x0000, 0x0000, 0x0000, 0x0000, 0x0000, 0x0000, 0x0000, 0x0000, 0x0000, 0x0000, 0x0000, 0x0000, 0x0000, 0x0000, 0x0000, 0x0000,
0x0000, 0x0000, 0x0000, 0x0000, 0x0000, 0x0000, 0x0478, 0x0497, 0x04b8, 0x0497, 0x0497, 0x0497, 0x0497, 0x0497, 0x0497, 0x0497,
0x0497, 0x0497, 0x0497, 0x0497, 0x0497, 0x0497, 0x04b8, 0x0497, 0x0477, 0x0000, 0x0000, 0x0000, 0x0000, 0x0000, 0x0000, 0x0000,
0x0000, 0x0000, 0x0000, 0x0000, 0x0000, 0x0000, 0x0000, 0x0000, 0x0000, 0x0000, 0x0000, 0x0000, 0x0000, 0x0000, 0x0000, 0x0497,
0x0497, 0x04b8, 0x0497, 0x0497, 0x0497, 0x0497, 0x0497, 0x0497, 0x0497, 0x0497, 0x0497, 0x0497, 0x0497, 0x0497, 0x0497, 0x04b8,
0x0497, 0x04b8, 0x0000, 0x0000, 0x0000, 0x0000, 0x0000, 0x0000, 0x0000, 0x0000, 0x0000, 0x0000, 0x0000, 0x0000, 0x0000, 0x0000,
0x0000, 0x0000, 0x0000, 0x0000, 0x0000, 0x0000, 0x0000, 0x0000, 0x0477, 0x0497, 0x04b8, 0x0497, 0x0497, 0x0497, 0x0497, 0x0497,
0x0497, 0x0497, 0x0497, 0x0497, 0x0497, 0x0497, 0x0497, 0x0497, 0x0497, 0x0497, 
/* -76- */
0x0000, 0x0000, 0x0000, 0x0000, 0x0000, 0x0000, 0x0000, 0x0000, 0x0000, 0x0000, 0x0000, 0x0000, 0x0000, 0x0000, 0x0000, 0x0000,
0x0000, 0x0497, 0x0497, 0x0497, 0x04b8, 0x0497, 0x0497, 0x0497, 0x0497, 0x0497, 0x0497, 0x0497, 0x0497, 0x0497, 0x0497, 0x0497,
0x0497, 0x0497, 0x0497, 0x0497, 0x0497, 0x0497, 0x0497, 0x0497, 0x0497, 0x0497, 0x0497, 0x0497, 0x0497, 0x0497, 0x0497, 0x0497,
0x0497, 0x04b8, 0x0498, 0x0497, 0x0477, 0x0000, 0x0000, 0x0000, 0x04b7, 0x0497, 0x04b8, 0x0497, 0x0497, 0x0497, 0x0497, 0x0497,
0x0497, 0x0497, 0x0497, 0x0497, 0x0497, 0x0497, 0x0497, 0x0497, 0x04b8, 0x0497, 0x0436, 0x0000, 0x0000, 0x0000, 0x0000, 0x0000,
0x0000, 0x0000, 0x0000, 0x0000, 0x0000, 0x0000, 0x0000, 0x0000, 0x0000, 0x0000, 0x0000, 0x0000, 0x0000, 0x0477, 0x0497, 0x0497,
0x0497, 0x0497, 0x0497, 0x0497, 0x0497, 0x0497, 0x0497, 0x0497, 0x0497, 0x0497, 0x0497, 0x0497, 0x0497, 0x0497, 0x0497, 0x0000,
0x0000, 0x0000, 0x0000, 0x0000, 0x0000, 0x0000, 0x0000, 0x0000, 0x0000, 0x0000, 0x0000, 0x0000, 0x0000, 0x0000, 0x0000, 0x0000,
0x0000, 0x0000, 0x0000, 0x0000, 0x0000, 0x0000, 0x0000, 0x0000, 0x0000, 0x0000, 0x0000, 0x0000, 0x0000, 0x0000, 0x0000, 0x0000,
0x0000, 0x0000, 0x0000, 0x0000, 0x0000, 0x0000, 0x0478, 0x0497, 0x04b8, 0x0497, 0x0497, 0x0497, 0x0497, 0x0497, 0x0497, 0x0497,
0x0497, 0x0497, 0x0497, 0x0497, 0x0497, 0x0497, 0x04b8, 0x0497, 0x0477, 0x0000, 0x0000, 0x0000, 0x0000, 0x0000, 0x0000, 0x0000,
0x0000, 0x0000, 0x0000, 0x0000, 0x0000, 0x0000, 0x0000, 0x0000, 0x0000, 0x0000, 0x0000, 0x0000, 0x0000, 0x0000, 0x0000, 0x0497,
0x0497, 0x04b8, 0x0497, 0x0497, 0x0497, 0x0497, 0x0497, 0x0497, 0x0497, 0x0497, 0x0497, 0x0497, 0x0497, 0x0497, 0x0497, 0x04b8,
0x0497, 0x04b8, 0x0000, 0x0000, 0x0000, 0x0000, 0x0000, 0x0000, 0x0000, 0x0000, 0x0000, 0x0000, 0x0000, 0x0000, 0x0000, 0x0000,
0x0000, 0x0000, 0x0000, 0x0000, 0x0000, 0x0000, 0x0000, 0x0000, 0x0477, 0x0497, 0x04b8, 0x0497, 0x0497, 0x0497, 0x0497, 0x0497,
0x0497, 0x0497, 0x0497, 0x0497, 0x0497, 0x0497, 0x0497, 0x0497, 0x0497, 0x0497, 
/* -77- */
0x0000, 0x0000, 0x0000, 0x0000, 0x0000, 0x0000, 0x0000, 0x0000, 0x0000, 0x0000, 0x0000, 0x0000, 0x0000, 0x0000, 0x0000, 0x0000,
0x0000, 0x0000, 0x04b8, 0x0497, 0x0497, 0x04b8, 0x04b8, 0x0497, 0x0497, 0x0497, 0x0497, 0x0497, 0x0497, 0x0497, 0x0497, 0x0497,
0x0497, 0x0497, 0x0497, 0x0497, 0x0497, 0x0497, 0x0497, 0x0497, 0x0497, 0x0497, 0x0497, 0x0497, 0x0497, 0x0497, 0x0497, 0x04b8,
0x04b8, 0x0497, 0x0497, 0x04d6, 0x0000, 0x0000, 0x0000, 0x0000, 0x04b7, 0x0497, 0x04b8, 0x0497, 0x0497, 0x0497, 0x0497, 0x0497,
0x0497, 0x0497, 0x0497, 0x0497, 0x0497, 0x0497, 0x0497, 0x0497, 0x04b8, 0x0497, 0x0436, 0x0000, 0x0000, 0x0000, 0x0000, 0x0000,
0x0000, 0x0000, 0x0000, 0x0000, 0x0000, 0x0000, 0x0000, 0x0000, 0x0000, 0x0000, 0x0000, 0x0000, 0x0000, 0x0497, 0x0497, 0x04b8,
0x0497, 0x0497, 0x0497, 0x0497, 0x0497, 0x0497, 0x0497, 0x0497, 0x0497, 0x0497, 0x0497, 0x0497, 0x0497, 0x0497, 0x0497, 0x0000,
0x0000, 0x0000, 0x0000, 0x0000, 0x0000, 0x0000, 0x0000, 0x0000, 0x0000, 0x0000, 0x0000, 0x0000, 0x0000, 0x0000, 0x0000, 0x0000,
0x0000, 0x0000, 0x0000, 0x0000, 0x0000, 0x0000, 0x0000, 0x0000, 0x0000, 0x0000, 0x0000, 0x0000, 0x0000, 0x0000, 0x0000, 0x0000,
0x0000, 0x0000, 0x0000, 0x0000, 0x0000, 0x0000, 0x0478, 0x0497, 0x04d8, 0x0497, 0x0497, 0x0497, 0x0497, 0x0497, 0x0497, 0x0497,
0x0497, 0x0497, 0x0497, 0x0497, 0x0497, 0x0497, 0x04b8, 0x0497, 0x0477, 0x0000, 0x0000, 0x0000, 0x0000, 0x0000, 0x0000, 0x0000,
0x0000, 0x0000, 0x0000, 0x0000, 0x0000, 0x0000, 0x0000, 0x0000, 0x0000, 0x0000, 0x0000, 0x0000, 0x0000, 0x0000, 0x0000, 0x0497,
0x0497, 0x04d8, 0x0497, 0x0497, 0x0497, 0x0497, 0x0497, 0x0497, 0x0497, 0x0497, 0x0497, 0x0497, 0x0497, 0x0497, 0x0497, 0x04b8,
0x0497, 0x04b8, 0x0000, 0x0000, 0x0000, 0x0000, 0x0000, 0x0000, 0x0000, 0x0000, 0x0000, 0x0000, 0x0000, 0x0000, 0x0000, 0x0000,
0x0000, 0x0000, 0x0000, 0x0000, 0x0000, 0x0000, 0x0000, 0x0000, 0x0477, 0x0477, 0x04b8, 0x0497, 0x0497, 0x0497, 0x0497, 0x0497,
0x0497, 0x0497, 0x0497, 0x0497, 0x0497, 0x0497, 0x0497, 0x0497, 0x04b8, 0x0497, 
/* -78- */
0x0000, 0x0000, 0x0000, 0x0000, 0x0000, 0x0000, 0x0000, 0x0000, 0x0000, 0x0000, 0x0000, 0x0000, 0x0000, 0x0000, 0x0000, 0x0000,
0x0000, 0x0000, 0x0000, 0x0000, 0x0477, 0x0497, 0x0497, 0x0497, 0x04b8, 0x0498, 0x0497, 0x0497, 0x0497, 0x0497, 0x0497, 0x0497,
0x0497, 0x0497, 0x0497, 0x0497, 0x0497, 0x0497, 0x0497, 0x0497, 0x0497, 0x0497, 0x0497, 0x0497, 0x0497, 0x04b8, 0x04b8, 0x0497,
0x0477, 0x0497, 0x0000, 0x0000, 0x0000, 0x0000, 0x0000, 0x0000, 0x04d7, 0x0497, 0x04f9, 0x04d8, 0x04d8, 0x04d8, 0x04d8, 0x04d8,
0x04d8, 0x04d8, 0x04d8, 0x04d8, 0x04d8, 0x04d8, 0x04d8, 0x04d8, 0x04f9, 0x0497, 0x03f7, 0x0000, 0x0000, 0x0000, 0x0000, 0x0000,
0x0000, 0x0000, 0x0000, 0x0000, 0x0000, 0x0000, 0x0000, 0x0000, 0x0000, 0x0000, 0x0000, 0x0000, 0x0000, 0x0497, 0x0497, 0x0497,
0x0497, 0x0497, 0x0497, 0x0497, 0x0497, 0x0497, 0x0497, 0x0497, 0x0497, 0x0497, 0x0497, 0x0497, 0x0497, 0x0497, 0x0497, 0x0000,
0x0000, 0x0000, 0x0000, 0x0000, 0x0000, 0x0000, 0x0000, 0x0000, 0x0000, 0x0000, 0x0000, 0x0000, 0x0000, 0x0000, 0x0000, 0x0000,
0x0000, 0x0000, 0x0000, 0x0000, 0x0000, 0x0000, 0x0000, 0x0000, 0x0000, 0x0000, 0x0000, 0x0000, 0x0000, 0x0000, 0x0000, 0x0000,
0x0000, 0x0000, 0x0000, 0x0000, 0x0000, 0x0000, 0x04f7, 0x0497, 0x0498, 0x0497, 0x0497, 0x0497, 0x0497, 0x0497, 0x0497, 0x0497,
0x0497, 0x0497, 0x0497, 0x0497, 0x0497, 0x0497, 0x0497, 0x0497, 0x0497, 0x0000, 0x0000, 0x0000, 0x0000, 0x0000, 0x0000, 0x0000,
0x0000, 0x0000, 0x0000, 0x0000, 0x0000, 0x0000, 0x0000, 0x0000, 0x0000, 0x0000, 0x0000, 0x0000, 0x0000, 0x0000, 0x0000, 0x0476,
0x0497, 0x0497, 0x0497, 0x0497, 0x0497, 0x0497, 0x0497, 0x0497, 0x0497, 0x0497, 0x0497, 0x0497, 0x0497, 0x0497, 0x0497, 0x0497,
0x0497, 0x0477, 0x0000, 0x0000, 0x0000, 0x0000, 0x0000, 0x0000, 0x0000, 0x0000, 0x0000, 0x0000, 0x0000, 0x0000, 0x0000, 0x0000,
0x0000, 0x0000, 0x0000, 0x0000, 0x0000, 0x0000, 0x0000, 0x0000, 0x0498, 0x0497, 0x0497, 0x0497, 0x0497, 0x0497, 0x0497, 0x0497,
0x0497, 0x0497, 0x0497, 0x0497, 0x0497, 0x0497, 0x0497, 0x0497, 0x0497, 0x0497, 
/* -79- */
0x0000, 0x0000, 0x0000, 0x0000, 0x0000, 0x0000, 0x0000, 0x0000, 0x0000, 0x0000, 0x0000, 0x0000, 0x0000, 0x0000, 0x0000, 0x0000,
0x0000, 0x0000, 0x0000, 0x0000, 0x0000, 0x0000, 0x0497, 0x0497, 0x0497, 0x0497, 0x0497, 0x04b8, 0x0497, 0x0497, 0x0497, 0x0497,
0x0497, 0x0497, 0x0497, 0x0497, 0x0497, 0x0497, 0x0497, 0x0497, 0x0497, 0x0497, 0x0497, 0x04b8, 0x0497, 0x0497, 0x0477, 0x0477,
0x0000, 0x0000, 0x0000, 0x0000, 0x0000, 0x0000, 0x0000, 0x0000, 0x04d6, 0x0497, 0x04b8, 0x0497, 0x0497, 0x0497, 0x0497, 0x0497,
0x0497, 0x0497, 0x0497, 0x0497, 0x0497, 0x0497, 0x0497, 0x0497, 0x04b8, 0x0477, 0x03f5, 0x0000, 0x0000, 0x0000, 0x0000, 0x0000,
0x0000, 0x0000, 0x0000, 0x0000, 0x0000, 0x0000, 0x0000, 0x0000, 0x0000, 0x0000, 0x0000, 0x0000, 0x0000, 0x0476, 0x0497, 0x0497,
0x0497, 0x0497, 0x0497, 0x0497, 0x0497, 0x0497, 0x0497, 0x0497, 0x0497, 0x0497, 0x0497, 0x0497, 0x0497, 0x0497, 0x0497, 0x0000,
0x0000, 0x0000, 0x0000, 0x0000, 0x0000, 0x0000, 0x0000, 0x0000, 0x0000, 0x0000, 0x0000, 0x0000, 0x0000, 0x0000, 0x0000, 0x0000,
0x0000, 0x0000, 0x0000, 0x0000, 0x0000, 0x0000, 0x0000, 0x0000, 0x0000, 0x0000, 0x0000, 0x0000, 0x0000, 0x0000, 0x0000, 0x0000,
0x0000, 0x0000, 0x0000, 0x0000, 0x0000, 0x0000, 0x03ef, 0x0477, 0x0477, 0x0497, 0x0497, 0x0497, 0x0497, 0x0497, 0x0497, 0x0497,
0x0497, 0x0497, 0x0497, 0x0497, 0x0497, 0x0497, 0x0477, 0x0497, 0x0478, 0x0000, 0x0000, 0x0000, 0x0000, 0x0000, 0x0000, 0x0000,
0x0000, 0x0000, 0x0000, 0x0000, 0x0000, 0x0000, 0x0000, 0x0000, 0x0000, 0x0000, 0x0000, 0x0000, 0x0000, 0x0000, 0x0000, 0x0555,
0x0497, 0x0477, 0x0497, 0x0497, 0x0497, 0x0497, 0x0497, 0x0497, 0x0497, 0x0497, 0x0497, 0x0497, 0x0497, 0x0497, 0x0497, 0x0477,
0x0497, 0x03f7, 0x0000, 0x0000, 0x0000, 0x0000, 0x0000, 0x0000, 0x0000, 0x0000, 0x0000, 0x0000, 0x0000, 0x0000, 0x0000, 0x0000,
0x0000, 0x0000, 0x0000, 0x0000, 0x0000, 0x0000, 0x0000, 0x0000, 0x045a, 0x0497, 0x0477, 0x0497, 0x0497, 0x0497, 0x0497, 0x0497,
0x0497, 0x0497, 0x0497, 0x0497, 0x0497, 0x0497, 0x0497, 0x0497, 0x0497, 0x0477, 
/* -80- */
0x0000, 0x0000, 0x0000, 0x0000, 0x0000, 0x0000, 0x0000, 0x0000, 0x0000, 0x0000, 0x0000, 0x0000, 0x0000, 0x0000, 0x0000, 0x0000,
0x0000, 0x0000, 0x0000, 0x0000, 0x0000, 0x0000, 0x0000, 0x0000, 0x0496, 0x0476, 0x0498, 0x0497, 0x0497, 0x0497, 0x0477, 0x0497,
0x0497, 0x0497, 0x0497, 0x0497, 0x0497, 0x0497, 0x0497, 0x0497, 0x0497, 0x0497, 0x0497, 0x0497, 0x0477, 0x0477, 0x0000, 0x0000,
0x0000, 0x0000, 0x0000, 0x0000, 0x0000, 0x0000, 0x0000, 0x0000, 0x0000, 0x0000, 0x0000, 0x0000, 0x0000, 0x0000, 0x0000, 0x0000,
0x0000, 0x0000, 0x0000, 0x0000, 0x0000, 0x0000, 0x0000, 0x0000, 0x0000, 0x0000, 0x0000, 0x0000, 0x0000, 0x0000, 0x0000, 0x0000,
0x0000, 0x0000, 0x0000, 0x0000, 0x0000, 0x0000, 0x0000, 0x0000, 0x0000, 0x0000, 0x0000, 0x0000, 0x0000, 0x0000, 0x0000, 0x0000,
0x0000, 0x0000, 0x0000, 0x0000, 0x0000, 0x0000, 0x0000, 0x0000, 0x0000, 0x0000, 0x0000, 0x0000, 0x0000, 0x0000, 0x0000, 0x0000,
0x0000, 0x0000, 0x0000, 0x0000, 0x0000, 0x0000, 0x0000, 0x0000, 0x0000, 0x0000, 0x0000, 0x0000, 0x0000, 0x0000, 0x0000, 0x0000,
0x0000, 0x0000, 0x0000, 0x0000, 0x0000, 0x0000, 0x0000, 0x0000, 0x0000, 0x0000, 0x0000, 0x0000, 0x0000, 0x0000, 0x0000, 0x0000,
0x0000, 0x0000, 0x0000, 0x0000, 0x0000, 0x0000, 0x0000, 0x0000, 0x0000, 0x0000, 0x0000, 0x0000, 0x0000, 0x0000, 0x0000, 0x0000,
0x0000, 0x0000, 0x0000, 0x0000, 0x0000, 0x0000, 0x0000, 0x0000, 0x0000, 0x0000, 0x0000, 0x0000, 0x0000, 0x0000, 0x0000, 0x0000,
0x0000, 0x0000, 0x0000, 0x0000, 0x0000, 0x0000, 0x0000, 0x0000, 0x0000, 0x0000, 0x0000, 0x0000, 0x0000, 0x0000, 0x0000, 0x0000,
0x0000, 0x0000, 0x0000, 0x0000, 0x0000, 0x0000, 0x0000, 0x0000, 0x0000, 0x0000, 0x0000, 0x0000, 0x0000, 0x0000, 0x0000, 0x0000,
0x0000, 0x0000, 0x0000, 0x0000, 0x0000, 0x0000, 0x0000, 0x0000, 0x0000, 0x0000, 0x0000, 0x0000, 0x0000, 0x0000, 0x0000, 0x0000,
0x0000, 0x0000, 0x0000, 0x0000, 0x0000, 0x0000, 0x0000, 0x0000, 0x0000, 0x0000, 0x0000, 0x0000, 0x0000, 0x0000, 0x0000, 0x0000,
0x0000, 0x0000, 0x0000, 0x0000, 0x0000, 0x0000, 0x0000, 0x0000, 0x0000, 0x0000, 
};

ARM_SECTION("arm2d.asset.c_bmpArmLogoCCCA8888")
const uint32_t c_bmpArmLogoCCCA8888[250*81] = {
/* -0- */
0x00000000, 0x00000000, 0x00000000, 0x00000000, 0x00000000, 0x00000000, 0x00000000, 0x00000000, 0x00000000, 0x00000000, 0x00000000, 0x00000000, 0x00000000, 0x00000000, 0x00000000, 0x00000000,
0x00000000, 0x00000000, 0x00000000, 0x00000000, 0x00000000, 0x00000000, 0x00000000, 0x00000000, 0x00000000, 0x00000000, 0x00000000, 0x00000000, 0x00000000, 0x00000000, 0x00000000, 0x00000000,
0x00000000, 0x00000000, 0x00000000, 0x00000000, 0x00000000, 0x00000000, 0x00000000, 0x00000000, 0x00000000, 0x00000000, 0x00000000, 0x00000000, 0x00000000, 0x00000000, 0x00000000, 0x00000000,
0x00000000, 0x00000000, 0x00000000, 0x00000000, 0x00000000, 0x00000000, 0x00000000, 0x00000000, 0x00000000, 0x00000000, 0x00000000, 0x00000000, 0x00000000, 0x00000000, 0x00000000, 0x00000000,
0x00000000, 0x00000000, 0x00000000, 0x00000000, 0x00000000, 0x00000000, 0x00000000, 0x00000000, 0x00000000, 0x00000000, 0x00000000, 0x00000000, 0x00000000, 0x00000000, 0x00000000, 0x00000000,
0x00000000, 0x00000000, 0x00000000, 0x00000000, 0x00000000, 0x00000000, 0x00000000, 0x00000000, 0x00000000, 0x00000000, 0x00000000, 0x00000000, 0x00000000, 0x00000000, 0x00000000, 0x00000000,
0x00000000, 0x00000000, 0x00000000, 0x00000000, 0x00000000, 0x00000000, 0x00000000, 0x00000000, 0x00000000, 0x00000000, 0x00000000, 0x00000000, 0x00000000, 0x00000000, 0x00000000, 0x00000000,
0x00000000, 0x00000000, 0x00000000, 0x00000000, 0x00000000, 0x00000000, 0x00000000, 0x00000000, 0x00000000, 0x00000000, 0x00000000, 0x00000000, 0x00000000, 0x00000000, 0x00000000, 0x00000000,
0x00000000, 0x00000000, 0x00000000, 0x00000000, 0x00000000, 0x00000000, 0x00000000, 0x00000000, 0x00000000, 0x00000000, 0x00000000, 0x00000000, 0x00000000, 0x00000000, 0x00000000, 0x00000000,
0x00000000, 0x00000000, 0x00000000, 0x00000000, 0x00000000, 0x00000000, 0x00000000, 0x00000000, 0x00000000, 0x00000000, 0x00000000, 0x00000000, 0x00000000, 0x00000000, 0x00000000, 0x00000000,
0x00000000, 0x00000000, 0x00000000, 0x00000000, 0x00000000, 0x00000000, 0x00000000, 0x00000000, 0x00000000, 0x00000000, 0x00000000, 0x00000000, 0x00000000, 0x00000000, 0x00000000, 0x00000000,
0x00000000, 0x00000000, 0x00000000, 0x00000000, 0x00000000, 0x00000000, 0x00000000, 0x00000000, 0x00000000, 0x00000000, 0x00000000, 0x00000000, 0x00000000, 0x00000000, 0x00000000, 0x00000000,
0x00000000, 0x00000000, 0x00000000, 0x00000000, 0x00000000, 0x00000000, 0x00000000, 0x00000000, 0x00000000, 0x00000000, 0x00000000, 0x00000000, 0x00000000, 0x00000000, 0x00000000, 0x00000000,
0x00000000, 0x00000000, 0x00000000, 0x00000000, 0x00000000, 0x00000000, 0x00000000, 0x00000000, 0x00000000, 0x00000000, 0x00000000, 0x00000000, 0x00000000, 0x00000000, 0x00000000, 0x00000000,
0x00000000, 0x00000000, 0x00000000, 0x00000000, 0x00000000, 0x00000000, 0x00000000, 0x00000000, 0x00000000, 0x00000000, 0x00000000, 0x00000000, 0x00000000, 0x00000000, 0x00000000, 0x00000000,
0x00000000, 0x00000000, 0x00000000, 0x00000000, 0x00000000, 0x00000000, 0x00000000, 0x00000000, 0x00000000, 0x00000000, 
/* -1- */
0x00000000, 0x00000000, 0x00000000, 0x00000000, 0x00000000, 0x00000000, 0x00000000, 0x00000000, 0x00000000, 0x00000000, 0x00000000, 0x00000000, 0x00000000, 0x00000000, 0x00000000, 0x00000000,
0x00000000, 0x00000000, 0x00000000, 0x00000000, 0x00000000, 0x00000000, 0x00000000, 0x00000000, 0x00000000, 0x00000000, 0x00000000, 0x00000000, 0x00000000, 0x00000000, 0x00000000, 0x00000000,
0x00000000, 0x00000000, 0x00000000, 0x00000000, 0x00000000, 0x00000000, 0x00000000, 0x00000000, 0x00000000, 0x00000000, 0x00000000, 0x00000000, 0x00000000, 0x00000000, 0x00000000, 0x00000000,
0x00000000, 0x00000000, 0x00000000, 0x00000000, 0x00000000, 0x00000000, 0x00000000, 0x00000000, 0x00000000, 0x00000000, 0x00000000, 0x00000000, 0x00000000, 0x00000000, 0x00000000, 0x00000000,
0x00000000, 0x00000000, 0x00000000, 0x00000000, 0x00000000, 0x00000000, 0x00000000, 0x00000000, 0x00000000, 0x00000000, 0x00000000, 0x00000000, 0x00000000, 0x00000000, 0x00000000, 0x00000000,
0x00000000, 0x00000000, 0x00000000, 0x00000000, 0x00000000, 0x00000000, 0x00000000, 0x00000000, 0x00000000, 0x00000000, 0x00000000, 0x00000000, 0x00000000, 0x00000000, 0x00000000, 0x00000000,
0x00000000, 0x00000000, 0x00000000, 0x00000000, 0x00000000, 0x00000000, 0x00000000, 0x00000000, 0x00000000, 0x00000000, 0x00000000, 0x00000000, 0x00000000, 0x00000000, 0x00000000, 0x00000000,
0x00000000, 0x00000000, 0x00000000, 0x00000000, 0x00000000, 0x00000000, 0x00000000, 0x00000000, 0x00000000, 0x00000000, 0x00000000, 0x00000000, 0x00000000, 0x00000000, 0x00000000, 0x00000000,
0x00000000, 0x00000000, 0x00000000, 0x00000000, 0x00000000, 0x00000000, 0x00000000, 0x00000000, 0x00000000, 0x00000000, 0x00000000, 0x00000000, 0x00000000, 0x00000000, 0x00000000, 0x00000000,
0x00000000, 0x00000000, 0x00000000, 0x00000000, 0x00000000, 0x00000000, 0x00000000, 0x00000000, 0x00000000, 0x00000000, 0x00000000, 0x00000000, 0x00000000, 0x00000000, 0x00000000, 0x00000000,
0x00000000, 0x00000000, 0x00000000, 0x00000000, 0x00000000, 0x00000000, 0x00000000, 0x00000000, 0x00000000, 0x00000000, 0x00000000, 0x00000000, 0x00000000, 0x00000000, 0x00000000, 0x00000000,
0x00000000, 0x00000000, 0x00000000, 0x00000000, 0x00000000, 0x00000000, 0x00000000, 0x00000000, 0x00000000, 0x00000000, 0x00000000, 0x00000000, 0x00000000, 0x00000000, 0x00000000, 0x00000000,
0x00000000, 0x00000000, 0x00000000, 0x00000000, 0x00000000, 0x00000000, 0x00000000, 0x00000000, 0x00000000, 0x00000000, 0x00000000, 0x00000000, 0x00000000, 0x00000000, 0x00000000, 0x00000000,
0x00000000, 0x00000000, 0x00000000, 0x00000000, 0x00000000, 0x00000000, 0x00000000, 0x00000000, 0x00000000, 0x00000000, 0x00000000, 0x00000000, 0x00000000, 0x00000000, 0x00000000, 0x00000000,
0x00000000, 0x00000000, 0x00000000, 0x00000000, 0x00000000, 0x00000000, 0x00000000, 0x00000000, 0x00000000, 0x00000000, 0x00000000, 0x00000000, 0x00000000, 0x00000000, 0x00000000, 0x00000000,
0x00000000, 0x00000000, 0x00000000, 0x00000000, 0x00000000, 0x00000000, 0x00000000, 0x00000000, 0x00000000, 0x00000000, 
/* -2- */
0x00000000, 0x00000000, 0x00000000, 0x00000000, 0x00000000, 0x00000000, 0x00000000, 0x00000000, 0x00000000, 0x00000000, 0x00000000, 0x00000000, 0x00000000, 0x00000000, 0x00000000, 0x00000000,
0x00000000, 0x00000000, 0x00000000, 0x00000000, 0x00000000, 0x00000000, 0x00000000, 0x00000000, 0x00000000, 0x00000000, 0x00000000, 0x00000000, 0x00000000, 0x00000000, 0x00000000, 0x00000000,
0x00000000, 0x00000000, 0x00000000, 0x00000000, 0x00000000, 0x00000000, 0x00000000, 0x00000000, 0x00000000, 0x00000000, 0x00000000, 0x00000000, 0x00000000, 0x00000000, 0x00000000, 0x00000000,
0x00000000, 0x00000000, 0x00000000, 0x00000000, 0x00000000, 0x00000000, 0x00000000, 0x00000000, 0x00000000, 0x00000000, 0x00000000, 0x00000000, 0x00000000, 0x00000000, 0x00000000, 0x00000000,
0x00000000, 0x00000000, 0x00000000, 0x00000000, 0x00000000, 0x00000000, 0x00000000, 0x00000000, 0x00000000, 0x00000000, 0x00000000, 0x00000000, 0x00000000, 0x00000000, 0x00000000, 0x00000000,
0x00000000, 0x00000000, 0x00000000, 0x00000000, 0x00000000, 0x00000000, 0x00000000, 0x00000000, 0x00000000, 0x00000000, 0x00000000, 0x00000000, 0x00000000, 0x00000000, 0x00000000, 0x00000000,
0x00000000, 0x00000000, 0x00000000, 0x00000000, 0x00000000, 0x00000000, 0x00000000, 0x00000000, 0x00000000, 0x00000000, 0x00000000, 0x00000000, 0x00000000, 0x00000000, 0x00000000, 0x00000000,
0x00000000, 0x00000000, 0x00000000, 0x00000000, 0x00000000, 0x00000000, 0x00000000, 0x00000000, 0x00000000, 0x00000000, 0x00000000, 0x00000000, 0x00000000, 0x00000000, 0x00000000, 0x00000000,
0x00000000, 0x00000000, 0x00000000, 0x00000000, 0x00000000, 0x00000000, 0x00000000, 0x00000000, 0x00000000, 0x00000000, 0x00000000, 0x00000000, 0x00000000, 0x00000000, 0x00000000, 0x00000000,
0x00000000, 0x00000000, 0x00000000, 0x00000000, 0x00000000, 0x00000000, 0x00000000, 0x00000000, 0x00000000, 0x00000000, 0x00000000, 0x00000000, 0x00000000, 0x00000000, 0x00000000, 0x00000000,
0x00000000, 0x00000000, 0x00000000, 0x00000000, 0x00000000, 0x00000000, 0x00000000, 0x00000000, 0x00000000, 0x00000000, 0x00000000, 0x00000000, 0x00000000, 0x00000000, 0x00000000, 0x00000000,
0x00000000, 0x00000000, 0x00000000, 0x00000000, 0x00000000, 0x00000000, 0x00000000, 0x00000000, 0x00000000, 0x00000000, 0x00000000, 0x00000000, 0x00000000, 0x00000000, 0x00000000, 0x00000000,
0x00000000, 0x00000000, 0x00000000, 0x00000000, 0x00000000, 0x00000000, 0x00000000, 0x00000000, 0x00000000, 0x00000000, 0x00000000, 0x00000000, 0x00000000, 0x00000000, 0x00000000, 0x00000000,
0x00000000, 0x00000000, 0x00000000, 0x00000000, 0x00000000, 0x00000000, 0x00000000, 0x00000000, 0x00000000, 0x00000000, 0x00000000, 0x00000000, 0x00000000, 0x00000000, 0x00000000, 0x00000000,
0x00000000, 0x00000000, 0x00000000, 0x00000000, 0x00000000, 0x00000000, 0x00000000, 0x00000000, 0x00000000, 0x00000000, 0x00000000, 0x00000000, 0x00000000, 0x00000000, 0x00000000, 0x00000000,
0x00000000, 0x00000000, 0x00000000, 0x00000000, 0x00000000, 0x00000000, 0x00000000, 0x00000000, 0x00000000, 0x00000000, 
/* -3- */
0x00000000, 0x00000000, 0x00000000, 0x00000000, 0x00000000, 0x00000000, 0x00000000, 0x00000000, 0x00000000, 0x00000000, 0x00000000, 0x00000000, 0x00000000, 0x00000000, 0x00000000, 0x00000000,
0x00000000, 0x00000000, 0x00000000, 0x00000000, 0x00000000, 0x00000000, 0x00000000, 0x00000000, 0x00000000, 0x00000000, 0x00000000, 0x00000000, 0x00000000, 0x00000000, 0x00000000, 0x00000000,
0x00000000, 0x00000000, 0x00000000, 0x00000000, 0x00000000, 0x00000000, 0x00000000, 0x00000000, 0x00000000, 0x00000000, 0x00000000, 0x00000000, 0x00000000, 0x00000000, 0x00000000, 0x00000000,
0x00000000, 0x00000000, 0x00000000, 0x00000000, 0x00000000, 0x00000000, 0x00000000, 0x00000000, 0x00000000, 0x00000000, 0x00000000, 0x00000000, 0x00000000, 0x00000000, 0x00000000, 0x00000000,
0x00000000, 0x00000000, 0x00000000, 0x00000000, 0x00000000, 0x00000000, 0x00000000, 0x00000000, 0x00000000, 0x00000000, 0x00000000, 0x00000000, 0x00000000, 0x00000000, 0x00000000, 0x00000000,
0x00000000, 0x00000000, 0x00000000, 0x00000000, 0x00000000, 0x00000000, 0x00000000, 0x00000000, 0x00000000, 0x00000000, 0x00000000, 0x00000000, 0x00000000, 0x00000000, 0x00000000, 0x00000000,
0x00000000, 0x00000000, 0x00000000, 0x00000000, 0x00000000, 0x00000000, 0x00000000, 0x00000000, 0x00000000, 0x00000000, 0x00000000, 0x00000000, 0x00000000, 0x00000000, 0x00000000, 0x00000000,
0x00000000, 0x00000000, 0x00000000, 0x00000000, 0x00000000, 0x00000000, 0x00000000, 0x00000000, 0x00000000, 0x00000000, 0x00000000, 0x00000000, 0x00000000, 0x00000000, 0x00000000, 0x00000000,
0x00000000, 0x00000000, 0x00000000, 0x00000000, 0x00000000, 0x00000000, 0x00000000, 0x00000000, 0x00000000, 0x00000000, 0x00000000, 0x00000000, 0x00000000, 0x00000000, 0x00000000, 0x00000000,
0x00000000, 0x00000000, 0x00000000, 0x00000000, 0x00000000, 0x00000000, 0x00000000, 0x00000000, 0x00000000, 0x00000000, 0x00000000, 0x00000000, 0x00000000, 0x00000000, 0x00000000, 0x00000000,
0x00000000, 0x00000000, 0x00000000, 0x00000000, 0x00000000, 0x00000000, 0x00000000, 0x00000000, 0x00000000, 0x00000000, 0x00000000, 0x00000000, 0x00000000, 0x00000000, 0x00000000, 0x00000000,
0x00000000, 0x00000000, 0x00000000, 0x00000000, 0x00000000, 0x00000000, 0x00000000, 0x00000000, 0x00000000, 0x00000000, 0x00000000, 0x00000000, 0x00000000, 0x00000000, 0x00000000, 0x00000000,
0x00000000, 0x00000000, 0x00000000, 0x00000000, 0x00000000, 0x00000000, 0x00000000, 0x00000000, 0x00000000, 0x00000000, 0x00000000, 0x00000000, 0x00000000, 0x00000000, 0x00000000, 0x00000000,
0x00000000, 0x00000000, 0x00000000, 0x00000000, 0x00000000, 0x00000000, 0x00000000, 0x00000000, 0x00000000, 0x00000000, 0x00000000, 0x00000000, 0x00000000, 0x00000000, 0x00000000, 0x00000000,
0x00000000, 0x00000000, 0x00000000, 0x00000000, 0x00000000, 0x00000000, 0x00000000, 0x00000000, 0x00000000, 0x00000000, 0x00000000, 0x00000000, 0x00000000, 0x00000000, 0x00000000, 0x00000000,
0x00000000, 0x00000000, 0x00000000, 0x00000000, 0x00000000, 0x00000000, 0x00000000, 0x00000000, 0x00000000, 0x00000000, 
/* -4- */
0x00000000, 0x00000000, 0x00000000, 0x00000000, 0x00000000, 0x00000000, 0x00000000, 0x00000000, 0x00000000, 0x00000000, 0x00000000, 0x00000000, 0x00000000, 0x00000000, 0x00000000, 0x00000000,
0x00000000, 0x00000000, 0x00000000, 0x00000000, 0x00000000, 0x00000000, 0x00000000, 0x00000000, 0x00000000, 0x00000000, 0x00000000, 0x00000000, 0x00000000, 0x00000000, 0x00000000, 0x00000000,
0x00000000, 0x00000000, 0x00000000, 0x00000000, 0x00000000, 0x00000000, 0x00000000, 0x00000000, 0x00000000, 0x00000000, 0x00000000, 0x00000000, 0x00000000, 0x00000000, 0x00000000, 0x00000000,
0x00000000, 0x00000000, 0x00000000, 0x00000000, 0x00000000, 0x00000000, 0x00000000, 0x00000000, 0x00000000, 0x00000000, 0x00000000, 0x00000000, 0x00000000, 0x00000000, 0x00000000, 0x00000000,
0x00000000, 0x00000000, 0x00000000, 0x00000000, 0x00000000, 0x00000000, 0x00000000, 0x00000000, 0x00000000, 0x00000000, 0x00000000, 0x00000000, 0x00000000, 0x00000000, 0x00000000, 0x00000000,
0x00000000, 0x00000000, 0x00000000, 0x00000000, 0x00000000, 0x00000000, 0x00000000, 0x00000000, 0x00000000, 0x00000000, 0x00000000, 0x00000000, 0x00000000, 0x00000000, 0x00000000, 0x00000000,
0x00000000, 0x00000000, 0x00000000, 0x00000000, 0x00000000, 0x00000000, 0x00000000, 0x00000000, 0x00000000, 0x00000000, 0x00000000, 0x00000000, 0x00000000, 0x00000000, 0x00000000, 0x00000000,
0x00000000, 0x00000000, 0x00000000, 0x00000000, 0x00000000, 0x00000000, 0x00000000, 0x00000000, 0x00000000, 0x00000000, 0x00000000, 0x00000000, 0x00000000, 0x00000000, 0x00000000, 0x00000000,
0x00000000, 0x00000000, 0x00000000, 0x00000000, 0x00000000, 0x00000000, 0x00000000, 0x00000000, 0x00000000, 0x00000000, 0x00000000, 0x00000000, 0x00000000, 0x00000000, 0x00000000, 0x00000000,
0x00000000, 0x00000000, 0x00000000, 0x00000000, 0x00000000, 0x00000000, 0x00000000, 0x00000000, 0x00000000, 0x00000000, 0x00000000, 0x00000000, 0x00000000, 0x00000000, 0x00000000, 0x00000000,
0x00000000, 0x00000000, 0x00000000, 0x00000000, 0x00000000, 0x00000000, 0x00000000, 0x00000000, 0x00000000, 0x00000000, 0x00000000, 0x00000000, 0x00000000, 0x00000000, 0x00000000, 0x00000000,
0x00000000, 0x00000000, 0x00000000, 0x00000000, 0x00000000, 0x00000000, 0x00000000, 0x00000000, 0x00000000, 0x00000000, 0x00000000, 0x00000000, 0x00000000, 0x00000000, 0x00000000, 0x00000000,
0x00000000, 0x00000000, 0x00000000, 0x00000000, 0x00000000, 0x00000000, 0x00000000, 0x00000000, 0x00000000, 0x00000000, 0x00000000, 0x00000000, 0x00000000, 0x00000000, 0x00000000, 0x00000000,
0x00000000, 0x00000000, 0x00000000, 0x00000000, 0x00000000, 0x00000000, 0x00000000, 0x00000000, 0x00000000, 0x00000000, 0x00000000, 0x00000000, 0x00000000, 0x00000000, 0x00000000, 0x00000000,
0x00000000, 0x00000000, 0x00000000, 0x00000000, 0x00000000, 0x00000000, 0x00000000, 0x00000000, 0x00000000, 0x00000000, 0x00000000, 0x00000000, 0x00000000, 0x00000000, 0x00000000, 0x00000000,
0x00000000, 0x00000000, 0x00000000, 0x00000000, 0x00000000, 0x00000000, 0x00000000, 0x00000000, 0x00000000, 0x00000000, 
/* -5- */
0x00000000, 0x00000000, 0x00000000, 0x00000000, 0x00000000, 0x00000000, 0x00000000, 0x00000000, 0x00000000, 0x00000000, 0x00000000, 0x00000000, 0x00000000, 0x00000000, 0x00000000, 0x00000000,
0x00000000, 0x00000000, 0x00000000, 0x00000000, 0x00000000, 0x00000000, 0x00000000, 0x00000000, 0x00000000, 0x00000000, 0x00000000, 0x00000000, 0x0300aaaa, 0x0e0091b6, 0x16008bb9, 0x1e0090bb,
0x2a0097c2, 0x3b008eb9, 0x460091bd, 0x4f0091be, 0x510090c0, 0x47008fba, 0x3e0094c1, 0x2a008bbc, 0x1b008dbc, 0x12008dc6, 0x070091b6, 0x00000000, 0x00000000, 0x00000000, 0x00000000, 0x00000000,
0x00000000, 0x00000000, 0x00000000, 0x00000000, 0x00000000, 0x00000000, 0x00000000, 0x00000000, 0x00000000, 0x00000000, 0x00000000, 0x00000000, 0x00000000, 0x00000000, 0x00000000, 0x00000000,
0x00000000, 0x00000000, 0x00000000, 0x00000000, 0x00000000, 0x00000000, 0x00000000, 0x00000000, 0x00000000, 0x00000000, 0x00000000, 0x00000000, 0x00000000, 0x00000000, 0x00000000, 0x00000000,
0x00000000, 0x00000000, 0x00000000, 0x00000000, 0x00000000, 0x00000000, 0x00000000, 0x00000000, 0x00000000, 0x00000000, 0x00000000, 0x00000000, 0x00000000, 0x00000000, 0x00000000, 0x00000000,
0x00000000, 0x00000000, 0x00000000, 0x00000000, 0x00000000, 0x00000000, 0x00000000, 0x00000000, 0x00000000, 0x00000000, 0x00000000, 0x00000000, 0x00000000, 0x00000000, 0x00000000, 0x00000000,
0x00000000, 0x00000000, 0x00000000, 0x00000000, 0x00000000, 0x00000000, 0x00000000, 0x00000000, 0x00000000, 0x0f0088bb, 0x1d0095c1, 0x360092bc, 0x5d0091bd, 0x720091bb, 0x780090bd, 0x79008fbd,
0x710090bd, 0x680090bc, 0x5b008ebb, 0x3e0094bd, 0x1e0090c3, 0x140099bf, 0x08007fbf, 0x00000000, 0x00000000, 0x00000000, 0x00000000, 0x00000000, 0x00000000, 0x00000000, 0x00000000, 0x00000000,
0x00000000, 0x00000000, 0x00000000, 0x00000000, 0x00000000, 0x00000000, 0x00000000, 0x00000000, 0x00000000, 0x00000000, 0x00000000, 0x00000000, 0x00000000, 0x00000000, 0x00000000, 0x00000000,
0x00000000, 0x00000000, 0x00000000, 0x00000000, 0x00000000, 0x00000000, 0x00000000, 0x00000000, 0x00000000, 0x00000000, 0x00000000, 0x00000000, 0x00000000, 0x00000000, 0x00000000, 0x00000000,
0x00000000, 0x00000000, 0x00000000, 0x070091b6, 0x170090bc, 0x230091bd, 0x43008cba, 0x630090be, 0x6f0090bc, 0x79008fbb, 0x740091bd, 0x65008fbd, 0x550090ba, 0x2e0090bc, 0x1b008dbc, 0x0e0091c8,
0x00000000, 0x00000000, 0x00000000, 0x00000000, 0x00000000, 0x00000000, 0x00000000, 0x00000000, 0x00000000, 0x00000000, 0x00000000, 0x00000000, 0x00000000, 0x00000000, 0x00000000, 0x00000000,
0x00000000, 0x00000000, 0x00000000, 0x00000000, 0x00000000, 0x00000000, 0x00000000, 0x00000000, 0x00000000, 0x00000000, 0x09008daa, 0x170090bc, 0x210092b9, 0x3c0090bb, 0x600092bf, 0x6a0092be,
0x750092bd, 0x79008fbd, 0x75008fbd, 0x6c0090bc, 0x600092bf, 0x3d0092bc, 0x1f0094bd, 0x150091c2, 0x06007faa, 0x00000000, 0x00000000, 0x00000000, 0x00000000, 0x00000000, 0x00000000, 0x00000000,
0x00000000, 0x00000000, 0x00000000, 0x00000000, 0x00000000, 0x00000000, 0x00000000, 0x00000000, 0x00000000, 0x00000000, 
/* -6- */
0x00000000, 0x00000000, 0x00000000, 0x00000000, 0x00000000, 0x00000000, 0x00000000, 0x00000000, 0x00000000, 0x00000000, 0x00000000, 0x00000000, 0x00000000, 0x00000000, 0x00000000, 0x00000000,
0x00000000, 0x00000000, 0x00000000, 0x00000000, 0x00000000, 0x00000000, 0x00000000, 0x00000000, 0x00000000, 0x14008cbf, 0x320093bc, 0x510090bc, 0x830091be, 0xaf0091bd, 0xd00090bc, 0xf20091bc,
0xff0095c2, 0xff0095c2, 0xff0095c2, 0xff0094c1, 0xff0094c1, 0xff0095c2, 0xff0095c2, 0xff0093c0, 0xe60091bc, 0xc20090bd, 0x920090bc, 0x560091bd, 0x32008ebc, 0x0c0094aa, 0x00000000, 0x00000000,
0x00000000, 0x00000000, 0x00000000, 0x00000000, 0x00000000, 0x00000000, 0x00000000, 0x00000000, 0x00000000, 0x00000000, 0x00000000, 0x00000000, 0x00000000, 0x00000000, 0x00000000, 0x00000000,
0x00000000, 0x00000000, 0x00000000, 0x00000000, 0x00000000, 0x00000000, 0x00000000, 0x00000000, 0x00000000, 0x00000000, 0x00000000, 0x00000000, 0x00000000, 0x00000000, 0x00000000, 0x00000000,
0x00000000, 0x00000000, 0x00000000, 0x00000000, 0x00000000, 0x00000000, 0x00000000, 0x00000000, 0x00000000, 0x00000000, 0x00000000, 0x00000000, 0x00000000, 0x00000000, 0x00000000, 0x00000000,
0x00000000, 0x00000000, 0x00000000, 0x00000000, 0x00000000, 0x00000000, 0x00000000, 0x00000000, 0x00000000, 0x00000000, 0x00000000, 0x00000000, 0x00000000, 0x00000000, 0x00000000, 0x00000000,
0x00000000, 0x00000000, 0x00000000, 0x00000000, 0x00000000, 0x00000000, 0x0600aad4, 0x360092bc, 0x6d0091bd, 0xb40090bc, 0xf00090bd, 0xff0095c2, 0xff0094c1, 0xff0094c1, 0xff0094c1, 0xff0094c1,
0xff0094c1, 0xff0094c1, 0xff0094c1, 0xff0095c2, 0xf30090bd, 0xca0091bc, 0x960092be, 0x54008ebc, 0x290095c0, 0x04007fbf, 0x00000000, 0x00000000, 0x00000000, 0x00000000, 0x00000000, 0x00000000,
0x00000000, 0x00000000, 0x00000000, 0x00000000, 0x00000000, 0x00000000, 0x00000000, 0x00000000, 0x00000000, 0x00000000, 0x00000000, 0x00000000, 0x00000000, 0x00000000, 0x00000000, 0x00000000,
0x00000000, 0x00000000, 0x00000000, 0x00000000, 0x00000000, 0x00000000, 0x00000000, 0x00000000, 0x00000000, 0x00000000, 0x00000000, 0x00000000, 0x00000000, 0x00000000, 0x00000000, 0x00000000,
0x00000000, 0x29008fba, 0x59008fbd, 0x95008fbd, 0xd40091bc, 0xfc0090bd, 0xff0095c3, 0xff0094c1, 0xff0094c1, 0xff0094c1, 0xff0094c1, 0xff0094c1, 0xff0094c1, 0xff0094c0, 0xe40090bd, 0xb10091be,
0x690091bf, 0x36008dbc, 0x09008daa, 0x00000000, 0x00000000, 0x00000000, 0x00000000, 0x00000000, 0x00000000, 0x00000000, 0x00000000, 0x00000000, 0x00000000, 0x00000000, 0x00000000, 0x00000000,
0x00000000, 0x00000000, 0x00000000, 0x00000000, 0x00000000, 0x00000000, 0x00000000, 0x070091b6, 0x320093bc, 0x5c0090bc, 0x9a0090be, 0xd50090bb, 0xf90091bc, 0xff0095c3, 0xff0094c1, 0xff0094c1,
0xff0094c1, 0xff0094c1, 0xff0094c1, 0xff0094c1, 0xff0094c1, 0xff0095c2, 0xf70090bc, 0xcd0091bd, 0x8e0093be, 0x4f0091be, 0x27008fbd, 0x00000000, 0x00000000, 0x00000000, 0x00000000, 0x00000000,
0x00000000, 0x00000000, 0x00000000, 0x00000000, 0x00000000, 0x00000000, 0x00000000, 0x00000000, 0x00000000, 0x00000000, 
/* -7- */
0x00000000, 0x00000000, 0x00000000, 0x00000000, 0x00000000, 0x00000000, 0x00000000, 0x00000000, 0x00000000, 0x00000000, 0x00000000, 0x00000000, 0x00000000, 0x00000000, 0x00000000, 0x00000000,
0x00000000, 0x00000000, 0x00000000, 0x00000000, 0x00000000, 0x00000000, 0x05009999, 0x3d008ebc, 0x780090bd, 0xb30091bd, 0xe40091bd, 0xff0095c3, 0xff0097c5, 0xff0095c2, 0xff0093c0, 0xff0092be,
0xff0091bd, 0xff0091bd, 0xff0091bd, 0xff0091bd, 0xff0091bd, 0xff0091bd, 0xff0091bd, 0xff0091bd, 0xff0092bf, 0xff0094c1, 0xff0097c4, 0xff0096c4, 0xe30090bc, 0xa60090bb, 0x5f0090be, 0x180094bf,
0x00000000, 0x00000000, 0x00000000, 0x00000000, 0x00000000, 0x00000000, 0x00000000, 0x00000000, 0x0c0094bf, 0x550090bd, 0x76008ebc, 0x72008fbb, 0x72008fbb, 0x72008fbb, 0x72008fbb, 0x72008fbb,
0x72008fbb, 0x72008fbb, 0x72008fbb, 0x72008fbb, 0x72008fbb, 0x72008fbb, 0x72008fbb, 0x72008fbb, 0x75008fbb, 0x520092bd, 0x08007fbf, 0x00000000, 0x00000000, 0x00000000, 0x00000000, 0x00000000,
0x00000000, 0x00000000, 0x00000000, 0x00000000, 0x00000000, 0x00000000, 0x00000000, 0x00000000, 0x00000000, 0x00000000, 0x00000000, 0x00000000, 0x00000000, 0x3b008eb9, 0x8a0090bc, 0x8e0091be,
0x8e0091bc, 0x8e0091bc, 0x8e0091bc, 0x8e0091bc, 0x8e0091bc, 0x8e0091bc, 0x8e0091bc, 0x8e0091bc, 0x8e0091bc, 0x8e0091bc, 0x8e0091bc, 0x8e0091bc, 0x8e0091bc, 0x8e008fbc, 0x31008cbb, 0x00000000,
0x00000000, 0x00000000, 0x00000000, 0x00000000, 0x00000000, 0x47008fba, 0x9b0090bd, 0xeb0091bc, 0xff0098c6, 0xff0095c2, 0xff0092be, 0xff0091bd, 0xff0091bd, 0xff0091bd, 0xff0091bd, 0xff0091bd,
0xff0091bd, 0xff0091bd, 0xff0091bd, 0xff0091bd, 0xff0092be, 0xff0094c1, 0xff0097c4, 0xff0095c2, 0xd60091bd, 0x970091bd, 0x470093be, 0x00000000, 0x00000000, 0x00000000, 0x00000000, 0x00000000,
0x00000000, 0x00000000, 0x00000000, 0x00000000, 0x00000000, 0x00000000, 0x0300aaff, 0x50008fbc, 0x8f0095c2, 0x8e0091bc, 0x8e0091bc, 0x8e0091bc, 0x8e0091bc, 0x8e0091bc, 0x8e0091bc, 0x8e0091bc,
0x8e0091bc, 0x8e0091bc, 0x8e0091bc, 0x8e0091bc, 0x8e0091bc, 0x8e0091bc, 0x8f0092c0, 0x7b0091bc, 0x1a0093ba, 0x00000000, 0x00000000, 0x00000000, 0x00000000, 0x00000000, 0x00000000, 0x3c0090bb,
0x8a0091be, 0xd50090bd, 0xff0096c3, 0xff0097c5, 0xff0093c0, 0xff0091be, 0xff0091bd, 0xff0091bd, 0xff0091bd, 0xff0091bd, 0xff0091bd, 0xff0091bd, 0xff0091bd, 0xff0091bd, 0xff0093bf, 0xff0095c2,
0xff0097c5, 0xea0090bc, 0xa10091bc, 0x4d0091bc, 0x070091b6, 0x00000000, 0x00000000, 0x00000000, 0x00000000, 0x00000000, 0x00000000, 0x00000000, 0x00000000, 0x00000000, 0x00000000, 0x00000000,
0x00000000, 0x00000000, 0x00000000, 0x00000000, 0x00000000, 0x10008fbf, 0x550090bd, 0x9d0090bc, 0xe40091bd, 0xff0097c4, 0xff0096c4, 0xff0093c0, 0xff0092be, 0xff0091bd, 0xff0091bd, 0xff0091bd,
0xff0091bd, 0xff0091bd, 0xff0091bd, 0xff0091bd, 0xff0091bd, 0xff0091bd, 0xff0092be, 0xff0094c0, 0xff0097c5, 0xff0094c0, 0xd20091be, 0x850091bb, 0x360092bc, 0x00000000, 0x00000000, 0x00000000,
0x00000000, 0x00000000, 0x00000000, 0x00000000, 0x00000000, 0x00000000, 0x00000000, 0x00000000, 0x00000000, 0x00000000, 
/* -8- */
0x00000000, 0x00000000, 0x00000000, 0x00000000, 0x00000000, 0x00000000, 0x00000000, 0x00000000, 0x00000000, 0x00000000, 0x00000000, 0x00000000, 0x00000000, 0x00000000, 0x00000000, 0x00000000,
0x00000000, 0x00000000, 0x00000000, 0x00000000, 0x0100ffff, 0x550090bd, 0xb00090bc, 0xe10092bf, 0xff0095c3, 0xff0097c4, 0xff0093c0, 0xff0091bd, 0xff0091bd, 0xff0091bd, 0xff0091bd, 0xff0091bd,
0xff0091bd, 0xff0091bd, 0xff0091bd, 0xff0091bd, 0xff0091bd, 0xff0091bd, 0xff0091bd, 0xff0091bd, 0xff0091bd, 0xff0091bd, 0xff0091bd, 0xff0091bd, 0xff0094c0, 0xff0097c5, 0xfa0090bc, 0xc70092bd,
0x72008fbe, 0x0b008bb9, 0x00000000, 0x00000000, 0x00000000, 0x00000000, 0x00000000, 0x00000000, 0x1b0097bc, 0xc40091bc, 0xff009bca, 0xff0096c3, 0xff0096c3, 0xff0096c3, 0xff0096c3, 0xff0096c3,
0xff0096c3, 0xff0096c3, 0xff0096c3, 0xff0096c3, 0xff0096c3, 0xff0096c3, 0xff0096c3, 0xff0096c3, 0xff009ac8, 0xbd0091be, 0x12008db8, 0x00000000, 0x00000000, 0x00000000, 0x00000000, 0x00000000,
0x00000000, 0x00000000, 0x00000000, 0x00000000, 0x00000000, 0x00000000, 0x00000000, 0x00000000, 0x00000000, 0x00000000, 0x00000000, 0x00000000, 0x00000000, 0x6e008fbb, 0xff0094c0, 0xff009ac8,
0xff0099c7, 0xff0099c7, 0xff0099c7, 0xff0099c7, 0xff0099c7, 0xff0099c7, 0xff0099c7, 0xff0099c7, 0xff0099c7, 0xff0099c7, 0xff0099c7, 0xff0099c7, 0xff0099c7, 0xff0097c5, 0x5b0091bb, 0x00000000,
0x00000000, 0x00000000, 0x00000000, 0x160096c5, 0x900092bd, 0xe90092bf, 0xff0097c5, 0xff0093c0, 0xff0091bd, 0xff0091bd, 0xff0091bd, 0xff0091bd, 0xff0091bd, 0xff0091bd, 0xff0091bd, 0xff0091bd,
0xff0091bd, 0xff0091bd, 0xff0091bd, 0xff0091bd, 0xff0091bd, 0xff0091bd, 0xff0091bd, 0xff0091be, 0xff0095c2, 0xff0097c5, 0xe90091bd, 0xa80090bc, 0x3a0095c1, 0x00000000, 0x00000000, 0x00000000,
0x00000000, 0x00000000, 0x00000000, 0x00000000, 0x00000000, 0x00000000, 0x06007faa, 0x960090bc, 0xff009fce, 0xff0099c7, 0xff0099c7, 0xff0099c7, 0xff0099c7, 0xff0099c7, 0xff0099c7, 0xff0099c7,
0xff0099c7, 0xff0099c7, 0xff0099c7, 0xff0099c7, 0xff0099c7, 0xff0099c7, 0xff009ccb, 0xe70090bc, 0x30008fbf, 0x00000000, 0x00000000, 0x00000000, 0x00000000, 0x22008ebb, 0x910090bc, 0xe10092bd,
0xff0097c5, 0xff0095c2, 0xff0091bd, 0xff0091bd, 0xff0091bd, 0xff0091bd, 0xff0091bd, 0xff0091bd, 0xff0091bd, 0xff0091bd, 0xff0091bd, 0xff0091bd, 0xff0091bd, 0xff0091bd, 0xff0091bd, 0xff0091bd,
0xff0091bd, 0xff0093c0, 0xff0097c5, 0xed0092bf, 0xab0090bb, 0x320093c1, 0x00000000, 0x00000000, 0x00000000, 0x00000000, 0x00000000, 0x00000000, 0x00000000, 0x00000000, 0x00000000, 0x00000000,
0x00000000, 0x00000000, 0x00000000, 0x00000000, 0x530090be, 0xbb0090bd, 0xf30091bd, 0xff0098c6, 0xff0093c0, 0xff0091bd, 0xff0091bd, 0xff0091bd, 0xff0091bd, 0xff0091bd, 0xff0091bd, 0xff0091bd,
0xff0091bd, 0xff0091bd, 0xff0091bd, 0xff0091bd, 0xff0091bd, 0xff0091bd, 0xff0091bd, 0xff0091bd, 0xff0091bd, 0xff0092be, 0xff0095c2, 0xff0096c4, 0xdd0093bf, 0x920090bc, 0x1d008cb8, 0x00000000,
0x00000000, 0x00000000, 0x00000000, 0x00000000, 0x00000000, 0x00000000, 0x00000000, 0x00000000, 0x00000000, 0x00000000, 
/* -9- */
0x00000000, 0x00000000, 0x00000000, 0x00000000, 0x00000000, 0x00000000, 0x00000000, 0x00000000, 0x00000000, 0x00000000, 0x00000000, 0x00000000, 0x00000000, 0x00000000, 0x00000000, 0x00000000,
0x00000000, 0x00000000, 0x0300aaff, 0x5c0090bf, 0xc80091bd, 0xf10092bd, 0xff0095c2, 0xff0094c1, 0xff0091be, 0xff0091bd, 0xff0091bd, 0xff0091bd, 0xff0091bd, 0xff0091bd, 0xff0091bd, 0xff0091bd,
0xff0091bd, 0xff0091bd, 0xff0091bd, 0xff0091bd, 0xff0091bd, 0xff0091bd, 0xff0091bd, 0xff0091bd, 0xff0091bd, 0xff0091bd, 0xff0091bd, 0xff0091bd, 0xff0091bd, 0xff0091bd, 0xff0092bf, 0xff0096c3,
0xf90091be, 0xc90090bd, 0x4b008ebb, 0x00000000, 0x00000000, 0x00000000, 0x00000000, 0x00000000, 0x19008ec1, 0xbd0090bc, 0xff0096c4, 0xff0091be, 0xff0091be, 0xff0091be, 0xff0091be, 0xff0091be,
0xff0091be, 0xff0091be, 0xff0091be, 0xff0091be, 0xff0091be, 0xff0091be, 0xff0091be, 0xff0091be, 0xff0095c3, 0xb80090bc, 0x110087b4, 0x00000000, 0x00000000, 0x00000000, 0x00000000, 0x00000000,
0x00000000, 0x00000000, 0x00000000, 0x00000000, 0x00000000, 0x00000000, 0x00000000, 0x00000000, 0x00000000, 0x00000000, 0x00000000, 0x00000000, 0x00000000, 0x69008fbb, 0xf70091bc, 0xff0092be,
0xff0091bd, 0xff0091bd, 0xff0091bd, 0xff0091bd, 0xff0091bd, 0xff0091bd, 0xff0091bd, 0xff0091bd, 0xff0091bd, 0xff0091bd, 0xff0091bd, 0xff0091bd, 0xff0091bd, 0xfd0091bc, 0x57008fbb, 0x00000000,
0x00000000, 0x00000000, 0x32008ebc, 0xcb0091bd, 0xff0092be, 0xff0094c1, 0xff0091bd, 0xff0091bd, 0xff0091bd, 0xff0091bd, 0xff0091bd, 0xff0091bd, 0xff0091bd, 0xff0091bd, 0xff0091bd, 0xff0091bd,
0xff0091bd, 0xff0091bd, 0xff0091bd, 0xff0091bd, 0xff0091bd, 0xff0091bd, 0xff0091bd, 0xff0091bd, 0xff0091bd, 0xff0091bd, 0xff0094c0, 0xff0095c1, 0x5b0091bb, 0x00000000, 0x00000000, 0x00000000,
0x00000000, 0x00000000, 0x00000000, 0x00000000, 0x00000000, 0x00000000, 0x06007faa, 0x8f0090bd, 0xff0097c4, 0xff0091bd, 0xff0091bd, 0xff0091bd, 0xff0091bd, 0xff0091bd, 0xff0091bd, 0xff0091bd,
0xff0091bd, 0xff0091bd, 0xff0091bd, 0xff0091bd, 0xff0091bd, 0xff0091bd, 0xff0094c1, 0xdc0090bc, 0x2e0090bc, 0x00000000, 0x00000000, 0x00000000, 0x4f0091be, 0xd40091be, 0xff0094c1, 0xff0094c1,
0xff0091bd, 0xff0091bd, 0xff0091bd, 0xff0091bd, 0xff0091bd, 0xff0091bd, 0xff0091bd, 0xff0091bd, 0xff0091bd, 0xff0091bd, 0xff0091bd, 0xff0091bd, 0xff0091bd, 0xff0091bd, 0xff0091bd, 0xff0091bd,
0xff0091bd, 0xff0091bd, 0xff0091bd, 0xff0094c0, 0xff0095c2, 0xe40091bd, 0x6a0090bb, 0x0300aaaa, 0x00000000, 0x00000000, 0x00000000, 0x00000000, 0x00000000, 0x00000000, 0x00000000, 0x00000000,
0x00000000, 0x00000000, 0x210092c1, 0xa80090bd, 0xf00092c0, 0xff0095c2, 0xff0093c0, 0xff0091bd, 0xff0091bd, 0xff0091bd, 0xff0091bd, 0xff0091bd, 0xff0091bd, 0xff0091bd, 0xff0091bd, 0xff0091bd,
0xff0091bd, 0xff0091bd, 0xff0091bd, 0xff0091bd, 0xff0091bd, 0xff0091bd, 0xff0091bd, 0xff0091bd, 0xff0091bd, 0xff0091bd, 0xff0091bd, 0xff0091bd, 0xff0095c2, 0xff0092bf, 0xd60091bd, 0x570092bb,
0x00000000, 0x00000000, 0x00000000, 0x00000000, 0x00000000, 0x00000000, 0x00000000, 0x00000000, 0x00000000, 0x00000000, 
/* -10- */
0x00000000, 0x00000000, 0x00000000, 0x00000000, 0x00000000, 0x00000000, 0x00000000, 0x00000000, 0x00000000, 0x00000000, 0x00000000, 0x00000000, 0x00000000, 0x00000000, 0x00000000, 0x00000000,
0x02007fff, 0x350090bb, 0xb70090be, 0xfc0091bd, 0xff0093c0, 0xff0093bf, 0xff0091bd, 0xff0091bd, 0xff0091bd, 0xff0091bd, 0xff0091bd, 0xff0091bd, 0xff0091bd, 0xff0091bd, 0xff0091bd, 0xff0091bd,
0xff0091bd, 0xff0091bd, 0xff0091bd, 0xff0091bd, 0xff0091bd, 0xff0091bd, 0xff0091bd, 0xff0091bd, 0xff0091bd, 0xff0091bd, 0xff0091bd, 0xff0091bd, 0xff0091bd, 0xff0091bd, 0xff0091bd, 0xff0091bd,
0xff0092be, 0xff0094c1, 0xf70091bc, 0x900091bd, 0x110096b4, 0x00000000, 0x00000000, 0x00000000, 0x180094bf, 0xbb0090bd, 0xff0096c3, 0xff0091bd, 0xff0091bd, 0xff0091bd, 0xff0091bd, 0xff0091bd,
0xff0091bd, 0xff0091bd, 0xff0091bd, 0xff0091bd, 0xff0091bd, 0xff0091bd, 0xff0091bd, 0xff0091bd, 0xff0095c2, 0xb70090bd, 0x110087b4, 0x00000000, 0x00000000, 0x00000000, 0x00000000, 0x00000000,
0x00000000, 0x00000000, 0x00000000, 0x00000000, 0x00000000, 0x00000000, 0x00000000, 0x00000000, 0x00000000, 0x00000000, 0x00000000, 0x00000000, 0x00000000, 0x69008fbb, 0xf70091bc, 0xff0092be,
0xff0091bd, 0xff0091bd, 0xff0091bd, 0xff0091bd, 0xff0091bd, 0xff0091bd, 0xff0091bd, 0xff0091bd, 0xff0091bd, 0xff0091bd, 0xff0091bd, 0xff0091bd, 0xff0091bd, 0xfd0091bc, 0x57008fbb, 0x00000000,
0x02007fff, 0x5b0091bb, 0xea0090bd, 0xff0094c1, 0xff0092be, 0xff0091bd, 0xff0091bd, 0xff0091bd, 0xff0091bd, 0xff0091bd, 0xff0091bd, 0xff0091bd, 0xff0091bd, 0xff0091bd, 0xff0091bd, 0xff0091bd,
0xff0091bd, 0xff0091bd, 0xff0091bd, 0xff0091bd, 0xff0091bd, 0xff0091bd, 0xff0091bd, 0xff0091bd, 0xff0091bd, 0xff0091bd, 0xff0092be, 0xdf0091bc, 0x0e0091b6, 0x00000000, 0x00000000, 0x00000000,
0x00000000, 0x00000000, 0x00000000, 0x00000000, 0x00000000, 0x00000000, 0x0600aad4, 0x900091bb, 0xff0096c4, 0xff0091bd, 0xff0091bd, 0xff0091bd, 0xff0091bd, 0xff0091bd, 0xff0091bd, 0xff0091bd,
0xff0091bd, 0xff0091bd, 0xff0091bd, 0xff0091bd, 0xff0091bd, 0xff0091bd, 0xff0094c1, 0xdc0090bc, 0x2e0090bc, 0x00000000, 0x06007faa, 0x790091bd, 0xf80090bd, 0xff0094c0, 0xff0092be, 0xff0091bd,
0xff0091bd, 0xff0091bd, 0xff0091bd, 0xff0091bd, 0xff0091bd, 0xff0091bd, 0xff0091bd, 0xff0091bd, 0xff0091bd, 0xff0091bd, 0xff0091bd, 0xff0091bd, 0xff0091bd, 0xff0091bd, 0xff0091bd, 0xff0091bd,
0xff0091bd, 0xff0091bd, 0xff0091bd, 0xff0091bd, 0xff0091bd, 0xff0093c0, 0xfd0092bf, 0x8e008fbc, 0x0c0094bf, 0x00000000, 0x00000000, 0x00000000, 0x00000000, 0x00000000, 0x00000000, 0x00000000,
0x04007fbf, 0x4c0090b8, 0xe10091bd, 0xff0093bf, 0xff0093bf, 0xff0091bd, 0xff0091bd, 0xff0091bd, 0xff0091bd, 0xff0091bd, 0xff0091bd, 0xff0091bd, 0xff0091bd, 0xff0091bd, 0xff0091bd, 0xff0091bd,
0xff0091bd, 0xff0091bd, 0xff0091bd, 0xff0091bd, 0xff0091bd, 0xff0091bd, 0xff0091bd, 0xff0091bd, 0xff0091bd, 0xff0091bd, 0xff0091bd, 0xff0091bd, 0xff0091bd, 0xff0092be, 0xff0093c0, 0xfb0091bd,
0x880090bd, 0x0b008bb9, 0x00000000, 0x00000000, 0x00000000, 0x00000000, 0x00000000, 0x00000000, 0x00000000, 0x00000000, 
/* -11- */
0x00000000, 0x00000000, 0x00000000, 0x00000000, 0x00000000, 0x00000000, 0x00000000, 0x00000000, 0x00000000, 0x00000000, 0x00000000, 0x00000000, 0x00000000, 0x00000000, 0x00000000, 0x10008fbf,
0x7b0091bc, 0xf00091bd, 0xff0095c1, 0xff0091bd, 0xff0091bd, 0xff0091bd, 0xff0091bd, 0xff0091bd, 0xff0091bd, 0xff0091bd, 0xff0091bd, 0xff0091bd, 0xff0091bd, 0xff0091bd, 0xff0091bd, 0xff0091bd,
0xff0091bd, 0xff0091bd, 0xff0091bd, 0xff0091bd, 0xff0091bd, 0xff0091bd, 0xff0091bd, 0xff0091bd, 0xff0091bd, 0xff0091bd, 0xff0091bd, 0xff0091bd, 0xff0091bd, 0xff0091bd, 0xff0091bd, 0xff0091bd,
0xff0091bd, 0xff0091bd, 0xff0092be, 0xff0094c1, 0xb70092be, 0x290095ba, 0x00000000, 0x00000000, 0x170090bc, 0xb90090bc, 0xff0096c4, 0xff0091bd, 0xff0091bd, 0xff0091bd, 0xff0091bd, 0xff0091bd,
0xff0091bd, 0xff0091bd, 0xff0091bd, 0xff0091bd, 0xff0091bd, 0xff0091bd, 0xff0091bd, 0xff0091bd, 0xff0095c2, 0xb70090bd, 0x110087b4, 0x00000000, 0x00000000, 0x00000000, 0x00000000, 0x00000000,
0x00000000, 0x00000000, 0x00000000, 0x00000000, 0x00000000, 0x00000000, 0x00000000, 0x00000000, 0x00000000, 0x00000000, 0x00000000, 0x00000000, 0x00000000, 0x69008fbb, 0xf70091bc, 0xff0092be,
0xff0091bd, 0xff0091bd, 0xff0091bd, 0xff0091bd, 0xff0091bd, 0xff0091bd, 0xff0091bd, 0xff0091bd, 0xff0091bd, 0xff0091bd, 0xff0091bd, 0xff0091bd, 0xff0091bd, 0xfd0091bc, 0x54008ebc, 0x04007fbf,
0x6c0090bc, 0xef0092be, 0xff0094c1, 0xff0091bd, 0xff0091bd, 0xff0091bd, 0xff0091bd, 0xff0091bd, 0xff0091bd, 0xff0091bd, 0xff0091bd, 0xff0091bd, 0xff0091bd, 0xff0091bd, 0xff0091bd, 0xff0091bd,
0xff0091bd, 0xff0091bd, 0xff0091bd, 0xff0091bd, 0xff0091bd, 0xff0091bd, 0xff0091bd, 0xff0091bd, 0xff0091bd, 0xff0091bd, 0xff0095c2, 0x720091be, 0x00000000, 0x00000000, 0x00000000, 0x00000000,
0x00000000, 0x00000000, 0x00000000, 0x00000000, 0x00000000, 0x00000000, 0x0600aad4, 0x900091bb, 0xff0096c4, 0xff0091bd, 0xff0091bd, 0xff0091bd, 0xff0091bd, 0xff0091bd, 0xff0091bd, 0xff0091bd,
0xff0091bd, 0xff0091bd, 0xff0091bd, 0xff0091bd, 0xff0091bd, 0xff0091bd, 0xff0094c1, 0xdc0090bc, 0x2b0094bd, 0x0b008bb9, 0x8b0090bc, 0xff0092bf, 0xff0091be, 0xff0091bd, 0xff0091bd, 0xff0091bd,
0xff0091bd, 0xff0091bd, 0xff0091bd, 0xff0091bd, 0xff0091bd, 0xff0091bd, 0xff0091bd, 0xff0091bd, 0xff0091bd, 0xff0091bd, 0xff0091bd, 0xff0091bd, 0xff0091bd, 0xff0091bd, 0xff0091bd, 0xff0091bd,
0xff0091bd, 0xff0091bd, 0xff0091bd, 0xff0091bd, 0xff0091bd, 0xff0091bd, 0xff0091bd, 0xff0094c1, 0xa50091bc, 0x150091b6, 0x00000000, 0x00000000, 0x00000000, 0x00000000, 0x00000000, 0x0b008bb9,
0x7a0090be, 0xf70092be, 0xff0093c0, 0xff0091bd, 0xff0091bd, 0xff0091bd, 0xff0091bd, 0xff0091bd, 0xff0091bd, 0xff0091bd, 0xff0091bd, 0xff0091bd, 0xff0091bd, 0xff0091bd, 0xff0091bd, 0xff0091bd,
0xff0091bd, 0xff0091bd, 0xff0091bd, 0xff0091bd, 0xff0091bd, 0xff0091bd, 0xff0091bd, 0xff0091bd, 0xff0091bd, 0xff0091bd, 0xff0091bd, 0xff0091bd, 0xff0091bd, 0xff0091bd, 0xff0091bd, 0xff0092be,
0xff0092be, 0xa60090bc, 0x19008eb7, 0x00000000, 0x00000000, 0x00000000, 0x00000000, 0x00000000, 0x00000000, 0x00000000, 
/* -12- */
0x00000000, 0x00000000, 0x00000000, 0x00000000, 0x00000000, 0x00000000, 0x00000000, 0x00000000, 0x00000000, 0x00000000, 0x00000000, 0x00000000, 0x00000000, 0x00000000, 0x2d008dbb, 0xaa0091be,
0xff0093c0, 0xff0092bf, 0xff0091bd, 0xff0091bd, 0xff0091bd, 0xff0091bd, 0xff0091bd, 0xff0091bd, 0xff0091bd, 0xff0091bd, 0xff0091bd, 0xff0091bd, 0xff0091bd, 0xff0091bd, 0xff0091bd, 0xff0091bd,
0xff0091bd, 0xff0091bd, 0xff0091bd, 0xff0091bd, 0xff0091bd, 0xff0091bd, 0xff0091bd, 0xff0091bd, 0xff0091bd, 0xff0091bd, 0xff0091bd, 0xff0091bd, 0xff0091bd, 0xff0091bd, 0xff0091bd, 0xff0091bd,
0xff0091bd, 0xff0091bd, 0xff0091bd, 0xff0091bd, 0xff0097c4, 0xca0092bf, 0x3a0091c1, 0x00000000, 0x160096c5, 0xb80091bc, 0xff0096c4, 0xff0091bd, 0xff0091bd, 0xff0091bd, 0xff0091bd, 0xff0091bd,
0xff0091bd, 0xff0091bd, 0xff0091bd, 0xff0091bd, 0xff0091bd, 0xff0091bd, 0xff0091bd, 0xff0091bd, 0xff0095c2, 0xb70090bd, 0x110087b4, 0x00000000, 0x00000000, 0x00000000, 0x00000000, 0x00000000,
0x00000000, 0x00000000, 0x00000000, 0x00000000, 0x00000000, 0x00000000, 0x00000000, 0x00000000, 0x00000000, 0x00000000, 0x00000000, 0x00000000, 0x00000000, 0x69008fbb, 0xf70091bc, 0xff0092be,
0xff0091bd, 0xff0091bd, 0xff0091bd, 0xff0091bd, 0xff0091bd, 0xff0091bd, 0xff0091bd, 0xff0091bd, 0xff0091bd, 0xff0091bd, 0xff0091bd, 0xff0091bd, 0xff0091bd, 0xfb0091bc, 0x540091bf, 0x69008fbd,
0xf40093bf, 0xff0094c0, 0xff0091bd, 0xff0091bd, 0xff0091bd, 0xff0091bd, 0xff0091bd, 0xff0091bd, 0xff0091bd, 0xff0091bd, 0xff0091bd, 0xff0091bd, 0xff0091bd, 0xff0091bd, 0xff0091bd, 0xff0091bd,
0xff0091bd, 0xff0091bd, 0xff0091bd, 0xff0091bd, 0xff0091bd, 0xff0091bd, 0xff0091bd, 0xff0091bd, 0xff0091bd, 0xff0092bf, 0xe40090bd, 0x20008fbf, 0x00000000, 0x00000000, 0x00000000, 0x00000000,
0x00000000, 0x00000000, 0x00000000, 0x00000000, 0x00000000, 0x00000000, 0x0600aad4, 0x900091bd, 0xff0096c4, 0xff0091bd, 0xff0091bd, 0xff0091bd, 0xff0091bd, 0xff0091bd, 0xff0091bd, 0xff0091bd,
0xff0091bd, 0xff0091bd, 0xff0091bd, 0xff0091bd, 0xff0091bd, 0xff0091bd, 0xff0094c1, 0xda0091bc, 0x320093bc, 0x880092bf, 0xff0095c2, 0xff0091bd, 0xff0091bd, 0xff0091bd, 0xff0091bd, 0xff0091bd,
0xff0091bd, 0xff0091bd, 0xff0091bd, 0xff0091bd, 0xff0091bd, 0xff0091bd, 0xff0091bd, 0xff0091bd, 0xff0091bd, 0xff0091bd, 0xff0091bd, 0xff0091bd, 0xff0091bd, 0xff0091bd, 0xff0091bd, 0xff0091bd,
0xff0091bd, 0xff0091bd, 0xff0091bd, 0xff0091bd, 0xff0091bd, 0xff0091bd, 0xff0091bd, 0xff0092be, 0xff0094c0, 0x9e0091bb, 0x110096c3, 0x00000000, 0x00000000, 0x00000000, 0x0c0094bf, 0x8b0090bc,
0xfa0092bf, 0xff0093bf, 0xff0091bd, 0xff0091bd, 0xff0091bd, 0xff0091bd, 0xff0091bd, 0xff0091bd, 0xff0091bd, 0xff0091bd, 0xff0091bd, 0xff0091bd, 0xff0091bd, 0xff0091bd, 0xff0091bd, 0xff0091bd,
0xff0091bd, 0xff0091bd, 0xff0091bd, 0xff0091bd, 0xff0091bd, 0xff0091bd, 0xff0091bd, 0xff0091bd, 0xff0091bd, 0xff0091bd, 0xff0091bd, 0xff0091bd, 0xff0091bd, 0xff0091bd, 0xff0091bd, 0xff0091bd,
0xff0092be, 0xff0095c2, 0xb00090bc, 0x170090bc, 0x00000000, 0x00000000, 0x00000000, 0x00000000, 0x00000000, 0x00000000, 
/* -13- */
0x00000000, 0x00000000, 0x00000000, 0x00000000, 0x00000000, 0x00000000, 0x00000000, 0x00000000, 0x00000000, 0x00000000, 0x00000000, 0x00000000, 0x00000000, 0x520092bd, 0xd40090bc, 0xff0097c5,
0xff0091bd, 0xff0091bd, 0xff0091bd, 0xff0091bd, 0xff0091bd, 0xff0091bd, 0xff0091bd, 0xff0091bd, 0xff0091bd, 0xff0091bd, 0xff0091bd, 0xff0091bd, 0xff0091bd, 0xff0091bd, 0xff0091bd, 0xff0091bd,
0xff0091bd, 0xff0091bd, 0xff0091bd, 0xff0091bd, 0xff0091bd, 0xff0091bd, 0xff0091bd, 0xff0091bd, 0xff0091bd, 0xff0091bd, 0xff0091bd, 0xff0091bd, 0xff0091bd, 0xff0091bd, 0xff0091bd, 0xff0091bd,
0xff0091bd, 0xff0091bd, 0xff0091bd, 0xff0091bd, 0xff0091bd, 0xff0096c3, 0xdb0091bd, 0x3a0091bd, 0x10008fbf, 0xb60090bb, 0xff0096c4, 0xff0091bd, 0xff0091bd, 0xff0091bd, 0xff0091bd, 0xff0091bd,
0xff0091bd, 0xff0091bd, 0xff0091bd, 0xff0091bd, 0xff0091bd, 0xff0091bd, 0xff0091bd, 0xff0091bd, 0xff0095c2, 0xb70090bd, 0x110087b4, 0x00000000, 0x00000000, 0x00000000, 0x00000000, 0x00000000,
0x00000000, 0x00000000, 0x00000000, 0x00000000, 0x00000000, 0x00000000, 0x00000000, 0x00000000, 0x00000000, 0x00000000, 0x00000000, 0x00000000, 0x00000000, 0x69008fbb, 0xf70091bc, 0xff0092be,
0xff0091bd, 0xff0091bd, 0xff0091bd, 0xff0091bd, 0xff0091bd, 0xff0091bd, 0xff0091bd, 0xff0091bd, 0xff0091bd, 0xff0091bd, 0xff0091bd, 0xff0091bd, 0xff0091bd, 0xfc0090bc, 0xb30091bd, 0xee0091bd,
0xff0094c1, 0xff0091bd, 0xff0091bd, 0xff0091bd, 0xff0091bd, 0xff0091bd, 0xff0091bd, 0xff0091bd, 0xff0091bd, 0xff0091bd, 0xff0091bd, 0xff0091bd, 0xff0091bd, 0xff0091bd, 0xff0091bd, 0xff0091bd,
0xff0091bd, 0xff0091bd, 0xff0091bd, 0xff0091bd, 0xff0091bd, 0xff0091bd, 0xff0091bd, 0xff0091bd, 0xff0091bd, 0xff0098c6, 0x830091bc, 0x04007fbf, 0x00000000, 0x00000000, 0x00000000, 0x00000000,
0x00000000, 0x00000000, 0x00000000, 0x00000000, 0x00000000, 0x00000000, 0x0600aad4, 0x900091bb, 0xff0096c4, 0xff0091bd, 0xff0091bd, 0xff0091bd, 0xff0091bd, 0xff0091bd, 0xff0091bd, 0xff0091bd,
0xff0091bd, 0xff0091bd, 0xff0091bd, 0xff0091bd, 0xff0091bd, 0xff0091bd, 0xff0093c0, 0xdd0091bc, 0xac0091bc, 0xf80090bd, 0xff0092bf, 0xff0091bd, 0xff0091bd, 0xff0091bd, 0xff0091bd, 0xff0091bd,
0xff0091bd, 0xff0091bd, 0xff0091bd, 0xff0091bd, 0xff0091bd, 0xff0091bd, 0xff0091bd, 0xff0091bd, 0xff0091bd, 0xff0091bd, 0xff0091bd, 0xff0091bd, 0xff0091bd, 0xff0091bd, 0xff0091bd, 0xff0091bd,
0xff0091bd, 0xff0091bd, 0xff0091bd, 0xff0091bd, 0xff0091bd, 0xff0091bd, 0xff0091bd, 0xff0091bd, 0xff0093bf, 0xfa0094c1, 0x820091bc, 0x0600aad4, 0x00000000, 0x08009fbf, 0x8f0090bd, 0xfa0092bf,
0xff0093c0, 0xff0091bd, 0xff0091bd, 0xff0091bd, 0xff0091bd, 0xff0091bd, 0xff0091bd, 0xff0091bd, 0xff0091bd, 0xff0091bd, 0xff0091bd, 0xff0091bd, 0xff0091bd, 0xff0091bd, 0xff0091bd, 0xff0091bd,
0xff0091bd, 0xff0091bd, 0xff0091bd, 0xff0091bd, 0xff0091bd, 0xff0091bd, 0xff0091bd, 0xff0091bd, 0xff0091bd, 0xff0091bd, 0xff0091bd, 0xff0091bd, 0xff0091bd, 0xff0091bd, 0xff0091bd, 0xff0091bd,
0xff0091bd, 0xff0092be, 0xff0094c0, 0xa10091bc, 0x0d0089b0, 0x00000000, 0x00000000, 0x00000000, 0x00000000, 0x00000000, 
/* -14- */
0x00000000, 0x00000000, 0x00000000, 0x00000000, 0x00000000, 0x00000000, 0x00000000, 0x00000000, 0x00000000, 0x00000000, 0x00000000, 0x00000000, 0x59008fba, 0xea0090bd, 0xff0095c3, 0xff0091bd,
0xff0091bd, 0xff0091bd, 0xff0091bd, 0xff0091bd, 0xff0091bd, 0xff0091bd, 0xff0091bd, 0xff0091bd, 0xff0091bd, 0xff0091bd, 0xff0091bd, 0xff0091bd, 0xff0091bd, 0xff0091bd, 0xff0091bd, 0xff0091bd,
0xff0091bd, 0xff0091bd, 0xff0091bd, 0xff0091bd, 0xff0091bd, 0xff0091bd, 0xff0091bd, 0xff0091bd, 0xff0091bd, 0xff0091bd, 0xff0091bd, 0xff0091bd, 0xff0091bd, 0xff0091bd, 0xff0091bd, 0xff0091bd,
0xff0091bd, 0xff0091bd, 0xff0091bd, 0xff0091bd, 0xff0091bd, 0xff0091bd, 0xff0096c3, 0xd10091bd, 0x3e0094bd, 0xb00090bc, 0xff0096c4, 0xff0091bd, 0xff0091bd, 0xff0091bd, 0xff0091bd, 0xff0091bd,
0xff0091bd, 0xff0091bd, 0xff0091bd, 0xff0091bd, 0xff0091bd, 0xff0091bd, 0xff0091bd, 0xff0091bd, 0xff0095c2, 0xb70090bd, 0x110087b4, 0x00000000, 0x00000000, 0x00000000, 0x00000000, 0x00000000,
0x00000000, 0x00000000, 0x00000000, 0x00000000, 0x00000000, 0x00000000, 0x00000000, 0x00000000, 0x00000000, 0x00000000, 0x00000000, 0x00000000, 0x00000000, 0x69008fbb, 0xf70091bc, 0xff0092be,
0xff0091bd, 0xff0091bd, 0xff0091bd, 0xff0091bd, 0xff0091bd, 0xff0091bd, 0xff0091bd, 0xff0091bd, 0xff0091bd, 0xff0091bd, 0xff0091bd, 0xff0091bd, 0xff0091bd, 0xff0091bd, 0xfe0090bc, 0xff0093c0,
0xff0091bd, 0xff0091bd, 0xff0091bd, 0xff0091bd, 0xff0091bd, 0xff0091bd, 0xff0091bd, 0xff0091bd, 0xff0091bd, 0xff0091bd, 0xff0091bd, 0xff0091bd, 0xff0091bd, 0xff0091bd, 0xff0091bd, 0xff0091bd,
0xff0091bd, 0xff0091bd, 0xff0091bd, 0xff0091bd, 0xff0091bd, 0xff0091bd, 0xff0091bd, 0xff0091bd, 0xff0094c1, 0xe60093bf, 0x37008fbe, 0x00000000, 0x00000000, 0x00000000, 0x00000000, 0x00000000,
0x00000000, 0x00000000, 0x00000000, 0x00000000, 0x00000000, 0x00000000, 0x0600aad4, 0x900091bd, 0xff0096c4, 0xff0091bd, 0xff0091bd, 0xff0091bd, 0xff0091bd, 0xff0091bd, 0xff0091bd, 0xff0091bd,
0xff0091bd, 0xff0091bd, 0xff0091bd, 0xff0091bd, 0xff0091bd, 0xff0091bd, 0xff0091bd, 0xfa0090bc, 0xff0091bd, 0xff0092be, 0xff0091bd, 0xff0091bd, 0xff0091bd, 0xff0091bd, 0xff0091bd, 0xff0091bd,
0xff0091bd, 0xff0091bd, 0xff0091bd, 0xff0091bd, 0xff0091bd, 0xff0091bd, 0xff0091bd, 0xff0091bd, 0xff0091bd, 0xff0091bd, 0xff0091bd, 0xff0091bd, 0xff0091bd, 0xff0091bd, 0xff0091bd, 0xff0091bd,
0xff0091bd, 0xff0091bd, 0xff0091bd, 0xff0091bd, 0xff0091bd, 0xff0091bd, 0xff0091bd, 0xff0091bd, 0xff0091bd, 0xff0094c1, 0xf60092be, 0x4c0090bb, 0x00000000, 0x720091be, 0xfb0093c1, 0xff0093bf,
0xff0091bd, 0xff0091bd, 0xff0091bd, 0xff0091bd, 0xff0091bd, 0xff0091bd, 0xff0091bd, 0xff0091bd, 0xff0091bd, 0xff0091bd, 0xff0091bd, 0xff0091bd, 0xff0091bd, 0xff0091bd, 0xff0091bd, 0xff0091bd,
0xff0091bd, 0xff0091bd, 0xff0091bd, 0xff0091bd, 0xff0091bd, 0xff0091bd, 0xff0091bd, 0xff0091bd, 0xff0091bd, 0xff0091bd, 0xff0091bd, 0xff0091bd, 0xff0091bd, 0xff0091bd, 0xff0091bd, 0xff0091bd,
0xff0091bd, 0xff0091bd, 0xff0092be, 0xfd0093bf, 0x7e0091bc, 0x00000000, 0x00000000, 0x00000000, 0x00000000, 0x00000000, 
/* -15- */
0x00000000, 0x00000000, 0x00000000, 0x00000000, 0x00000000, 0x00000000, 0x00000000, 0x00000000, 0x00000000, 0x00000000, 0x00000000, 0x630090bc, 0xf30091bc, 0xff0093c0, 0xff0091bd, 0xff0091bd,
0xff0091bd, 0xff0091bd, 0xff0091bd, 0xff0091bd, 0xff0091bd, 0xff0091bd, 0xff0091bd, 0xff0091bd, 0xff0091bd, 0xff0091bd, 0xff0091bd, 0xff0091bd, 0xff0091bd, 0xff0091bd, 0xff0091bd, 0xff0091bd,
0xff0091bd, 0xff0091bd, 0xff0091bd, 0xff0091bd, 0xff0091bd, 0xff0091bd, 0xff0091bd, 0xff0091bd, 0xff0091bd, 0xff0091bd, 0xff0091bd, 0xff0091bd, 0xff0091bd, 0xff0091bd, 0xff0091bd, 0xff0091bd,
0xff0091bd, 0xff0091bd, 0xff0091bd, 0xff0091bd, 0xff0091bd, 0xff0091bd, 0xff0091bd, 0xff0094c0, 0xd10091bd, 0xc90091bd, 0xff0095c1, 0xff0091bd, 0xff0091bd, 0xff0091bd, 0xff0091bd, 0xff0091bd,
0xff0091bd, 0xff0091bd, 0xff0091bd, 0xff0091bd, 0xff0091bd, 0xff0091bd, 0xff0091bd, 0xff0091bd, 0xff0095c2, 0xb70090bd, 0x110087b4, 0x00000000, 0x00000000, 0x00000000, 0x00000000, 0x00000000,
0x00000000, 0x00000000, 0x00000000, 0x00000000, 0x00000000, 0x00000000, 0x00000000, 0x00000000, 0x00000000, 0x00000000, 0x00000000, 0x00000000, 0x00000000, 0x69008fbb, 0xf70091bc, 0xff0092be,
0xff0091bd, 0xff0091bd, 0xff0091bd, 0xff0091bd, 0xff0091bd, 0xff0091bd, 0xff0091bd, 0xff0091bd, 0xff0091bd, 0xff0091bd, 0xff0091bd, 0xff0091bd, 0xff0091bd, 0xff0091bd, 0xff0091be, 0xff0091bd,
0xff0091bd, 0xff0091bd, 0xff0091bd, 0xff0091bd, 0xff0091bd, 0xff0091bd, 0xff0091bd, 0xff0091bd, 0xff0091bd, 0xff0091bd, 0xff0091bd, 0xff0091bd, 0xff0091bd, 0xff0091bd, 0xff0091bd, 0xff0091bd,
0xff0091bd, 0xff0091bd, 0xff0091bd, 0xff0091bd, 0xff0091bd, 0xff0091bd, 0xff0091bd, 0xff0091bd, 0xff0098c6, 0x9d0090be, 0x070091b6, 0x00000000, 0x00000000, 0x00000000, 0x00000000, 0x00000000,
0x00000000, 0x00000000, 0x00000000, 0x00000000, 0x00000000, 0x00000000, 0x0600aad4, 0x900091bd, 0xff0096c4, 0xff0091bd, 0xff0091bd, 0xff0091bd, 0xff0091bd, 0xff0091bd, 0xff0091bd, 0xff0091bd,
0xff0091bd, 0xff0091bd, 0xff0091bd, 0xff0091bd, 0xff0091bd, 0xff0091bd, 0xff0091bd, 0xff0091be, 0xff0091be, 0xff0091bd, 0xff0091bd, 0xff0091bd, 0xff0091bd, 0xff0091bd, 0xff0091bd, 0xff0091bd,
0xff0091bd, 0xff0091bd, 0xff0091bd, 0xff0091bd, 0xff0091bd, 0xff0091bd, 0xff0091bd, 0xff0091bd, 0xff0091bd, 0xff0091bd, 0xff0091bd, 0xff0091bd, 0xff0091bd, 0xff0091bd, 0xff0091bd, 0xff0091bd,
0xff0091bd, 0xff0091bd, 0xff0091bd, 0xff0091bd, 0xff0091bd, 0xff0091bd, 0xff0091bd, 0xff0091bd, 0xff0091bd, 0xff0091bd, 0xff0095c2, 0xca0091bd, 0x630092bc, 0xf40090bc, 0xff0092be, 0xff0091bd,
0xff0091bd, 0xff0091bd, 0xff0091bd, 0xff0091bd, 0xff0091bd, 0xff0091bd, 0xff0091bd, 0xff0091bd, 0xff0091bd, 0xff0091bd, 0xff0091bd, 0xff0091bd, 0xff0091bd, 0xff0091bd, 0xff0091bd, 0xff0091bd,
0xff0091bd, 0xff0091bd, 0xff0091bd, 0xff0091bd, 0xff0091bd, 0xff0091bd, 0xff0091bd, 0xff0091bd, 0xff0091bd, 0xff0091bd, 0xff0091bd, 0xff0091bd, 0xff0091bd, 0xff0091bd, 0xff0091bd, 0xff0091bd,
0xff0091bd, 0xff0091bd, 0xff0091bd, 0xff0092be, 0xf70091bc, 0x40008fbf, 0x00000000, 0x00000000, 0x00000000, 0x00000000, 
/* -16- */
0x00000000, 0x00000000, 0x00000000, 0x00000000, 0x00000000, 0x00000000, 0x00000000, 0x00000000, 0x00000000, 0x00000000, 0x550090bd, 0xf30091bd, 0xff0092bf, 0xff0091bd, 0xff0091bd, 0xff0091bd,
0xff0091bd, 0xff0091bd, 0xff0091bd, 0xff0091bd, 0xff0091bd, 0xff0091bd, 0xff0091bd, 0xff0091bd, 0xff0091bd, 0xff0091bd, 0xff0091bd, 0xff0091bd, 0xff0091bd, 0xff0091bd, 0xff0091bd, 0xff0091bd,
0xff0091bd, 0xff0091bd, 0xff0091bd, 0xff0091bd, 0xff0091bd, 0xff0091bd, 0xff0091bd, 0xff0091bd, 0xff0091bd, 0xff0091bd, 0xff0091bd, 0xff0091bd, 0xff0091bd, 0xff0091bd, 0xff0091bd, 0xff0091bd,
0xff0091bd, 0xff0091bd, 0xff0091bd, 0xff0091bd, 0xff0091bd, 0xff0091bd, 0xff0091bd, 0xff0091bd, 0xff0092be, 0xff0092be, 0xff0091bd, 0xff0091bd, 0xff0091bd, 0xff0091bd, 0xff0091bd, 0xff0091bd,
0xff0091bd, 0xff0091bd, 0xff0091bd, 0xff0091bd, 0xff0091bd, 0xff0091bd, 0xff0091bd, 0xff0091bd, 0xff0095c2, 0xb70090bd, 0x110087b4, 0x00000000, 0x00000000, 0x00000000, 0x00000000, 0x00000000,
0x00000000, 0x00000000, 0x00000000, 0x00000000, 0x00000000, 0x00000000, 0x00000000, 0x00000000, 0x00000000, 0x00000000, 0x00000000, 0x00000000, 0x00000000, 0x69008fbb, 0xf70091bc, 0xff0092be,
0xff0091bd, 0xff0091bd, 0xff0091bd, 0xff0091bd, 0xff0091bd, 0xff0091bd, 0xff0091bd, 0xff0091bd, 0xff0091bd, 0xff0091bd, 0xff0091bd, 0xff0091bd, 0xff0091bd, 0xff0091bd, 0xff0091bd, 0xff0091bd,
0xff0091bd, 0xff0091bd, 0xff0091bd, 0xff0091bd, 0xff0091bd, 0xff0091bd, 0xff0091bd, 0xff0091bd, 0xff0091bd, 0xff0091bd, 0xff0091bd, 0xff0091bd, 0xff0091bd, 0xff0091bd, 0xff0091bd, 0xff0091bd,
0xff0091bd, 0xff0091bd, 0xff0091bd, 0xff0091bd, 0xff0091bd, 0xff0091bd, 0xff0091bd, 0xff0093c0, 0xf10090bd, 0x500092bf, 0x00000000, 0x00000000, 0x00000000, 0x00000000, 0x00000000, 0x00000000,
0x00000000, 0x00000000, 0x00000000, 0x00000000, 0x00000000, 0x00000000, 0x0600aad4, 0x900091bd, 0xff0096c4, 0xff0091bd, 0xff0091bd, 0xff0091bd, 0xff0091bd, 0xff0091bd, 0xff0091bd, 0xff0091bd,
0xff0091bd, 0xff0091bd, 0xff0091bd, 0xff0091bd, 0xff0091bd, 0xff0091bd, 0xff0091bd, 0xff0091bd, 0xff0091bd, 0xff0091bd, 0xff0091bd, 0xff0091bd, 0xff0091bd, 0xff0091bd, 0xff0091bd, 0xff0091bd,
0xff0091bd, 0xff0091bd, 0xff0091bd, 0xff0091bd, 0xff0091bd, 0xff0091bd, 0xff0091bd, 0xff0091bd, 0xff0091bd, 0xff0091bd, 0xff0091bd, 0xff0091bd, 0xff0091bd, 0xff0091bd, 0xff0091bd, 0xff0091bd,
0xff0091bd, 0xff0091bd, 0xff0091bd, 0xff0091bd, 0xff0091bd, 0xff0091bd, 0xff0091bd, 0xff0091bd, 0xff0091bd, 0xff0091bd, 0xff0091bd, 0xff0092be, 0xfe0090bc, 0xff0091be, 0xff0091bd, 0xff0091bd,
0xff0091bd, 0xff0091bd, 0xff0091bd, 0xff0091bd, 0xff0091bd, 0xff0091bd, 0xff0091bd, 0xff0091bd, 0xff0091bd, 0xff0091bd, 0xff0091bd, 0xff0091bd, 0xff0091bd, 0xff0091bd, 0xff0091bd, 0xff0091bd,
0xff0091bd, 0xff0091bd, 0xff0091bd, 0xff0091bd, 0xff0091bd, 0xff0091bd, 0xff0091bd, 0xff0091bd, 0xff0091bd, 0xff0091bd, 0xff0091bd, 0xff0091bd, 0xff0091bd, 0xff0091bd, 0xff0091bd, 0xff0091bd,
0xff0091bd, 0xff0091bd, 0xff0091bd, 0xff0091bd, 0xff0093c0, 0xcd0091bb, 0x12008db8, 0x00000000, 0x00000000, 0x00000000, 
/* -17- */
0x00000000, 0x00000000, 0x00000000, 0x00000000, 0x00000000, 0x00000000, 0x00000000, 0x00000000, 0x00000000, 0x450090bc, 0xe90091be, 0xff0092bf, 0xff0091bd, 0xff0091bd, 0xff0091bd, 0xff0091bd,
0xff0091bd, 0xff0091bd, 0xff0091bd, 0xff0091bd, 0xff0091bd, 0xff0091bd, 0xff0091bd, 0xff0091bd, 0xff0091bd, 0xff0091bd, 0xff0091bd, 0xff0091bd, 0xff0091bd, 0xff0091bd, 0xff0091bd, 0xff0091bd,
0xff0091bd, 0xff0091bd, 0xff0091bd, 0xff0091bd, 0xff0091bd, 0xff0091bd, 0xff0091bd, 0xff0091bd, 0xff0091bd, 0xff0091bd, 0xff0091bd, 0xff0091bd, 0xff0091bd, 0xff0091bd, 0xff0091bd, 0xff0091bd,
0xff0091bd, 0xff0091bd, 0xff0091bd, 0xff0091bd, 0xff0091bd, 0xff0091bd, 0xff0091bd, 0xff0091bd, 0xff0091bd, 0xff0091bd, 0xff0091bd, 0xff0091bd, 0xff0091bd, 0xff0091bd, 0xff0091bd, 0xff0091bd,
0xff0091bd, 0xff0091bd, 0xff0091bd, 0xff0091bd, 0xff0091bd, 0xff0091bd, 0xff0091bd, 0xff0091bd, 0xff0095c2, 0xb70090bd, 0x110087b4, 0x00000000, 0x00000000, 0x00000000, 0x00000000, 0x00000000,
0x00000000, 0x00000000, 0x00000000, 0x00000000, 0x00000000, 0x00000000, 0x00000000, 0x00000000, 0x00000000, 0x00000000, 0x00000000, 0x00000000, 0x00000000, 0x69008fbb, 0xf70091bc, 0xff0092be,
0xff0091bd, 0xff0091bd, 0xff0091bd, 0xff0091bd, 0xff0091bd, 0xff0091bd, 0xff0091bd, 0xff0091bd, 0xff0091bd, 0xff0091bd, 0xff0091bd, 0xff0091bd, 0xff0091bd, 0xff0091bd, 0xff0091bd, 0xff0091bd,
0xff0091bd, 0xff0091bd, 0xff0091bd, 0xff0091bd, 0xff0091bd, 0xff0091bd, 0xff0091bd, 0xff0091bd, 0xff0091bd, 0xff0091bd, 0xff0091bd, 0xff0091bd, 0xff0091bd, 0xff0091bd, 0xff0091bd, 0xff0091bd,
0xff0091bd, 0xff0091bd, 0xff0091bd, 0xff0091bd, 0xff0091bd, 0xff0091bd, 0xff0091bd, 0xff0095c2, 0xb90092bc, 0x0e0091b6, 0x00000000, 0x00000000, 0x00000000, 0x00000000, 0x00000000, 0x00000000,
0x00000000, 0x00000000, 0x00000000, 0x00000000, 0x00000000, 0x00000000, 0x0600aad4, 0x910091bc, 0xff0096c4, 0xff0091bd, 0xff0091bd, 0xff0091bd, 0xff0091bd, 0xff0091bd, 0xff0091bd, 0xff0091bd,
0xff0091bd, 0xff0091bd, 0xff0091bd, 0xff0091bd, 0xff0091bd, 0xff0091bd, 0xff0091bd, 0xff0091bd, 0xff0091bd, 0xff0091bd, 0xff0091bd, 0xff0091bd, 0xff0091bd, 0xff0091bd, 0xff0091bd, 0xff0091bd,
0xff0091bd, 0xff0091bd, 0xff0091bd, 0xff0091bd, 0xff0091bd, 0xff0091bd, 0xff0091bd, 0xff0091bd, 0xff0091bd, 0xff0091bd, 0xff0091bd, 0xff0091bd, 0xff0091bd, 0xff0091bd, 0xff0091bd, 0xff0091bd,
0xff0091bd, 0xff0091bd, 0xff0091bd, 0xff0091bd, 0xff0091bd, 0xff0091bd, 0xff0091bd, 0xff0091bd, 0xff0091bd, 0xff0091bd, 0xff0091bd, 0xff0091bd, 0xff0091bd, 0xff0091bd, 0xff0091bd, 0xff0091bd,
0xff0091bd, 0xff0091bd, 0xff0091bd, 0xff0091bd, 0xff0091bd, 0xff0091bd, 0xff0091bd, 0xff0091bd, 0xff0091bd, 0xff0091bd, 0xff0091bd, 0xff0091bd, 0xff0091bd, 0xff0091bd, 0xff0091bd, 0xff0091bd,
0xff0091bd, 0xff0091bd, 0xff0091bd, 0xff0091bd, 0xff0091bd, 0xff0091bd, 0xff0091bd, 0xff0091bd, 0xff0091bd, 0xff0091bd, 0xff0091bd, 0xff0091bd, 0xff0091bd, 0xff0091bd, 0xff0091bd, 0xff0091bd,
0xff0091bd, 0xff0091bd, 0xff0091bd, 0xff0091bd, 0xff0091be, 0xfa0092bf, 0x7a0090be, 0x00000000, 0x00000000, 0x00000000, 
/* -18- */
0x00000000, 0x00000000, 0x00000000, 0x00000000, 0x00000000, 0x00000000, 0x00000000, 0x00000000, 0x2e0090bc, 0xd80091bb, 0xff0095c1, 0xff0091bd, 0xff0091bd, 0xff0091bd, 0xff0091bd, 0xff0091bd,
0xff0091bd, 0xff0091bd, 0xff0091bd, 0xff0091bd, 0xff0091bd, 0xff0091bd, 0xff0091bd, 0xff0091bd, 0xff0091bd, 0xff0091bd, 0xff0091bd, 0xff0091bd, 0xff0091bd, 0xff0091bd, 0xff0091bd, 0xff0091bd,
0xff0091bd, 0xff0091bd, 0xff0091bd, 0xff0091bd, 0xff0091bd, 0xff0091bd, 0xff0091bd, 0xff0091bd, 0xff0091bd, 0xff0091bd, 0xff0091bd, 0xff0091bd, 0xff0091bd, 0xff0091bd, 0xff0091bd, 0xff0091bd,
0xff0091bd, 0xff0091bd, 0xff0091bd, 0xff0091bd, 0xff0091bd, 0xff0091bd, 0xff0091bd, 0xff0091bd, 0xff0091bd, 0xff0091bd, 0xff0091bd, 0xff0091bd, 0xff0091bd, 0xff0091bd, 0xff0091bd, 0xff0091bd,
0xff0091bd, 0xff0091bd, 0xff0091bd, 0xff0091bd, 0xff0091bd, 0xff0091bd, 0xff0091bd, 0xff0091bd, 0xff0095c2, 0xb70090bd, 0x110087b4, 0x00000000, 0x00000000, 0x00000000, 0x00000000, 0x00000000,
0x00000000, 0x00000000, 0x00000000, 0x00000000, 0x00000000, 0x00000000, 0x00000000, 0x00000000, 0x00000000, 0x00000000, 0x00000000, 0x00000000, 0x00000000, 0x69008fbb, 0xf70091bc, 0xff0092be,
0xff0091bd, 0xff0091bd, 0xff0091bd, 0xff0091bd, 0xff0091bd, 0xff0091bd, 0xff0091bd, 0xff0091bd, 0xff0091bd, 0xff0091bd, 0xff0091bd, 0xff0091bd, 0xff0091bd, 0xff0091bd, 0xff0091bd, 0xff0091bd,
0xff0091bd, 0xff0091bd, 0xff0091bd, 0xff0091bd, 0xff0091bd, 0xff0091bd, 0xff0091bd, 0xff0091bd, 0xff0091bd, 0xff0091bd, 0xff0091bd, 0xff0091bd, 0xff0091bd, 0xff0091bd, 0xff0091bd, 0xff0091bd,
0xff0091bd, 0xff0091bd, 0xff0091bd, 0xff0091bd, 0xff0091bd, 0xff0091bd, 0xff0092be, 0xf50092be, 0x640091bc, 0x00000000, 0x00000000, 0x00000000, 0x00000000, 0x00000000, 0x00000000, 0x00000000,
0x00000000, 0x00000000, 0x00000000, 0x00000000, 0x00000000, 0x00000000, 0x0600aad4, 0x900091bd, 0xff0096c4, 0xff0091bd, 0xff0091bd, 0xff0091bd, 0xff0091bd, 0xff0091bd, 0xff0091bd, 0xff0091bd,
0xff0091bd, 0xff0091bd, 0xff0091bd, 0xff0091bd, 0xff0091bd, 0xff0091bd, 0xff0091bd, 0xff0091bd, 0xff0091bd, 0xff0091bd, 0xff0091bd, 0xff0091bd, 0xff0091bd, 0xff0091bd, 0xff0091bd, 0xff0091bd,
0xff0091bd, 0xff0091bd, 0xff0091bd, 0xff0091bd, 0xff0091bd, 0xff0091bd, 0xff0091bd, 0xff0091bd, 0xff0091bd, 0xff0091bd, 0xff0091bd, 0xff0091bd, 0xff0091bd, 0xff0091bd, 0xff0091bd, 0xff0091bd,
0xff0091bd, 0xff0091bd, 0xff0091bd, 0xff0091bd, 0xff0091bd, 0xff0091bd, 0xff0091bd, 0xff0091bd, 0xff0091bd, 0xff0091bd, 0xff0091bd, 0xff0091bd, 0xff0091bd, 0xff0091bd, 0xff0091bd, 0xff0091bd,
0xff0091bd, 0xff0091bd, 0xff0091bd, 0xff0091bd, 0xff0091bd, 0xff0091bd, 0xff0091bd, 0xff0091bd, 0xff0091bd, 0xff0091bd, 0xff0091bd, 0xff0091bd, 0xff0091bd, 0xff0091bd, 0xff0091bd, 0xff0091bd,
0xff0091bd, 0xff0091bd, 0xff0091bd, 0xff0091bd, 0xff0091bd, 0xff0091bd, 0xff0091bd, 0xff0091bd, 0xff0091bd, 0xff0091bd, 0xff0091bd, 0xff0091bd, 0xff0091bd, 0xff0091bd, 0xff0091bd, 0xff0091bd,
0xff0091bd, 0xff0091bd, 0xff0091bd, 0xff0091bd, 0xff0091bd, 0xff0095c2, 0xcd0090bd, 0x1f0094bd, 0x00000000, 0x00000000, 
/* -19- */
0x00000000, 0x00000000, 0x00000000, 0x00000000, 0x00000000, 0x00000000, 0x00000000, 0x0b008bb9, 0xad0090be, 0xff0095c3, 0xff0091bd, 0xff0091bd, 0xff0091bd, 0xff0091bd, 0xff0091bd, 0xff0091bd,
0xff0091bd, 0xff0091bd, 0xff0091bd, 0xff0091bd, 0xff0091bd, 0xff0091bd, 0xff0091bd, 0xff0091bd, 0xff0091bd, 0xff0091bd, 0xff0091bd, 0xff0091bd, 0xff0091bd, 0xff0091bd, 0xff0091bd, 0xff0091bd,
0xff0092be, 0xff0093bf, 0xff0093c0, 0xff0093bf, 0xff0092bf, 0xff0092be, 0xff0092be, 0xff0092bf, 0xff0093bf, 0xff0093c0, 0xff0093bf, 0xff0092be, 0xff0091bd, 0xff0091bd, 0xff0091bd, 0xff0091bd,
0xff0091bd, 0xff0091bd, 0xff0091bd, 0xff0091bd, 0xff0091bd, 0xff0091bd, 0xff0091bd, 0xff0091bd, 0xff0091bd, 0xff0091bd, 0xff0091bd, 0xff0091bd, 0xff0091bd, 0xff0091bd, 0xff0091bd, 0xff0091bd,
0xff0091bd, 0xff0091bd, 0xff0091bd, 0xff0091bd, 0xff0091bd, 0xff0091bd, 0xff0091bd, 0xff0091bd, 0xff0095c2, 0xb70090bd, 0x110087b4, 0x00000000, 0x00000000, 0x00000000, 0x00000000, 0x00000000,
0x00000000, 0x00000000, 0x00000000, 0x00000000, 0x00000000, 0x00000000, 0x00000000, 0x00000000, 0x00000000, 0x00000000, 0x00000000, 0x00000000, 0x00000000, 0x69008fbb, 0xf70091bc, 0xff0092be,
0xff0091bd, 0xff0091bd, 0xff0091bd, 0xff0091bd, 0xff0091bd, 0xff0091bd, 0xff0091bd, 0xff0091bd, 0xff0091bd, 0xff0091bd, 0xff0091bd, 0xff0091bd, 0xff0091bd, 0xff0091bd, 0xff0091bd, 0xff0091bd,
0xff0091bd, 0xff0091bd, 0xff0091bd, 0xff0091bd, 0xff0091bd, 0xff0091bd, 0xff0091bd, 0xff0091bd, 0xff0091bd, 0xff0091bd, 0xff0091bd, 0xff0092be, 0xff0092be, 0xff0092be, 0xff0091bd, 0xff0091bd,
0xff0091bd, 0xff0091bd, 0xff0091bd, 0xff0091bd, 0xff0091bd, 0xff0091bd, 0xff0093c0, 0xd40090bc, 0x0a0099cc, 0x00000000, 0x00000000, 0x00000000, 0x00000000, 0x00000000, 0x00000000, 0x00000000,
0x00000000, 0x00000000, 0x00000000, 0x00000000, 0x00000000, 0x00000000, 0x0600aad4, 0x910091bc, 0xff0096c4, 0xff0091bd, 0xff0091bd, 0xff0091bd, 0xff0091bd, 0xff0091bd, 0xff0091bd, 0xff0091bd,
0xff0091bd, 0xff0091bd, 0xff0091bd, 0xff0091bd, 0xff0091bd, 0xff0091bd, 0xff0091bd, 0xff0091bd, 0xff0091bd, 0xff0091bd, 0xff0091bd, 0xff0091bd, 0xff0091bd, 0xff0091bd, 0xff0091bd, 0xff0091bd,
0xff0091be, 0xff0092bf, 0xff0093bf, 0xff0092bf, 0xff0092be, 0xff0092be, 0xff0092be, 0xff0092bf, 0xff0093bf, 0xff0092be, 0xff0091bd, 0xff0091bd, 0xff0091bd, 0xff0091bd, 0xff0091bd, 0xff0091bd,
0xff0091bd, 0xff0091bd, 0xff0091bd, 0xff0091bd, 0xff0091bd, 0xff0091bd, 0xff0091bd, 0xff0091bd, 0xff0091bd, 0xff0091bd, 0xff0091bd, 0xff0091bd, 0xff0091bd, 0xff0091bd, 0xff0091bd, 0xff0091bd,
0xff0091bd, 0xff0091bd, 0xff0091bd, 0xff0091bd, 0xff0091bd, 0xff0091bd, 0xff0091bd, 0xff0091bd, 0xff0091bd, 0xff0092be, 0xff0093bf, 0xff0093bf, 0xff0092bf, 0xff0092be, 0xff0092be, 0xff0092be,
0xff0093bf, 0xff0093bf, 0xff0092be, 0xff0091bd, 0xff0091bd, 0xff0091bd, 0xff0091bd, 0xff0091bd, 0xff0091bd, 0xff0091bd, 0xff0091bd, 0xff0091bd, 0xff0091bd, 0xff0091bd, 0xff0091bd, 0xff0091bd,
0xff0091bd, 0xff0091bd, 0xff0091bd, 0xff0091bd, 0xff0091bd, 0xff0092be, 0xfb0092c0, 0x690091bb, 0x00000000, 0x00000000, 
/* -20- */
0x00000000, 0x00000000, 0x00000000, 0x00000000, 0x00000000, 0x00000000, 0x02007f7f, 0x760090bc, 0xff0091be, 0xff0092bf, 0xff0091bd, 0xff0091bd, 0xff0091bd, 0xff0091bd, 0xff0091bd, 0xff0091bd,
0xff0091bd, 0xff0091bd, 0xff0091bd, 0xff0091bd, 0xff0091bd, 0xff0091bd, 0xff0091bd, 0xff0091bd, 0xff0091bd, 0xff0091bd, 0xff0091bd, 0xff0091bd, 0xff0091bd, 0xff0092be, 0xff0094c1, 0xff0094c1,
0xf80090bd, 0xec0090bd, 0xe10091bc, 0xc10091bc, 0xac0091bd, 0xa0008fbd, 0xa00091bd, 0xab0090bb, 0xc60090bd, 0xe20091bd, 0xed0091bc, 0xf80090bd, 0xff0094c1, 0xff0095c2, 0xff0092be, 0xff0091bd,
0xff0091bd, 0xff0091bd, 0xff0091bd, 0xff0091bd, 0xff0091bd, 0xff0091bd, 0xff0091bd, 0xff0091bd, 0xff0091bd, 0xff0091bd, 0xff0091bd, 0xff0091bd, 0xff0091bd, 0xff0091bd, 0xff0091bd, 0xff0091bd,
0xff0091bd, 0xff0091bd, 0xff0091bd, 0xff0091bd, 0xff0091bd, 0xff0091bd, 0xff0091bd, 0xff0091bd, 0xff0095c2, 0xb70090bd, 0x110087b4, 0x00000000, 0x00000000, 0x00000000, 0x00000000, 0x00000000,
0x00000000, 0x00000000, 0x00000000, 0x00000000, 0x00000000, 0x00000000, 0x00000000, 0x00000000, 0x00000000, 0x00000000, 0x00000000, 0x00000000, 0x00000000, 0x69008fbb, 0xf70091bc, 0xff0092be,
0xff0091bd, 0xff0091bd, 0xff0091bd, 0xff0091bd, 0xff0091bd, 0xff0091bd, 0xff0091bd, 0xff0091bd, 0xff0091bd, 0xff0091bd, 0xff0091bd, 0xff0091bd, 0xff0091bd, 0xff0091bd, 0xff0091bd, 0xff0091bd,
0xff0091bd, 0xff0091bd, 0xff0091bd, 0xff0091bd, 0xff0091bd, 0xff0091bd, 0xff0091bd, 0xff0092be, 0xff0094c1, 0xff0096c3, 0xff0093c0, 0xfe0090bc, 0xfe0090bc, 0xff0091bd, 0xff0093bf, 0xff0095c2,
0xff0095c3, 0xff0094c1, 0xff0092be, 0xff0091bd, 0xff0091bd, 0xff0091bd, 0xff0092be, 0x710090bd, 0x00000000, 0x00000000, 0x00000000, 0x00000000, 0x00000000, 0x00000000, 0x00000000, 0x00000000,
0x00000000, 0x00000000, 0x00000000, 0x00000000, 0x00000000, 0x00000000, 0x0600aad4, 0x910091bc, 0xff0096c4, 0xff0091bd, 0xff0091bd, 0xff0091bd, 0xff0091bd, 0xff0091bd, 0xff0091bd, 0xff0091bd,
0xff0091bd, 0xff0091bd, 0xff0091bd, 0xff0091bd, 0xff0091bd, 0xff0091bd, 0xff0091bd, 0xff0091bd, 0xff0091bd, 0xff0091bd, 0xff0091bd, 0xff0091bd, 0xff0091bd, 0xff0091bd, 0xff0091be, 0xff0094c2,
0xff0091bd, 0xee0091bd, 0xd80091be, 0xac0091bc, 0x920092be, 0x8c008fbb, 0x910091bd, 0xb40091bd, 0xe20091bc, 0xf70090bd, 0xff0094c1, 0xff0092be, 0xff0091bd, 0xff0091bd, 0xff0091bd, 0xff0091bd,
0xff0091bd, 0xff0091bd, 0xff0091bd, 0xff0091bd, 0xff0091bd, 0xff0091bd, 0xff0091bd, 0xff0091bd, 0xff0091bd, 0xff0091bd, 0xff0091bd, 0xff0091bd, 0xff0091bd, 0xff0091bd, 0xff0091bd, 0xff0091bd,
0xff0091bd, 0xff0091bd, 0xff0091bd, 0xff0091bd, 0xff0091bd, 0xff0091bd, 0xff0091bd, 0xff0092be, 0xff0095c2, 0xfe0090bc, 0xed0091bd, 0xd80091bc, 0xae0091bd, 0x950091bd, 0x8c008fbb, 0x990091be,
0xc3008fbd, 0xe90091bd, 0xfb0091bc, 0xff0094c1, 0xff0092be, 0xff0091bd, 0xff0091bd, 0xff0091bd, 0xff0091bd, 0xff0091bd, 0xff0091bd, 0xff0091bd, 0xff0091bd, 0xff0091bd, 0xff0091bd, 0xff0091bd,
0xff0091bd, 0xff0091bd, 0xff0091bd, 0xff0091bd, 0xff0091bd, 0xff0091bd, 0xff0097c5, 0xa80091bc, 0x0c0094bf, 0x00000000, 
/* -21- */
0x00000000, 0x00000000, 0x00000000, 0x00000000, 0x00000000, 0x00000000, 0x360092bc, 0xe10092bf, 0xff0094c1, 0xff0091bd, 0xff0091bd, 0xff0091bd, 0xff0091bd, 0xff0091bd, 0xff0091bd, 0xff0091bd,
0xff0091bd, 0xff0091bd, 0xff0091bd, 0xff0091bd, 0xff0091bd, 0xff0091bd, 0xff0091bd, 0xff0091bd, 0xff0091bd, 0xff0091bd, 0xff0091bd, 0xff0091bd, 0xff0095c2, 0xff0093c0, 0xdd0092be, 0xac0091bd,
0x690091bd, 0x2b0094bd, 0x0100ffff, 0x00000000, 0x00000000, 0x00000000, 0x00000000, 0x00000000, 0x00000000, 0x0300aaaa, 0x2e0090bc, 0x680090bc, 0xac008fbc, 0xd90091bd, 0xff0091be, 0xff0096c4,
0xff0091be, 0xff0091bd, 0xff0091bd, 0xff0091bd, 0xff0091bd, 0xff0091bd, 0xff0091bd, 0xff0091bd, 0xff0091bd, 0xff0091bd, 0xff0091bd, 0xff0091bd, 0xff0091bd, 0xff0091bd, 0xff0091bd, 0xff0091bd,
0xff0091bd, 0xff0091bd, 0xff0091bd, 0xff0091bd, 0xff0091bd, 0xff0091bd, 0xff0091bd, 0xff0091bd, 0xff0095c2, 0xb70090bd, 0x110087b4, 0x00000000, 0x00000000, 0x00000000, 0x00000000, 0x00000000,
0x00000000, 0x00000000, 0x00000000, 0x00000000, 0x00000000, 0x00000000, 0x00000000, 0x00000000, 0x00000000, 0x00000000, 0x00000000, 0x00000000, 0x00000000, 0x69008fbb, 0xf70091bc, 0xff0092be,
0xff0091bd, 0xff0091bd, 0xff0091bd, 0xff0091bd, 0xff0091bd, 0xff0091bd, 0xff0091bd, 0xff0091bd, 0xff0091bd, 0xff0091bd, 0xff0091bd, 0xff0091bd, 0xff0091bd, 0xff0091bd, 0xff0091bd, 0xff0091bd,
0xff0091bd, 0xff0091bd, 0xff0091bd, 0xff0091bd, 0xff0091bd, 0xff0092be, 0xff0097c5, 0xfc0090bd, 0xdb0090bd, 0xbf0091bd, 0xa00091bd, 0x860090bc, 0x860090be, 0x8c008fbb, 0x9c008fbb, 0xb00090bc,
0xc90090bd, 0xe00090bc, 0xff0091bd, 0xff0097c5, 0xff0092bf, 0xff0091be, 0xe60091bd, 0x14008cb2, 0x00000000, 0x00000000, 0x00000000, 0x00000000, 0x00000000, 0x00000000, 0x00000000, 0x00000000,
0x00000000, 0x00000000, 0x00000000, 0x00000000, 0x00000000, 0x00000000, 0x0600aad4, 0x910091bc, 0xff0096c4, 0xff0091bd, 0xff0091bd, 0xff0091bd, 0xff0091bd, 0xff0091bd, 0xff0091bd, 0xff0091bd,
0xff0091bd, 0xff0091bd, 0xff0091bd, 0xff0091bd, 0xff0091bd, 0xff0091bd, 0xff0091bd, 0xff0091bd, 0xff0091bd, 0xff0091bd, 0xff0091bd, 0xff0091bd, 0xff0091bd, 0xff0093bf, 0xff0094c1, 0xd80091bc,
0x8f0090bd, 0x360092bc, 0x010000ff, 0x00000000, 0x00000000, 0x00000000, 0x00000000, 0x00000000, 0x0e0091b6, 0x610090bd, 0xc50090bc, 0xfd0092bd, 0xff0093c0, 0xff0091bd, 0xff0091bd, 0xff0091bd,
0xff0091bd, 0xff0091bd, 0xff0091bd, 0xff0091bd, 0xff0091bd, 0xff0091bd, 0xff0091bd, 0xff0091bd, 0xff0091bd, 0xff0091bd, 0xff0091bd, 0xff0091bd, 0xff0091bd, 0xff0091bd, 0xff0091bd, 0xff0091bd,
0xff0091bd, 0xff0091bd, 0xff0091bd, 0xff0091bd, 0xff0091bd, 0xff0091bd, 0xff0093c0, 0xff0093c0, 0xd10091bb, 0x850091bb, 0x2f008dbd, 0x00000000, 0x00000000, 0x00000000, 0x00000000, 0x00000000,
0x00000000, 0x1d0095b8, 0x780092bd, 0xd50090be, 0xff0094c0, 0xff0092bf, 0xff0091bd, 0xff0091bd, 0xff0091bd, 0xff0091bd, 0xff0091bd, 0xff0091bd, 0xff0091bd, 0xff0091bd, 0xff0091bd, 0xff0091bd,
0xff0091bd, 0xff0091bd, 0xff0091bd, 0xff0091bd, 0xff0091bd, 0xff0091bd, 0xff0093c0, 0xe10091bd, 0x30008fbf, 0x00000000, 
/* -22- */
0x00000000, 0x00000000, 0x00000000, 0x00000000, 0x00000000, 0x0600aad4, 0x9e0091bc, 0xff0097c5, 0xff0091bd, 0xff0091bd, 0xff0091bd, 0xff0091bd, 0xff0091bd, 0xff0091bd, 0xff0091bd, 0xff0091bd,
0xff0091bd, 0xff0091bd, 0xff0091bd, 0xff0091bd, 0xff0091bd, 0xff0091bd, 0xff0091bd, 0xff0091bd, 0xff0091bd, 0xff0091bd, 0xff0092be, 0xff0096c3, 0xd90091be, 0x830090bc, 0x320093bc, 0x00000000,
0x00000000, 0x00000000, 0x00000000, 0x00000000, 0x00000000, 0x00000000, 0x00000000, 0x00000000, 0x00000000, 0x00000000, 0x00000000, 0x00000000, 0x00000000, 0x2a0091bc, 0x780090bd, 0xca0092bf,
0xff0094c2, 0xff0093c0, 0xff0091bd, 0xff0091bd, 0xff0091bd, 0xff0091bd, 0xff0091bd, 0xff0091bd, 0xff0091bd, 0xff0091bd, 0xff0091bd, 0xff0091bd, 0xff0091bd, 0xff0091bd, 0xff0091bd, 0xff0091bd,
0xff0091bd, 0xff0091bd, 0xff0091bd, 0xff0091bd, 0xff0091bd, 0xff0091bd, 0xff0091bd, 0xff0091bd, 0xff0095c2, 0xb70090bd, 0x110087b4, 0x00000000, 0x00000000, 0x00000000, 0x00000000, 0x00000000,
0x00000000, 0x00000000, 0x00000000, 0x00000000, 0x00000000, 0x00000000, 0x00000000, 0x00000000, 0x00000000, 0x00000000, 0x00000000, 0x00000000, 0x00000000, 0x69008fbb, 0xf70091bc, 0xff0092be,
0xff0091bd, 0xff0091bd, 0xff0091bd, 0xff0091bd, 0xff0091bd, 0xff0091bd, 0xff0091bd, 0xff0091bd, 0xff0091bd, 0xff0091bd, 0xff0091bd, 0xff0091bd, 0xff0091bd, 0xff0091bd, 0xff0091bd, 0xff0091bd,
0xff0091bd, 0xff0091bd, 0xff0091bd, 0xff0091bd, 0xff0094c1, 0xfe0090bc, 0xba0091be, 0x6e0092bb, 0x2e0090bc, 0x00000000, 0x00000000, 0x00000000, 0x00000000, 0x00000000, 0x00000000, 0x00000000,
0x0c0094bf, 0x37008fb9, 0x740091bd, 0xb50092be, 0xf80090bd, 0xff009bca, 0x800091bf, 0x00000000, 0x00000000, 0x00000000, 0x00000000, 0x00000000, 0x00000000, 0x00000000, 0x00000000, 0x00000000,
0x00000000, 0x00000000, 0x00000000, 0x00000000, 0x00000000, 0x00000000, 0x0600aad4, 0x910091bc, 0xff0096c4, 0xff0091bd, 0xff0091bd, 0xff0091bd, 0xff0091bd, 0xff0091bd, 0xff0091bd, 0xff0091bd,
0xff0091bd, 0xff0091bd, 0xff0091bd, 0xff0091bd, 0xff0091bd, 0xff0091bd, 0xff0091bd, 0xff0091bd, 0xff0091bd, 0xff0091bd, 0xff0091bd, 0xff0091bd, 0xff0094c1, 0xf50090bd, 0x950091bc, 0x280092b8,
0x00000000, 0x00000000, 0x00000000, 0x00000000, 0x00000000, 0x00000000, 0x00000000, 0x00000000, 0x00000000, 0x00000000, 0x130093bb, 0x860090be, 0xf30092c0, 0xff0093c0, 0xff0091bd, 0xff0091bd,
0xff0091bd, 0xff0091bd, 0xff0091bd, 0xff0091bd, 0xff0091bd, 0xff0091bd, 0xff0091bd, 0xff0091bd, 0xff0091bd, 0xff0091bd, 0xff0091bd, 0xff0091bd, 0xff0091bd, 0xff0091bd, 0xff0091bd, 0xff0091bd,
0xff0091bd, 0xff0091bd, 0xff0091bd, 0xff0091bd, 0xff0091bd, 0xff0094c1, 0xed0091be, 0x850091bb, 0x1e0090bb, 0x00000000, 0x00000000, 0x00000000, 0x00000000, 0x00000000, 0x00000000, 0x00000000,
0x00000000, 0x00000000, 0x00000000, 0x270089bd, 0xa30091bb, 0xff0092bf, 0xff0092be, 0xff0091bd, 0xff0091bd, 0xff0091bd, 0xff0091bd, 0xff0091bd, 0xff0091bd, 0xff0091bd, 0xff0091bd, 0xff0091bd,
0xff0091bd, 0xff0091bd, 0xff0091bd, 0xff0091bd, 0xff0091bd, 0xff0091bd, 0xff0091bd, 0xff0096c3, 0x580093bf, 0x00000000, 
/* -23- */
0x00000000, 0x00000000, 0x00000000, 0x00000000, 0x00000000, 0x47008fbe, 0xf60093bf, 0xff0091be, 0xff0091bd, 0xff0091bd, 0xff0091bd, 0xff0091bd, 0xff0091bd, 0xff0091bd, 0xff0091bd, 0xff0091bd,
0xff0091bd, 0xff0091bd, 0xff0091bd, 0xff0091bd, 0xff0091bd, 0xff0091bd, 0xff0091bd, 0xff0091bd, 0xff0091bd, 0xff0093c0, 0xfb0091bd, 0x9a0090bc, 0x30008fbf, 0x00000000, 0x00000000, 0x00000000,
0x00000000, 0x00000000, 0x00000000, 0x00000000, 0x00000000, 0x00000000, 0x00000000, 0x00000000, 0x00000000, 0x00000000, 0x00000000, 0x00000000, 0x00000000, 0x00000000, 0x00000000, 0x24008db8,
0x7c008fbd, 0xef0092bd, 0xff0093c0, 0xff0091bd, 0xff0091bd, 0xff0091bd, 0xff0091bd, 0xff0091bd, 0xff0091bd, 0xff0091bd, 0xff0091bd, 0xff0091bd, 0xff0091bd, 0xff0091bd, 0xff0091bd, 0xff0091bd,
0xff0091bd, 0xff0091bd, 0xff0091bd, 0xff0091bd, 0xff0091bd, 0xff0091bd, 0xff0091bd, 0xff0091bd, 0xff0095c2, 0xb70090bd, 0x110087b4, 0x00000000, 0x00000000, 0x00000000, 0x00000000, 0x00000000,
0x00000000, 0x00000000, 0x00000000, 0x00000000, 0x00000000, 0x00000000, 0x00000000, 0x00000000, 0x00000000, 0x00000000, 0x00000000, 0x00000000, 0x00000000, 0x69008fbb, 0xf70091bc, 0xff0092be,
0xff0091bd, 0xff0091bd, 0xff0091bd, 0xff0091bd, 0xff0091bd, 0xff0091bd, 0xff0091bd, 0xff0091bd, 0xff0091bd, 0xff0091bd, 0xff0091bd, 0xff0091bd, 0xff0091bd, 0xff0091bd, 0xff0091bd, 0xff0091bd,
0xff0091bd, 0xff0091bd, 0xff0091bd, 0xff0094c1, 0xe00091be, 0x660091be, 0x16008bb9, 0x00000000, 0x00000000, 0x00000000, 0x00000000, 0x00000000, 0x00000000, 0x00000000, 0x00000000, 0x00000000,
0x00000000, 0x00000000, 0x00000000, 0x12008dc6, 0x590092bd, 0xac0094c2, 0x27008fb7, 0x00000000, 0x00000000, 0x00000000, 0x00000000, 0x00000000, 0x00000000, 0x00000000, 0x00000000, 0x00000000,
0x00000000, 0x00000000, 0x00000000, 0x00000000, 0x00000000, 0x00000000, 0x070091b6, 0x920090bc, 0xff0096c4, 0xff0091bd, 0xff0091bd, 0xff0091bd, 0xff0091bd, 0xff0091bd, 0xff0091bd, 0xff0091bd,
0xff0091bd, 0xff0091bd, 0xff0091bd, 0xff0091bd, 0xff0091bd, 0xff0091bd, 0xff0091bd, 0xff0091bd, 0xff0091bd, 0xff0091bd, 0xff0091bd, 0xff0094c1, 0xe70091bd, 0x640091bc, 0x02007fff, 0x00000000,
0x00000000, 0x00000000, 0x00000000, 0x00000000, 0x00000000, 0x00000000, 0x00000000, 0x00000000, 0x00000000, 0x00000000, 0x00000000, 0x04007fbf, 0x75008fbd, 0xf80092be, 0xff0092be, 0xff0091bd,
0xff0091bd, 0xff0091bd, 0xff0091bd, 0xff0091bd, 0xff0091bd, 0xff0091bd, 0xff0091bd, 0xff0091bd, 0xff0091bd, 0xff0091bd, 0xff0091bd, 0xff0091bd, 0xff0091bd, 0xff0091bd, 0xff0091bd, 0xff0091bd,
0xff0091bd, 0xff0091bd, 0xff0091bd, 0xff0091bd, 0xff0094c2, 0xda0092bd, 0x4f0094be, 0x00000000, 0x00000000, 0x00000000, 0x00000000, 0x00000000, 0x00000000, 0x00000000, 0x00000000, 0x00000000,
0x00000000, 0x00000000, 0x00000000, 0x00000000, 0x0f0088bb, 0x960090bc, 0xff0093c0, 0xff0091bd, 0xff0091bd, 0xff0091bd, 0xff0091bd, 0xff0091bd, 0xff0091bd, 0xff0091bd, 0xff0091bd, 0xff0091bd,
0xff0091bd, 0xff0091bd, 0xff0091bd, 0xff0091bd, 0xff0091bd, 0xff0091bd, 0xff0091bd, 0xff0097c5, 0x8d0090bd, 0x06007faa, 
/* -24- */
0x00000000, 0x00000000, 0x00000000, 0x00000000, 0x0200ffff, 0xc00090bc, 0xff0094c1, 0xff0091bd, 0xff0091bd, 0xff0091bd, 0xff0091bd, 0xff0091bd, 0xff0091bd, 0xff0091bd, 0xff0091bd, 0xff0091bd,
0xff0091bd, 0xff0091bd, 0xff0091bd, 0xff0091bd, 0xff0091bd, 0xff0091bd, 0xff0091bd, 0xff0091bd, 0xff0094c0, 0xef0091bc, 0x620091bd, 0x0a0099b2, 0x00000000, 0x00000000, 0x00000000, 0x00000000,
0x00000000, 0x00000000, 0x00000000, 0x00000000, 0x00000000, 0x00000000, 0x00000000, 0x00000000, 0x00000000, 0x00000000, 0x00000000, 0x00000000, 0x00000000, 0x00000000, 0x00000000, 0x00000000,
0x0100ffff, 0x3d0092bc, 0xd00091be, 0xff0093c0, 0xff0091bd, 0xff0091bd, 0xff0091bd, 0xff0091bd, 0xff0091bd, 0xff0091bd, 0xff0091bd, 0xff0091bd, 0xff0091bd, 0xff0091bd, 0xff0091bd, 0xff0091bd,
0xff0091bd, 0xff0091bd, 0xff0091bd, 0xff0091bd, 0xff0091bd, 0xff0091bd, 0xff0091bd, 0xff0091bd, 0xff0095c2, 0xb70090bd, 0x110087b4, 0x00000000, 0x00000000, 0x00000000, 0x00000000, 0x00000000,
0x00000000, 0x00000000, 0x00000000, 0x00000000, 0x00000000, 0x00000000, 0x00000000, 0x00000000, 0x00000000, 0x00000000, 0x00000000, 0x00000000, 0x00000000, 0x69008fbb, 0xf70091bc, 0xff0092be,
0xff0091bd, 0xff0091bd, 0xff0091bd, 0xff0091bd, 0xff0091bd, 0xff0091bd, 0xff0091bd, 0xff0091bd, 0xff0091bd, 0xff0091bd, 0xff0091bd, 0xff0091bd, 0xff0091bd, 0xff0091bd, 0xff0091bd, 0xff0091bd,
0xff0091bd, 0xff0091bd, 0xff0093c0, 0xcb0091be, 0x2f0092bd, 0x00000000, 0x00000000, 0x00000000, 0x00000000, 0x00000000, 0x00000000, 0x00000000, 0x00000000, 0x00000000, 0x00000000, 0x00000000,
0x00000000, 0x00000000, 0x00000000, 0x00000000, 0x00000000, 0x10008faf, 0x02007f7f, 0x00000000, 0x00000000, 0x00000000, 0x00000000, 0x00000000, 0x00000000, 0x00000000, 0x00000000, 0x00000000,
0x00000000, 0x00000000, 0x00000000, 0x00000000, 0x00000000, 0x00000000, 0x070091b6, 0x920090bc, 0xff0096c4, 0xff0091bd, 0xff0091bd, 0xff0091bd, 0xff0091bd, 0xff0091bd, 0xff0091bd, 0xff0091bd,
0xff0091bd, 0xff0091bd, 0xff0091bd, 0xff0091bd, 0xff0091bd, 0xff0091bd, 0xff0091bd, 0xff0091bd, 0xff0091bd, 0xff0091bd, 0xff0094c0, 0xed0091be, 0x5d0091ba, 0x00000000, 0x00000000, 0x00000000,
0x00000000, 0x00000000, 0x00000000, 0x00000000, 0x00000000, 0x00000000, 0x00000000, 0x00000000, 0x00000000, 0x00000000, 0x00000000, 0x00000000, 0x06007faa, 0x9f0090bb, 0xff0092bf, 0xff0091bd,
0xff0091bd, 0xff0091bd, 0xff0091bd, 0xff0091bd, 0xff0091bd, 0xff0091bd, 0xff0091bd, 0xff0091bd, 0xff0091bd, 0xff0091bd, 0xff0091bd, 0xff0091bd, 0xff0091bd, 0xff0091bd, 0xff0091bd, 0xff0091bd,
0xff0091bd, 0xff0091bd, 0xff0091bd, 0xff0094c1, 0xde0091be, 0x430090be, 0x00000000, 0x00000000, 0x00000000, 0x00000000, 0x00000000, 0x00000000, 0x00000000, 0x00000000, 0x00000000, 0x00000000,
0x00000000, 0x00000000, 0x00000000, 0x00000000, 0x00000000, 0x0e0091b6, 0xbf0091bc, 0xff0093bf, 0xff0091bd, 0xff0091bd, 0xff0091bd, 0xff0091bd, 0xff0091bd, 0xff0091bd, 0xff0091bd, 0xff0091bd,
0xff0091bd, 0xff0091bd, 0xff0091bd, 0xff0091bd, 0xff0091bd, 0xff0091bd, 0xff0091bd, 0xff0094c1, 0xbe0090be, 0x130093bb, 
/* -25- */
0x00000000, 0x00000000, 0x00000000, 0x00000000, 0x410091bc, 0xfc0091bd, 0xff0091bd, 0xff0091bd, 0xff0091bd, 0xff0091bd, 0xff0091bd, 0xff0091bd, 0xff0091bd, 0xff0091bd, 0xff0091bd, 0xff0091bd,
0xff0091bd, 0xff0091bd, 0xff0091bd, 0xff0091bd, 0xff0091bd, 0xff0091bd, 0xff0091bd, 0xff0093c1, 0xe60090bc, 0x44008ebb, 0x00000000, 0x00000000, 0x00000000, 0x00000000, 0x00000000, 0x00000000,
0x00000000, 0x00000000, 0x00000000, 0x00000000, 0x00000000, 0x00000000, 0x00000000, 0x00000000, 0x00000000, 0x00000000, 0x00000000, 0x00000000, 0x00000000, 0x00000000, 0x00000000, 0x00000000,
0x00000000, 0x00000000, 0x1e0090bb, 0xba0091be, 0xff0093c0, 0xff0092be, 0xff0091bd, 0xff0091bd, 0xff0091bd, 0xff0091bd, 0xff0091bd, 0xff0091bd, 0xff0091bd, 0xff0091bd, 0xff0091bd, 0xff0091bd,
0xff0091bd, 0xff0091bd, 0xff0091bd, 0xff0091bd, 0xff0091bd, 0xff0091bd, 0xff0091bd, 0xff0091bd, 0xff0095c2, 0xb70090bd, 0x110087b4, 0x00000000, 0x00000000, 0x00000000, 0x00000000, 0x00000000,
0x00000000, 0x00000000, 0x00000000, 0x00000000, 0x00000000, 0x00000000, 0x00000000, 0x00000000, 0x00000000, 0x00000000, 0x00000000, 0x00000000, 0x00000000, 0x69008fbb, 0xf70091bc, 0xff0092be,
0xff0091bd, 0xff0091bd, 0xff0091bd, 0xff0091bd, 0xff0091bd, 0xff0091bd, 0xff0091bd, 0xff0091bd, 0xff0091bd, 0xff0091bd, 0xff0091bd, 0xff0091bd, 0xff0091bd, 0xff0091bd, 0xff0091bd, 0xff0091bd,
0xff0091bd, 0xff0094c1, 0xce0092bd, 0x1d0095b8, 0x00000000, 0x00000000, 0x00000000, 0x00000000, 0x00000000, 0x00000000, 0x00000000, 0x00000000, 0x00000000, 0x00000000, 0x00000000, 0x00000000,
0x00000000, 0x00000000, 0x00000000, 0x00000000, 0x00000000, 0x00000000, 0x00000000, 0x00000000, 0x00000000, 0x00000000, 0x00000000, 0x00000000, 0x00000000, 0x00000000, 0x00000000, 0x00000000,
0x00000000, 0x00000000, 0x00000000, 0x00000000, 0x00000000, 0x00000000, 0x070091b6, 0x920090bc, 0xff0096c4, 0xff0091bd, 0xff0091bd, 0xff0091bd, 0xff0091bd, 0xff0091bd, 0xff0091bd, 0xff0091bd,
0xff0091bd, 0xff0091bd, 0xff0091bd, 0xff0091bd, 0xff0091bd, 0xff0091bd, 0xff0091bd, 0xff0091bd, 0xff0091bd, 0xff0092be, 0xfe0090bc, 0x7e008fbc, 0x00000000, 0x00000000, 0x00000000, 0x00000000,
0x00000000, 0x00000000, 0x00000000, 0x00000000, 0x00000000, 0x00000000, 0x00000000, 0x00000000, 0x00000000, 0x00000000, 0x00000000, 0x00000000, 0x00000000, 0x170090bc, 0xe8008fbe, 0xff0092be,
0xff0091bd, 0xff0091bd, 0xff0091bd, 0xff0091bd, 0xff0091bd, 0xff0091bd, 0xff0091bd, 0xff0091bd, 0xff0091bd, 0xff0091bd, 0xff0091bd, 0xff0091bd, 0xff0091bd, 0xff0091bd, 0xff0091bd, 0xff0091bd,
0xff0091bd, 0xff0091bd, 0xff0093c0, 0xf40092be, 0x5e008fbb, 0x00000000, 0x00000000, 0x00000000, 0x00000000, 0x00000000, 0x00000000, 0x00000000, 0x00000000, 0x00000000, 0x00000000, 0x00000000,
0x00000000, 0x00000000, 0x00000000, 0x00000000, 0x00000000, 0x00000000, 0x36008db8, 0xf80092bd, 0xff0091be, 0xff0091bd, 0xff0091bd, 0xff0091bd, 0xff0091bd, 0xff0091bd, 0xff0091bd, 0xff0091bd,
0xff0091bd, 0xff0091bd, 0xff0091bd, 0xff0091bd, 0xff0091bd, 0xff0091bd, 0xff0091bd, 0xff0092bf, 0xea0092bd, 0x1f0094bd, 
/* -26- */
0x00000000, 0x00000000, 0x00000000, 0x02007f7f, 0xae0091bd, 0xff0093bf, 0xff0091bd, 0xff0091bd, 0xff0091bd, 0xff0091bd, 0xff0091bd, 0xff0091bd, 0xff0091bd, 0xff0091bd, 0xff0091bd, 0xff0091bd,
0xff0091bd, 0xff0091bd, 0xff0091bd, 0xff0091bd, 0xff0091bd, 0xff0091bd, 0xff0094c1, 0xe60091bd, 0x41008dbc, 0x00000000, 0x00000000, 0x00000000, 0x00000000, 0x00000000, 0x00000000, 0x00000000,
0x00000000, 0x00000000, 0x00000000, 0x00000000, 0x00000000, 0x00000000, 0x00000000, 0x00000000, 0x00000000, 0x00000000, 0x00000000, 0x00000000, 0x00000000, 0x00000000, 0x00000000, 0x00000000,
0x00000000, 0x00000000, 0x00000000, 0x1c0091bf, 0xb70090bd, 0xff0094c2, 0xff0092be, 0xff0091bd, 0xff0091bd, 0xff0091bd, 0xff0091bd, 0xff0091bd, 0xff0091bd, 0xff0091bd, 0xff0091bd, 0xff0091bd,
0xff0091bd, 0xff0091bd, 0xff0091bd, 0xff0091bd, 0xff0091bd, 0xff0091bd, 0xff0091bd, 0xff0091bd, 0xff0095c2, 0xb70090bd, 0x110087b4, 0x00000000, 0x00000000, 0x00000000, 0x00000000, 0x00000000,
0x00000000, 0x00000000, 0x00000000, 0x00000000, 0x00000000, 0x00000000, 0x00000000, 0x00000000, 0x00000000, 0x00000000, 0x00000000, 0x00000000, 0x00000000, 0x69008fbb, 0xf70091bc, 0xff0092be,
0xff0091bd, 0xff0091bd, 0xff0091bd, 0xff0091bd, 0xff0091bd, 0xff0091bd, 0xff0091bd, 0xff0091bd, 0xff0091bd, 0xff0091bd, 0xff0091bd, 0xff0091bd, 0xff0091bd, 0xff0091bd, 0xff0091bd, 0xff0091bd,
0xff0094c1, 0xe50091bd, 0x34008ebf, 0x00000000, 0x00000000, 0x00000000, 0x00000000, 0x00000000, 0x00000000, 0x00000000, 0x00000000, 0x00000000, 0x00000000, 0x00000000, 0x00000000, 0x00000000,
0x00000000, 0x00000000, 0x00000000, 0x00000000, 0x00000000, 0x00000000, 0x00000000, 0x00000000, 0x00000000, 0x00000000, 0x00000000, 0x00000000, 0x00000000, 0x00000000, 0x00000000, 0x00000000,
0x00000000, 0x00000000, 0x00000000, 0x00000000, 0x00000000, 0x00000000, 0x070091b6, 0x93008fbd, 0xff0096c4, 0xff0091bd, 0xff0091bd, 0xff0091bd, 0xff0091bd, 0xff0091bd, 0xff0091bd, 0xff0091bd,
0xff0091bd, 0xff0091bd, 0xff0091bd, 0xff0091bd, 0xff0091bd, 0xff0091bd, 0xff0091bd, 0xff0091bd, 0xff0091bd, 0xff0093c0, 0xc20090bd, 0x0a007fb2, 0x00000000, 0x00000000, 0x00000000, 0x00000000,
0x00000000, 0x00000000, 0x00000000, 0x00000000, 0x00000000, 0x00000000, 0x00000000, 0x00000000, 0x00000000, 0x00000000, 0x00000000, 0x00000000, 0x00000000, 0x00000000, 0x830091bc, 0xff0095c2,
0xff0091bd, 0xff0091bd, 0xff0091bd, 0xff0091bd, 0xff0091bd, 0xff0091bd, 0xff0091bd, 0xff0091bd, 0xff0091bd, 0xff0091bd, 0xff0091bd, 0xff0091bd, 0xff0091bd, 0xff0091bd, 0xff0091bd, 0xff0091bd,
0xff0091bd, 0xff0091bd, 0xfd0094c1, 0xa20092be, 0x0300aaaa, 0x00000000, 0x00000000, 0x00000000, 0x00000000, 0x00000000, 0x00000000, 0x00000000, 0x00000000, 0x00000000, 0x00000000, 0x00000000,
0x00000000, 0x00000000, 0x00000000, 0x00000000, 0x00000000, 0x00000000, 0x0a0099cc, 0xa40092bd, 0xff0097c4, 0xff0091bd, 0xff0091bd, 0xff0091bd, 0xff0091bd, 0xff0091bd, 0xff0091bd, 0xff0091bd,
0xff0091bd, 0xff0091bd, 0xff0091bd, 0xff0091bd, 0xff0091bd, 0xff0091bd, 0xff0091bd, 0xff0091bd, 0xff0094c0, 0x300094bf, 
/* -27- */
0x00000000, 0x00000000, 0x00000000, 0x300094bf, 0xeb0090bc, 0xff0093c0, 0xff0091bd, 0xff0091bd, 0xff0091bd, 0xff0091bd, 0xff0091bd, 0xff0091bd, 0xff0091bd, 0xff0091bd, 0xff0091bd, 0xff0091bd,
0xff0091bd, 0xff0091bd, 0xff0091bd, 0xff0091bd, 0xff0091bd, 0xff0093c0, 0xee0093c0, 0x57008fbb, 0x00000000, 0x00000000, 0x00000000, 0x00000000, 0x00000000, 0x00000000, 0x00000000, 0x00000000,
0x00000000, 0x00000000, 0x00000000, 0x00000000, 0x00000000, 0x00000000, 0x00000000, 0x00000000, 0x00000000, 0x00000000, 0x00000000, 0x00000000, 0x00000000, 0x00000000, 0x00000000, 0x00000000,
0x00000000, 0x00000000, 0x00000000, 0x00000000, 0x29008fba, 0xce0090bd, 0xff0094c1, 0xff0091bd, 0xff0091bd, 0xff0091bd, 0xff0091bd, 0xff0091bd, 0xff0091bd, 0xff0091bd, 0xff0091bd, 0xff0091bd,
0xff0091bd, 0xff0091bd, 0xff0091bd, 0xff0091bd, 0xff0091bd, 0xff0091bd, 0xff0091bd, 0xff0091bd, 0xff0095c2, 0xb70090bd, 0x110087b4, 0x00000000, 0x00000000, 0x00000000, 0x00000000, 0x00000000,
0x00000000, 0x00000000, 0x00000000, 0x00000000, 0x00000000, 0x00000000, 0x00000000, 0x00000000, 0x00000000, 0x00000000, 0x00000000, 0x00000000, 0x00000000, 0x69008fbb, 0xf70091bc, 0xff0092be,
0xff0091bd, 0xff0091bd, 0xff0091bd, 0xff0091bd, 0xff0091bd, 0xff0091bd, 0xff0091bd, 0xff0091bd, 0xff0091bd, 0xff0091bd, 0xff0091bd, 0xff0091bd, 0xff0091bd, 0xff0091bd, 0xff0091bd, 0xff0092be,
0xf80095c2, 0x640091bc, 0x00000000, 0x00000000, 0x00000000, 0x00000000, 0x00000000, 0x00000000, 0x00000000, 0x00000000, 0x00000000, 0x00000000, 0x00000000, 0x00000000, 0x00000000, 0x00000000,
0x00000000, 0x00000000, 0x00000000, 0x00000000, 0x00000000, 0x00000000, 0x00000000, 0x00000000, 0x00000000, 0x00000000, 0x00000000, 0x00000000, 0x00000000, 0x00000000, 0x00000000, 0x00000000,
0x00000000, 0x00000000, 0x00000000, 0x00000000, 0x00000000, 0x00000000, 0x070091b6, 0x920090bc, 0xff0096c4, 0xff0091bd, 0xff0091bd, 0xff0091bd, 0xff0091bd, 0xff0091bd, 0xff0091bd, 0xff0091bd,
0xff0091bd, 0xff0091bd, 0xff0091bd, 0xff0091bd, 0xff0091bd, 0xff0091bd, 0xff0091bd, 0xff0091bd, 0xff0091bd, 0xfc0091bd, 0x430090be, 0x00000000, 0x00000000, 0x00000000, 0x00000000, 0x00000000,
0x00000000, 0x00000000, 0x00000000, 0x00000000, 0x00000000, 0x00000000, 0x00000000, 0x00000000, 0x00000000, 0x00000000, 0x00000000, 0x00000000, 0x00000000, 0x00000000, 0x2e0090bc, 0xf50092bf,
0xff0092be, 0xff0091bd, 0xff0091bd, 0xff0091bd, 0xff0091bd, 0xff0091bd, 0xff0091bd, 0xff0091bd, 0xff0091bd, 0xff0091bd, 0xff0091bd, 0xff0091bd, 0xff0091bd, 0xff0091bd, 0xff0091bd, 0xff0091bd,
0xff0091bd, 0xff0093c0, 0xe90090bc, 0x2d0093bb, 0x00000000, 0x00000000, 0x00000000, 0x00000000, 0x00000000, 0x00000000, 0x00000000, 0x00000000, 0x00000000, 0x00000000, 0x00000000, 0x00000000,
0x00000000, 0x00000000, 0x00000000, 0x00000000, 0x00000000, 0x00000000, 0x00000000, 0x550090ba, 0xfb0095c3, 0xff0092be, 0xff0091bd, 0xff0091bd, 0xff0091bd, 0xff0091bd, 0xff0091bd, 0xff0091bd,
0xff0091bd, 0xff0091bd, 0xff0091bd, 0xff0091bd, 0xff0091bd, 0xff0091bd, 0xff0091bd, 0xff0091bd, 0xff0095c2, 0x570092be, 
/* -28- */
0x00000000, 0x00000000, 0x00000000, 0x830091bc, 0xfc0092be, 0xff0091be, 0xff0091bd, 0xff0091bd, 0xff0091bd, 0xff0091bd, 0xff0091bd, 0xff0091bd, 0xff0091bd, 0xff0091bd, 0xff0091bd, 0xff0091bd,
0xff0091bd, 0xff0091bd, 0xff0091bd, 0xff0091bd, 0xff0092be, 0xfc0092bf, 0x86008ebc, 0x0600aaaa, 0x00000000, 0x00000000, 0x00000000, 0x00000000, 0x00000000, 0x00000000, 0x00000000, 0x00000000,
0x00000000, 0x00000000, 0x00000000, 0x00000000, 0x00000000, 0x00000000, 0x00000000, 0x00000000, 0x00000000, 0x00000000, 0x00000000, 0x00000000, 0x00000000, 0x00000000, 0x00000000, 0x00000000,
0x00000000, 0x00000000, 0x00000000, 0x00000000, 0x00000000, 0x42008ebd, 0xed0091bd, 0xff0093bf, 0xff0091bd, 0xff0091bd, 0xff0091bd, 0xff0091bd, 0xff0091bd, 0xff0091bd, 0xff0091bd, 0xff0091bd,
0xff0091bd, 0xff0091bd, 0xff0091bd, 0xff0091bd, 0xff0091bd, 0xff0091bd, 0xff0091bd, 0xff0091bd, 0xff0095c2, 0xb70090bd, 0x110087b4, 0x00000000, 0x00000000, 0x00000000, 0x00000000, 0x00000000,
0x00000000, 0x00000000, 0x00000000, 0x00000000, 0x00000000, 0x00000000, 0x00000000, 0x00000000, 0x00000000, 0x00000000, 0x00000000, 0x00000000, 0x00000000, 0x69008fbb, 0xf70091bc, 0xff0092be,
0xff0091bd, 0xff0091bd, 0xff0091bd, 0xff0091bd, 0xff0091bd, 0xff0091bd, 0xff0091bd, 0xff0091bd, 0xff0091bd, 0xff0091bd, 0xff0091bd, 0xff0091bd, 0xff0091bd, 0xff0091bd, 0xff0091bd, 0xff0096c4,
0xb60090bd, 0x10008faf, 0x00000000, 0x00000000, 0x00000000, 0x00000000, 0x00000000, 0x00000000, 0x00000000, 0x00000000, 0x00000000, 0x00000000, 0x00000000, 0x00000000, 0x00000000, 0x00000000,
0x00000000, 0x00000000, 0x00000000, 0x00000000, 0x00000000, 0x00000000, 0x00000000, 0x00000000, 0x00000000, 0x00000000, 0x00000000, 0x00000000, 0x00000000, 0x00000000, 0x00000000, 0x00000000,
0x00000000, 0x00000000, 0x00000000, 0x00000000, 0x00000000, 0x00000000, 0x070091b6, 0x93008fbd, 0xff0096c4, 0xff0091bd, 0xff0091bd, 0xff0091bd, 0xff0091bd, 0xff0091bd, 0xff0091bd, 0xff0091bd,
0xff0091bd, 0xff0091bd, 0xff0091bd, 0xff0091bd, 0xff0091bd, 0xff0091bd, 0xff0091bd, 0xff0091bd, 0xff0093bf, 0xc00090bd, 0x0300aaaa, 0x00000000, 0x00000000, 0x00000000, 0x00000000, 0x00000000,
0x00000000, 0x00000000, 0x00000000, 0x00000000, 0x00000000, 0x00000000, 0x00000000, 0x00000000, 0x00000000, 0x00000000, 0x00000000, 0x00000000, 0x00000000, 0x00000000, 0x110096c3, 0xc10091bc,
0xff0094c1, 0xff0091bd, 0xff0091bd, 0xff0091bd, 0xff0091bd, 0xff0091bd, 0xff0091bd, 0xff0091bd, 0xff0091bd, 0xff0091bd, 0xff0091bd, 0xff0091bd, 0xff0091bd, 0xff0091bd, 0xff0091bd, 0xff0091bd,
0xff0091bd, 0xff0092be, 0xa30091bd, 0x00000000, 0x00000000, 0x00000000, 0x00000000, 0x00000000, 0x00000000, 0x00000000, 0x00000000, 0x00000000, 0x00000000, 0x00000000, 0x00000000, 0x00000000,
0x00000000, 0x00000000, 0x00000000, 0x00000000, 0x00000000, 0x00000000, 0x00000000, 0x2b0094bd, 0xda008fbc, 0xff0094c1, 0xff0091bd, 0xff0091bd, 0xff0091bd, 0xff0091bd, 0xff0091bd, 0xff0091bd,
0xff0091bd, 0xff0091bd, 0xff0091bd, 0xff0091bd, 0xff0091bd, 0xff0091bd, 0xff0091bd, 0xff0091bd, 0xff0093c0, 0x770091bc, 
/* -29- */
0x00000000, 0x00000000, 0x0b008bb9, 0xbd0090bc, 0xff0096c3, 0xff0091bd, 0xff0091bd, 0xff0091bd, 0xff0091bd, 0xff0091bd, 0xff0091bd, 0xff0091bd, 0xff0091bd, 0xff0091bd, 0xff0091bd, 0xff0091bd,
0xff0091bd, 0xff0091bd, 0xff0091bd, 0xff0091bd, 0xff0096c3, 0xc50090bc, 0x12009bb8, 0x00000000, 0x00000000, 0x00000000, 0x00000000, 0x00000000, 0x00000000, 0x00000000, 0x00000000, 0x00000000,
0x00000000, 0x00000000, 0x00000000, 0x00000000, 0x00000000, 0x00000000, 0x00000000, 0x00000000, 0x00000000, 0x00000000, 0x00000000, 0x00000000, 0x00000000, 0x00000000, 0x00000000, 0x00000000,
0x00000000, 0x00000000, 0x00000000, 0x00000000, 0x00000000, 0x00000000, 0x800091bd, 0xff0091be, 0xff0091bd, 0xff0091bd, 0xff0091bd, 0xff0091bd, 0xff0091bd, 0xff0091bd, 0xff0091bd, 0xff0091bd,
0xff0091bd, 0xff0091bd, 0xff0091bd, 0xff0091bd, 0xff0091bd, 0xff0091bd, 0xff0091bd, 0xff0091bd, 0xff0095c2, 0xb70090bd, 0x110087b4, 0x00000000, 0x00000000, 0x00000000, 0x00000000, 0x00000000,
0x00000000, 0x00000000, 0x00000000, 0x00000000, 0x00000000, 0x00000000, 0x00000000, 0x00000000, 0x00000000, 0x00000000, 0x00000000, 0x00000000, 0x00000000, 0x69008fbb, 0xf70091bc, 0xff0092be,
0xff0091bd, 0xff0091bd, 0xff0091bd, 0xff0091bd, 0xff0091bd, 0xff0091bd, 0xff0091bd, 0xff0091bd, 0xff0091bd, 0xff0091bd, 0xff0091bd, 0xff0091bd, 0xff0091bd, 0xff0091bd, 0xff0093bf, 0xf20092be,
0x5a0090bd, 0x00000000, 0x00000000, 0x00000000, 0x00000000, 0x00000000, 0x00000000, 0x00000000, 0x00000000, 0x00000000, 0x00000000, 0x00000000, 0x00000000, 0x00000000, 0x00000000, 0x00000000,
0x00000000, 0x00000000, 0x00000000, 0x00000000, 0x00000000, 0x00000000, 0x00000000, 0x00000000, 0x00000000, 0x00000000, 0x00000000, 0x00000000, 0x00000000, 0x00000000, 0x00000000, 0x00000000,
0x00000000, 0x00000000, 0x00000000, 0x00000000, 0x00000000, 0x00000000, 0x070091b6, 0x93008fbd, 0xff0096c4, 0xff0091bd, 0xff0091bd, 0xff0091bd, 0xff0091bd, 0xff0091bd, 0xff0091bd, 0xff0091bd,
0xff0091bd, 0xff0091bd, 0xff0091bd, 0xff0091bd, 0xff0091bd, 0xff0091bd, 0xff0091bd, 0xff0091bd, 0xff0095c2, 0x610090bd, 0x00000000, 0x00000000, 0x00000000, 0x00000000, 0x00000000, 0x00000000,
0x00000000, 0x00000000, 0x00000000, 0x00000000, 0x00000000, 0x00000000, 0x00000000, 0x00000000, 0x00000000, 0x00000000, 0x00000000, 0x00000000, 0x00000000, 0x00000000, 0x0600aad4, 0x900091bd,
0xff0097c4, 0xff0091bd, 0xff0091bd, 0xff0091bd, 0xff0091bd, 0xff0091bd, 0xff0091bd, 0xff0091bd, 0xff0091bd, 0xff0091bd, 0xff0091bd, 0xff0091bd, 0xff0091bd, 0xff0091bd, 0xff0091bd, 0xff0091bd,
0xff0091bd, 0xfd0091bc, 0x440092bb, 0x00000000, 0x00000000, 0x00000000, 0x00000000, 0x00000000, 0x00000000, 0x00000000, 0x00000000, 0x00000000, 0x00000000, 0x00000000, 0x00000000, 0x00000000,
0x00000000, 0x00000000, 0x00000000, 0x00000000, 0x00000000, 0x00000000, 0x00000000, 0x130093bb, 0xb3008fbd, 0xff0097c4, 0xff0091bd, 0xff0091bd, 0xff0091bd, 0xff0091bd, 0xff0091bd, 0xff0091bd,
0xff0091bd, 0xff0091bd, 0xff0091bd, 0xff0091bd, 0xff0091bd, 0xff0091bd, 0xff0091bd, 0xff0091bd, 0xff0093c0, 0x8f0090bd, 
/* -30- */
0x00000000, 0x00000000, 0x3e008fbd, 0xe40091bd, 0xff0094c1, 0xff0091bd, 0xff0091bd, 0xff0091bd, 0xff0091bd, 0xff0091bd, 0xff0091bd, 0xff0091bd, 0xff0091bd, 0xff0091bd, 0xff0091bd, 0xff0091bd,
0xff0091bd, 0xff0091bd, 0xff0091bd, 0xff0092bf, 0xf30091bc, 0x520092bd, 0x00000000, 0x00000000, 0x00000000, 0x00000000, 0x00000000, 0x00000000, 0x00000000, 0x00000000, 0x00000000, 0x00000000,
0x00000000, 0x00000000, 0x00000000, 0x00000000, 0x00000000, 0x00000000, 0x00000000, 0x00000000, 0x00000000, 0x00000000, 0x00000000, 0x00000000, 0x00000000, 0x00000000, 0x00000000, 0x00000000,
0x00000000, 0x00000000, 0x00000000, 0x00000000, 0x00000000, 0x00000000, 0x0e0091b6, 0xd90091bd, 0xff0092bf, 0xff0091bd, 0xff0091bd, 0xff0091bd, 0xff0091bd, 0xff0091bd, 0xff0091bd, 0xff0091bd,
0xff0091bd, 0xff0091bd, 0xff0091bd, 0xff0091bd, 0xff0091bd, 0xff0091bd, 0xff0091bd, 0xff0091bd, 0xff0095c2, 0xb70090bd, 0x110087b4, 0x00000000, 0x00000000, 0x00000000, 0x00000000, 0x00000000,
0x00000000, 0x00000000, 0x00000000, 0x00000000, 0x00000000, 0x00000000, 0x00000000, 0x00000000, 0x00000000, 0x00000000, 0x00000000, 0x00000000, 0x00000000, 0x69008fbb, 0xf70091bc, 0xff0092be,
0xff0091bd, 0xff0091bd, 0xff0091bd, 0xff0091bd, 0xff0091bd, 0xff0091bd, 0xff0091bd, 0xff0091bd, 0xff0091bd, 0xff0091bd, 0xff0091bd, 0xff0091bd, 0xff0091bd, 0xff0091bd, 0xff0095c3, 0xc80091bc,
0x17009bbc, 0x00000000, 0x00000000, 0x00000000, 0x00000000, 0x00000000, 0x00000000, 0x00000000, 0x00000000, 0x00000000, 0x00000000, 0x00000000, 0x00000000, 0x00000000, 0x00000000, 0x00000000,
0x00000000, 0x00000000, 0x00000000, 0x00000000, 0x00000000, 0x00000000, 0x00000000, 0x00000000, 0x00000000, 0x00000000, 0x00000000, 0x00000000, 0x00000000, 0x00000000, 0x00000000, 0x00000000,
0x00000000, 0x00000000, 0x00000000, 0x00000000, 0x00000000, 0x00000000, 0x070091b6, 0x93008fbd, 0xff0096c4, 0xff0091bd, 0xff0091bd, 0xff0091bd, 0xff0091bd, 0xff0091bd, 0xff0091bd, 0xff0091bd,
0xff0091bd, 0xff0091bd, 0xff0091bd, 0xff0091bd, 0xff0091bd, 0xff0091bd, 0xff0091bd, 0xff0092be, 0xf60092bc, 0x240094bf, 0x00000000, 0x00000000, 0x00000000, 0x00000000, 0x00000000, 0x00000000,
0x00000000, 0x00000000, 0x00000000, 0x00000000, 0x00000000, 0x00000000, 0x00000000, 0x00000000, 0x00000000, 0x00000000, 0x00000000, 0x00000000, 0x00000000, 0x00000000, 0x00000000, 0x65008fbd,
0xff0098c7, 0xff0091bd, 0xff0091bd, 0xff0091bd, 0xff0091bd, 0xff0091bd, 0xff0091bd, 0xff0091bd, 0xff0091bd, 0xff0091bd, 0xff0091bd, 0xff0091bd, 0xff0091bd, 0xff0091bd, 0xff0091bd, 0xff0091bd,
0xff0092be, 0xe70090bc, 0x09008dc6, 0x00000000, 0x00000000, 0x00000000, 0x00000000, 0x00000000, 0x00000000, 0x00000000, 0x00000000, 0x00000000, 0x00000000, 0x00000000, 0x00000000, 0x00000000,
0x00000000, 0x00000000, 0x00000000, 0x00000000, 0x00000000, 0x00000000, 0x00000000, 0x01000000, 0x920090bc, 0xff0098c7, 0xff0091bd, 0xff0091bd, 0xff0091bd, 0xff0091bd, 0xff0091bd, 0xff0091bd,
0xff0091bd, 0xff0091bd, 0xff0091bd, 0xff0091bd, 0xff0091bd, 0xff0091bd, 0xff0091bd, 0xff0091bd, 0xff0093bf, 0xa60090bc, 
/* -31- */
0x00000000, 0x00000000, 0x700091bc, 0xff0093c0, 0xff0092be, 0xff0091bd, 0xff0091bd, 0xff0091bd, 0xff0091bd, 0xff0091bd, 0xff0091bd, 0xff0091bd, 0xff0091bd, 0xff0091bd, 0xff0091bd, 0xff0091bd,
0xff0091bd, 0xff0091bd, 0xff0091bd, 0xff0093bf, 0xba0091bd, 0x00000000, 0x00000000, 0x00000000, 0x00000000, 0x00000000, 0x00000000, 0x00000000, 0x00000000, 0x00000000, 0x00000000, 0x00000000,
0x00000000, 0x00000000, 0x00000000, 0x00000000, 0x00000000, 0x00000000, 0x00000000, 0x00000000, 0x00000000, 0x00000000, 0x00000000, 0x00000000, 0x00000000, 0x00000000, 0x00000000, 0x00000000,
0x00000000, 0x00000000, 0x00000000, 0x00000000, 0x00000000, 0x00000000, 0x00000000, 0x5e0092bd, 0xff0094c1, 0xff0091bd, 0xff0091bd, 0xff0091bd, 0xff0091bd, 0xff0091bd, 0xff0091bd, 0xff0091bd,
0xff0091bd, 0xff0091bd, 0xff0091bd, 0xff0091bd, 0xff0091bd, 0xff0091bd, 0xff0091bd, 0xff0091bd, 0xff0095c2, 0xb70090bd, 0x110087b4, 0x00000000, 0x00000000, 0x00000000, 0x00000000, 0x00000000,
0x00000000, 0x00000000, 0x00000000, 0x00000000, 0x00000000, 0x00000000, 0x00000000, 0x00000000, 0x00000000, 0x00000000, 0x00000000, 0x00000000, 0x00000000, 0x69008fbb, 0xf70091bc, 0xff0092be,
0xff0091bd, 0xff0091bd, 0xff0091bd, 0xff0091bd, 0xff0091bd, 0xff0091bd, 0xff0091bd, 0xff0091bd, 0xff0091bd, 0xff0091bd, 0xff0091bd, 0xff0091bd, 0xff0091bd, 0xff0091bd, 0xfe0092bf, 0x900092bd,
0x00000000, 0x00000000, 0x00000000, 0x00000000, 0x00000000, 0x00000000, 0x00000000, 0x00000000, 0x00000000, 0x00000000, 0x00000000, 0x00000000, 0x00000000, 0x00000000, 0x00000000, 0x00000000,
0x00000000, 0x00000000, 0x00000000, 0x00000000, 0x00000000, 0x00000000, 0x00000000, 0x00000000, 0x00000000, 0x00000000, 0x00000000, 0x00000000, 0x00000000, 0x00000000, 0x00000000, 0x00000000,
0x00000000, 0x00000000, 0x00000000, 0x00000000, 0x00000000, 0x00000000, 0x070091b6, 0x93008fbd, 0xff0096c4, 0xff0091bd, 0xff0091bd, 0xff0091bd, 0xff0091bd, 0xff0091bd, 0xff0091bd, 0xff0091bd,
0xff0091bd, 0xff0091bd, 0xff0091bd, 0xff0091bd, 0xff0091bd, 0xff0091bd, 0xff0091bd, 0xff0094c1, 0xc10090bc, 0x130093bb, 0x00000000, 0x00000000, 0x00000000, 0x00000000, 0x00000000, 0x00000000,
0x00000000, 0x00000000, 0x00000000, 0x00000000, 0x00000000, 0x00000000, 0x00000000, 0x00000000, 0x00000000, 0x00000000, 0x00000000, 0x00000000, 0x00000000, 0x00000000, 0x00000000, 0x4b0092be,
0xff0096c3, 0xff0091bd, 0xff0091bd, 0xff0091bd, 0xff0091bd, 0xff0091bd, 0xff0091bd, 0xff0091bd, 0xff0091bd, 0xff0091bd, 0xff0091bd, 0xff0091bd, 0xff0091bd, 0xff0091bd, 0xff0091bd, 0xff0091bd,
0xff0093bf, 0xaa0091bd, 0x02007f7f, 0x00000000, 0x00000000, 0x00000000, 0x00000000, 0x00000000, 0x00000000, 0x00000000, 0x00000000, 0x00000000, 0x00000000, 0x00000000, 0x00000000, 0x00000000,
0x00000000, 0x00000000, 0x00000000, 0x00000000, 0x00000000, 0x00000000, 0x00000000, 0x00000000, 0x7b008fbc, 0xff0097c6, 0xff0091bd, 0xff0091bd, 0xff0091bd, 0xff0091bd, 0xff0091bd, 0xff0091bd,
0xff0091bd, 0xff0091bd, 0xff0091bd, 0xff0091bd, 0xff0091bd, 0xff0091bd, 0xff0091bd, 0xff0091bd, 0xff0092bf, 0xb60091be, 
/* -32- */
0x00000000, 0x05009999, 0x980090bb, 0xff0099c7, 0xff0091bd, 0xff0091bd, 0xff0091bd, 0xff0091bd, 0xff0091bd, 0xff0091bd, 0xff0091bd, 0xff0091bd, 0xff0091bd, 0xff0091bd, 0xff0091bd, 0xff0091bd,
0xff0091bd, 0xff0091bd, 0xff0091bd, 0xfd0091bd, 0x450090bc, 0x00000000, 0x00000000, 0x00000000, 0x00000000, 0x00000000, 0x00000000, 0x00000000, 0x00000000, 0x00000000, 0x00000000, 0x00000000,
0x00000000, 0x00000000, 0x00000000, 0x00000000, 0x00000000, 0x00000000, 0x00000000, 0x00000000, 0x00000000, 0x00000000, 0x00000000, 0x00000000, 0x00000000, 0x00000000, 0x00000000, 0x00000000,
0x00000000, 0x00000000, 0x00000000, 0x00000000, 0x00000000, 0x00000000, 0x00000000, 0x170090b1, 0xd70090bc, 0xff0093c0, 0xff0091bd, 0xff0091bd, 0xff0091bd, 0xff0091bd, 0xff0091bd, 0xff0091bd,
0xff0091bd, 0xff0091bd, 0xff0091bd, 0xff0091bd, 0xff0091bd, 0xff0091bd, 0xff0091bd, 0xff0091bd, 0xff0095c2, 0xb70090bd, 0x110087b4, 0x00000000, 0x00000000, 0x00000000, 0x00000000, 0x00000000,
0x00000000, 0x00000000, 0x00000000, 0x00000000, 0x00000000, 0x00000000, 0x00000000, 0x00000000, 0x00000000, 0x00000000, 0x00000000, 0x00000000, 0x00000000, 0x69008fbb, 0xf70091bc, 0xff0092be,
0xff0091bd, 0xff0091bd, 0xff0091bd, 0xff0091bd, 0xff0091bd, 0xff0091bd, 0xff0091bd, 0xff0091bd, 0xff0091bd, 0xff0091bd, 0xff0091bd, 0xff0091bd, 0xff0091bd, 0xff0092be, 0xf20090bc, 0x530093be,
0x00000000, 0x00000000, 0x00000000, 0x00000000, 0x00000000, 0x00000000, 0x00000000, 0x00000000, 0x00000000, 0x00000000, 0x00000000, 0x00000000, 0x00000000, 0x00000000, 0x00000000, 0x00000000,
0x00000000, 0x00000000, 0x00000000, 0x00000000, 0x00000000, 0x00000000, 0x00000000, 0x00000000, 0x00000000, 0x00000000, 0x00000000, 0x00000000, 0x00000000, 0x00000000, 0x00000000, 0x00000000,
0x00000000, 0x00000000, 0x00000000, 0x00000000, 0x00000000, 0x00000000, 0x070091b6, 0x93008fbd, 0xff0096c4, 0xff0091bd, 0xff0091bd, 0xff0091bd, 0xff0091bd, 0xff0091bd, 0xff0091bd, 0xff0091bd,
0xff0091bd, 0xff0091bd, 0xff0091bd, 0xff0091bd, 0xff0091bd, 0xff0091bd, 0xff0091bd, 0xff0096c4, 0x96008ebc, 0x070091da, 0x00000000, 0x00000000, 0x00000000, 0x00000000, 0x00000000, 0x00000000,
0x00000000, 0x00000000, 0x00000000, 0x00000000, 0x00000000, 0x00000000, 0x00000000, 0x00000000, 0x00000000, 0x00000000, 0x00000000, 0x00000000, 0x00000000, 0x00000000, 0x00000000, 0x400093bf,
0xf80090bd, 0xff0092be, 0xff0091bd, 0xff0091bd, 0xff0091bd, 0xff0091bd, 0xff0091bd, 0xff0091bd, 0xff0091bd, 0xff0091bd, 0xff0091bd, 0xff0091bd, 0xff0091bd, 0xff0091bd, 0xff0091bd, 0xff0091bd,
0xff0094c0, 0x760092be, 0x00000000, 0x00000000, 0x00000000, 0x00000000, 0x00000000, 0x00000000, 0x00000000, 0x00000000, 0x00000000, 0x00000000, 0x00000000, 0x00000000, 0x00000000, 0x00000000,
0x00000000, 0x00000000, 0x00000000, 0x00000000, 0x00000000, 0x00000000, 0x00000000, 0x00000000, 0x6a0092be, 0xfd0093bf, 0xff0092be, 0xff0091bd, 0xff0091bd, 0xff0091bd, 0xff0091bd, 0xff0091bd,
0xff0091bd, 0xff0091bd, 0xff0091bd, 0xff0091bd, 0xff0091bd, 0xff0091bd, 0xff0091bd, 0xff0091bd, 0xff0092bf, 0xbe0092bd, 
/* -33- */
0x00000000, 0x1b008dbc, 0xc00090bc, 0xff0096c3, 0xff0091bd, 0xff0091bd, 0xff0091bd, 0xff0091bd, 0xff0091bd, 0xff0091bd, 0xff0091bd, 0xff0091bd, 0xff0091bd, 0xff0091bd, 0xff0091bd, 0xff0091bd,
0xff0091bd, 0xff0091bd, 0xff0092bf, 0xce0092bd, 0x05009999, 0x00000000, 0x00000000, 0x00000000, 0x00000000, 0x00000000, 0x00000000, 0x00000000, 0x00000000, 0x00000000, 0x00000000, 0x00000000,
0x00000000, 0x00000000, 0x00000000, 0x00000000, 0x00000000, 0x00000000, 0x00000000, 0x00000000, 0x00000000, 0x00000000, 0x00000000, 0x00000000, 0x00000000, 0x00000000, 0x00000000, 0x00000000,
0x00000000, 0x00000000, 0x00000000, 0x00000000, 0x00000000, 0x00000000, 0x00000000, 0x04007f7f, 0x7b0091bc, 0xff0098c6, 0xff0091bd, 0xff0091bd, 0xff0091bd, 0xff0091bd, 0xff0091bd, 0xff0091bd,
0xff0091bd, 0xff0091bd, 0xff0091bd, 0xff0091bd, 0xff0091bd, 0xff0091bd, 0xff0091bd, 0xff0091bd, 0xff0095c2, 0xb70090bd, 0x110087b4, 0x00000000, 0x00000000, 0x00000000, 0x00000000, 0x00000000,
0x00000000, 0x00000000, 0x00000000, 0x00000000, 0x00000000, 0x00000000, 0x00000000, 0x00000000, 0x00000000, 0x00000000, 0x00000000, 0x00000000, 0x00000000, 0x69008fbb, 0xf70091bc, 0xff0092be,
0xff0091bd, 0xff0091bd, 0xff0091bd, 0xff0091bd, 0xff0091bd, 0xff0091bd, 0xff0091bd, 0xff0091bd, 0xff0091bd, 0xff0091bd, 0xff0091bd, 0xff0091bd, 0xff0091bd, 0xff0093c0, 0xe40090bd, 0x1d008cb8,
0x00000000, 0x00000000, 0x00000000, 0x00000000, 0x00000000, 0x00000000, 0x00000000, 0x00000000, 0x00000000, 0x00000000, 0x00000000, 0x00000000, 0x00000000, 0x00000000, 0x00000000, 0x00000000,
0x00000000, 0x00000000, 0x00000000, 0x00000000, 0x00000000, 0x00000000, 0x00000000, 0x00000000, 0x00000000, 0x00000000, 0x00000000, 0x00000000, 0x00000000, 0x00000000, 0x00000000, 0x00000000,
0x00000000, 0x00000000, 0x00000000, 0x00000000, 0x00000000, 0x00000000, 0x070091b6, 0x93008fbd, 0xff0096c4, 0xff0091bd, 0xff0091bd, 0xff0091bd, 0xff0091bd, 0xff0091bd, 0xff0091bd, 0xff0091bd,
0xff0091bd, 0xff0091bd, 0xff0091bd, 0xff0091bd, 0xff0091bd, 0xff0091bd, 0xff0091bd, 0xff0098c6, 0x6f008ebc, 0x00000000, 0x00000000, 0x00000000, 0x00000000, 0x00000000, 0x00000000, 0x00000000,
0x00000000, 0x00000000, 0x00000000, 0x00000000, 0x00000000, 0x00000000, 0x00000000, 0x00000000, 0x00000000, 0x00000000, 0x00000000, 0x00000000, 0x00000000, 0x00000000, 0x00000000, 0x350090bb,
0xe60091bd, 0xff0094c0, 0xff0091bd, 0xff0091bd, 0xff0091bd, 0xff0091bd, 0xff0091bd, 0xff0091bd, 0xff0091bd, 0xff0091bd, 0xff0091bd, 0xff0091bd, 0xff0091bd, 0xff0091bd, 0xff0091bd, 0xff0091bd,
0xff0095c2, 0x4c0090bb, 0x00000000, 0x00000000, 0x00000000, 0x00000000, 0x00000000, 0x00000000, 0x00000000, 0x00000000, 0x00000000, 0x00000000, 0x00000000, 0x00000000, 0x00000000, 0x00000000,
0x00000000, 0x00000000, 0x00000000, 0x00000000, 0x00000000, 0x00000000, 0x00000000, 0x00000000, 0x590092bd, 0xf50090bd, 0xff0093bf, 0xff0091bd, 0xff0091bd, 0xff0091bd, 0xff0091bd, 0xff0091bd,
0xff0091bd, 0xff0091bd, 0xff0091bd, 0xff0091bd, 0xff0091bd, 0xff0091bd, 0xff0091bd, 0xff0091bd, 0xff0092be, 0xc70090bc, 
/* -34- */
0x00000000, 0x350095c0, 0xe70090bc, 0xff0093c0, 0xff0091bd, 0xff0091bd, 0xff0091bd, 0xff0091bd, 0xff0091bd, 0xff0091bd, 0xff0091bd, 0xff0091bd, 0xff0091bd, 0xff0091bd, 0xff0091bd, 0xff0091bd,
0xff0091bd, 0xff0091bd, 0xff0094c1, 0x720091bb, 0x00000000, 0x00000000, 0x00000000, 0x00000000, 0x00000000, 0x00000000, 0x00000000, 0x00000000, 0x00000000, 0x00000000, 0x00000000, 0x00000000,
0x00000000, 0x00000000, 0x00000000, 0x00000000, 0x00000000, 0x00000000, 0x00000000, 0x00000000, 0x00000000, 0x00000000, 0x00000000, 0x00000000, 0x00000000, 0x00000000, 0x00000000, 0x00000000,
0x00000000, 0x00000000, 0x00000000, 0x00000000, 0x00000000, 0x00000000, 0x00000000, 0x00000000, 0x400093bf, 0xf30092be, 0xff0093bf, 0xff0091bd, 0xff0091bd, 0xff0091bd, 0xff0091bd, 0xff0091bd,
0xff0091bd, 0xff0091bd, 0xff0091bd, 0xff0091bd, 0xff0091bd, 0xff0091bd, 0xff0091bd, 0xff0091bd, 0xff0095c2, 0xb70090bd, 0x110087b4, 0x00000000, 0x00000000, 0x00000000, 0x00000000, 0x00000000,
0x00000000, 0x00000000, 0x00000000, 0x00000000, 0x00000000, 0x00000000, 0x00000000, 0x00000000, 0x00000000, 0x00000000, 0x00000000, 0x00000000, 0x00000000, 0x69008fbb, 0xf70091bc, 0xff0092be,
0xff0091bd, 0xff0091bd, 0xff0091bd, 0xff0091bd, 0xff0091bd, 0xff0091bd, 0xff0091bd, 0xff0091bd, 0xff0091bd, 0xff0091bd, 0xff0091bd, 0xff0091bd, 0xff0091bd, 0xff0094c0, 0xd30092bd, 0x010000ff,
0x00000000, 0x00000000, 0x00000000, 0x00000000, 0x00000000, 0x00000000, 0x00000000, 0x00000000, 0x00000000, 0x00000000, 0x00000000, 0x00000000, 0x00000000, 0x00000000, 0x00000000, 0x00000000,
0x00000000, 0x00000000, 0x00000000, 0x00000000, 0x00000000, 0x00000000, 0x00000000, 0x00000000, 0x00000000, 0x00000000, 0x00000000, 0x00000000, 0x00000000, 0x00000000, 0x00000000, 0x00000000,
0x00000000, 0x00000000, 0x00000000, 0x00000000, 0x00000000, 0x00000000, 0x070091b6, 0x93008fbd, 0xff0096c4, 0xff0091bd, 0xff0091bd, 0xff0091bd, 0xff0091bd, 0xff0091bd, 0xff0091bd, 0xff0091bd,
0xff0091bd, 0xff0091bd, 0xff0091bd, 0xff0091bd, 0xff0091bd, 0xff0091bd, 0xff0091bd, 0xff0098c6, 0x530093bb, 0x00000000, 0x00000000, 0x00000000, 0x00000000, 0x00000000, 0x00000000, 0x00000000,
0x00000000, 0x00000000, 0x00000000, 0x00000000, 0x00000000, 0x00000000, 0x00000000, 0x00000000, 0x00000000, 0x00000000, 0x00000000, 0x00000000, 0x00000000, 0x00000000, 0x00000000, 0x2b0094bd,
0xd70090bc, 0xff0094c1, 0xff0091bd, 0xff0091bd, 0xff0091bd, 0xff0091bd, 0xff0091bd, 0xff0091bd, 0xff0091bd, 0xff0091bd, 0xff0091bd, 0xff0091bd, 0xff0091bd, 0xff0091bd, 0xff0091bd, 0xff0091bd,
0xff0095c3, 0x32008ebc, 0x00000000, 0x00000000, 0x00000000, 0x00000000, 0x00000000, 0x00000000, 0x00000000, 0x00000000, 0x00000000, 0x00000000, 0x00000000, 0x00000000, 0x00000000, 0x00000000,
0x00000000, 0x00000000, 0x00000000, 0x00000000, 0x00000000, 0x00000000, 0x00000000, 0x00000000, 0x4a0090bd, 0xea0092bd, 0xff0093c0, 0xff0091bd, 0xff0091bd, 0xff0091bd, 0xff0091bd, 0xff0091bd,
0xff0091bd, 0xff0091bd, 0xff0091bd, 0xff0091bd, 0xff0091bd, 0xff0091bd, 0xff0091bd, 0xff0091bd, 0xff0092be, 0xce0090bc, 
/* -35- */
0x00000000, 0x490092bc, 0xff0094c1, 0xff0092be, 0xff0091bd, 0xff0091bd, 0xff0091bd, 0xff0091bd, 0xff0091bd, 0xff0091bd, 0xff0091bd, 0xff0091bd, 0xff0091bd, 0xff0091bd, 0xff0091bd, 0xff0091bd,
0xff0091bd, 0xff0091bd, 0xfc0091be, 0x2b008ebd, 0x00000000, 0x00000000, 0x00000000, 0x00000000, 0x00000000, 0x00000000, 0x00000000, 0x00000000, 0x00000000, 0x00000000, 0x00000000, 0x00000000,
0x00000000, 0x00000000, 0x00000000, 0x00000000, 0x00000000, 0x00000000, 0x00000000, 0x00000000, 0x00000000, 0x00000000, 0x00000000, 0x00000000, 0x00000000, 0x00000000, 0x00000000, 0x00000000,
0x00000000, 0x00000000, 0x00000000, 0x00000000, 0x00000000, 0x00000000, 0x00000000, 0x00000000, 0x1d0095b8, 0xc40090bc, 0xff0095c3, 0xff0091bd, 0xff0091bd, 0xff0091bd, 0xff0091bd, 0xff0091bd,
0xff0091bd, 0xff0091bd, 0xff0091bd, 0xff0091bd, 0xff0091bd, 0xff0091bd, 0xff0091bd, 0xff0091bd, 0xff0095c2, 0xb70090bd, 0x110087b4, 0x00000000, 0x00000000, 0x00000000, 0x00000000, 0x00000000,
0x00000000, 0x00000000, 0x00000000, 0x00000000, 0x00000000, 0x00000000, 0x00000000, 0x00000000, 0x00000000, 0x00000000, 0x00000000, 0x00000000, 0x00000000, 0x69008fbb, 0xf70091bc, 0xff0092be,
0xff0091bd, 0xff0091bd, 0xff0091bd, 0xff0091bd, 0xff0091bd, 0xff0091bd, 0xff0091bd, 0xff0091bd, 0xff0091bd, 0xff0091bd, 0xff0091bd, 0xff0091bd, 0xff0091bd, 0xff0093bf, 0xb10090bc, 0x00000000,
0x00000000, 0x00000000, 0x00000000, 0x00000000, 0x00000000, 0x00000000, 0x00000000, 0x00000000, 0x00000000, 0x00000000, 0x00000000, 0x00000000, 0x00000000, 0x00000000, 0x00000000, 0x00000000,
0x00000000, 0x00000000, 0x00000000, 0x00000000, 0x00000000, 0x00000000, 0x00000000, 0x00000000, 0x00000000, 0x00000000, 0x00000000, 0x00000000, 0x00000000, 0x00000000, 0x00000000, 0x00000000,
0x00000000, 0x00000000, 0x00000000, 0x00000000, 0x00000000, 0x00000000, 0x070091b6, 0x93008fbd, 0xff0096c4, 0xff0091bd, 0xff0091bd, 0xff0091bd, 0xff0091bd, 0xff0091bd, 0xff0091bd, 0xff0091bd,
0xff0091bd, 0xff0091bd, 0xff0091bd, 0xff0091bd, 0xff0091bd, 0xff0091bd, 0xff0092be, 0xfb0091bd, 0x440092bb, 0x00000000, 0x00000000, 0x00000000, 0x00000000, 0x00000000, 0x00000000, 0x00000000,
0x00000000, 0x00000000, 0x00000000, 0x00000000, 0x00000000, 0x00000000, 0x00000000, 0x00000000, 0x00000000, 0x00000000, 0x00000000, 0x00000000, 0x00000000, 0x00000000, 0x00000000, 0x27008fbd,
0xd10091bd, 0xff0095c2, 0xff0091bd, 0xff0091bd, 0xff0091bd, 0xff0091bd, 0xff0091bd, 0xff0091bd, 0xff0091bd, 0xff0091bd, 0xff0091bd, 0xff0091bd, 0xff0091bd, 0xff0091bd, 0xff0091bd, 0xff0091be,
0xfc0091be, 0x230091bd, 0x00000000, 0x00000000, 0x00000000, 0x00000000, 0x00000000, 0x00000000, 0x00000000, 0x00000000, 0x00000000, 0x00000000, 0x00000000, 0x00000000, 0x00000000, 0x00000000,
0x00000000, 0x00000000, 0x00000000, 0x00000000, 0x00000000, 0x00000000, 0x00000000, 0x00000000, 0x440092bb, 0xe70090bc, 0xff0094c0, 0xff0091bd, 0xff0091bd, 0xff0091bd, 0xff0091bd, 0xff0091bd,
0xff0091bd, 0xff0091bd, 0xff0091bd, 0xff0091bd, 0xff0091bd, 0xff0091bd, 0xff0091bd, 0xff0091bd, 0xff0092be, 0xcf0091bc, 
/* -36- */
0x00000000, 0x610090bd, 0xff0099c7, 0xff0091bd, 0xff0091bd, 0xff0091bd, 0xff0091bd, 0xff0091bd, 0xff0091bd, 0xff0091bd, 0xff0091bd, 0xff0091bd, 0xff0091bd, 0xff0091bd, 0xff0091bd, 0xff0091bd,
0xff0091bd, 0xff0094c1, 0xc70092bd, 0x14008cbf, 0x00000000, 0x00000000, 0x00000000, 0x00000000, 0x00000000, 0x00000000, 0x00000000, 0x00000000, 0x00000000, 0x00000000, 0x00000000, 0x00000000,
0x00000000, 0x00000000, 0x00000000, 0x00000000, 0x00000000, 0x00000000, 0x00000000, 0x00000000, 0x00000000, 0x00000000, 0x00000000, 0x00000000, 0x00000000, 0x00000000, 0x00000000, 0x00000000,
0x00000000, 0x00000000, 0x00000000, 0x00000000, 0x00000000, 0x00000000, 0x00000000, 0x00000000, 0x05009999, 0x9a0091bc, 0xff0099c7, 0xff0091bd, 0xff0091bd, 0xff0091bd, 0xff0091bd, 0xff0091bd,
0xff0091bd, 0xff0091bd, 0xff0091bd, 0xff0091bd, 0xff0091bd, 0xff0091bd, 0xff0091bd, 0xff0091bd, 0xff0095c2, 0xb70090bd, 0x110087b4, 0x00000000, 0x00000000, 0x00000000, 0x00000000, 0x00000000,
0x00000000, 0x00000000, 0x00000000, 0x00000000, 0x00000000, 0x00000000, 0x00000000, 0x00000000, 0x00000000, 0x00000000, 0x00000000, 0x00000000, 0x00000000, 0x69008fbb, 0xf70091bc, 0xff0092be,
0xff0091bd, 0xff0091bd, 0xff0091bd, 0xff0091bd, 0xff0091bd, 0xff0091bd, 0xff0091bd, 0xff0091bd, 0xff0091bd, 0xff0091bd, 0xff0091bd, 0xff0091bd, 0xff0091bd, 0xff0092be, 0x930091bd, 0x00000000,
0x00000000, 0x00000000, 0x00000000, 0x00000000, 0x00000000, 0x00000000, 0x00000000, 0x00000000, 0x00000000, 0x00000000, 0x00000000, 0x00000000, 0x00000000, 0x00000000, 0x00000000, 0x00000000,
0x00000000, 0x00000000, 0x00000000, 0x00000000, 0x00000000, 0x00000000, 0x00000000, 0x00000000, 0x00000000, 0x00000000, 0x00000000, 0x00000000, 0x00000000, 0x00000000, 0x00000000, 0x00000000,
0x00000000, 0x00000000, 0x00000000, 0x00000000, 0x00000000, 0x00000000, 0x070091b6, 0x940090bb, 0xff0096c4, 0xff0091bd, 0xff0091bd, 0xff0091bd, 0xff0091bd, 0xff0091bd, 0xff0091bd, 0xff0091bd,
0xff0091bd, 0xff0091bd, 0xff0091bd, 0xff0091bd, 0xff0091bd, 0xff0091bd, 0xff0093bf, 0xee0091bc, 0x3a0091c1, 0x00000000, 0x00000000, 0x00000000, 0x00000000, 0x00000000, 0x00000000, 0x00000000,
0x00000000, 0x00000000, 0x00000000, 0x00000000, 0x00000000, 0x00000000, 0x00000000, 0x00000000, 0x00000000, 0x00000000, 0x00000000, 0x00000000, 0x00000000, 0x00000000, 0x00000000, 0x240094bf,
0xcc0091bc, 0xff0095c2, 0xff0091bd, 0xff0091bd, 0xff0091bd, 0xff0091bd, 0xff0091bd, 0xff0091bd, 0xff0091bd, 0xff0091bd, 0xff0091bd, 0xff0091bd, 0xff0091bd, 0xff0091bd, 0xff0091bd, 0xff0092bf,
0xe60091bc, 0x1d008cb8, 0x00000000, 0x00000000, 0x00000000, 0x00000000, 0x00000000, 0x00000000, 0x00000000, 0x00000000, 0x00000000, 0x00000000, 0x00000000, 0x00000000, 0x00000000, 0x00000000,
0x00000000, 0x00000000, 0x00000000, 0x00000000, 0x00000000, 0x00000000, 0x00000000, 0x00000000, 0x3f0091be, 0xe30092bd, 0xff0094c1, 0xff0091bd, 0xff0091bd, 0xff0091bd, 0xff0091bd, 0xff0091bd,
0xff0091bd, 0xff0091bd, 0xff0091bd, 0xff0091bd, 0xff0091bd, 0xff0091bd, 0xff0091bd, 0xff0091bd, 0xff0092be, 0xcf0091bc, 
/* -37- */
0x02007f7f, 0x7f0090bc, 0xff0098c5, 0xff0091bd, 0xff0091bd, 0xff0091bd, 0xff0091bd, 0xff0091bd, 0xff0091bd, 0xff0091bd, 0xff0091bd, 0xff0091bd, 0xff0091bd, 0xff0091bd, 0xff0091bd, 0xff0091bd,
0xff0091bd, 0xff0096c4, 0x950091bc, 0x070091b6, 0x00000000, 0x00000000, 0x00000000, 0x00000000, 0x00000000, 0x00000000, 0x00000000, 0x00000000, 0x00000000, 0x00000000, 0x00000000, 0x00000000,
0x00000000, 0x00000000, 0x00000000, 0x00000000, 0x00000000, 0x00000000, 0x00000000, 0x00000000, 0x00000000, 0x00000000, 0x00000000, 0x00000000, 0x00000000, 0x00000000, 0x00000000, 0x00000000,
0x00000000, 0x00000000, 0x00000000, 0x00000000, 0x00000000, 0x00000000, 0x00000000, 0x00000000, 0x00000000, 0x740091bd, 0xfe0095c2, 0xff0091be, 0xff0091bd, 0xff0091bd, 0xff0091bd, 0xff0091bd,
0xff0091bd, 0xff0091bd, 0xff0091bd, 0xff0091bd, 0xff0091bd, 0xff0091bd, 0xff0091bd, 0xff0091bd, 0xff0095c2, 0xb70090bd, 0x110087b4, 0x00000000, 0x00000000, 0x00000000, 0x00000000, 0x00000000,
0x00000000, 0x00000000, 0x00000000, 0x00000000, 0x00000000, 0x00000000, 0x00000000, 0x00000000, 0x00000000, 0x00000000, 0x00000000, 0x00000000, 0x00000000, 0x69008fbb, 0xf70091bc, 0xff0092be,
0xff0091bd, 0xff0091bd, 0xff0091bd, 0xff0091bd, 0xff0091bd, 0xff0091bd, 0xff0091bd, 0xff0091bd, 0xff0091bd, 0xff0091bd, 0xff0091bd, 0xff0091bd, 0xff0091bd, 0xff0091bd, 0x80008fbd, 0x00000000,
0x00000000, 0x00000000, 0x00000000, 0x00000000, 0x00000000, 0x00000000, 0x00000000, 0x00000000, 0x00000000, 0x00000000, 0x00000000, 0x00000000, 0x00000000, 0x00000000, 0x00000000, 0x00000000,
0x00000000, 0x00000000, 0x00000000, 0x00000000, 0x00000000, 0x00000000, 0x00000000, 0x00000000, 0x00000000, 0x00000000, 0x00000000, 0x00000000, 0x00000000, 0x00000000, 0x00000000, 0x00000000,
0x00000000, 0x00000000, 0x00000000, 0x00000000, 0x00000000, 0x00000000, 0x070091b6, 0x940090bb, 0xff0096c4, 0xff0091bd, 0xff0091bd, 0xff0091bd, 0xff0091bd, 0xff0091bd, 0xff0091bd, 0xff0091bd,
0xff0091bd, 0xff0091bd, 0xff0091bd, 0xff0091bd, 0xff0091bd, 0xff0091bd, 0xff0093c0, 0xe30090bc, 0x330091be, 0x00000000, 0x00000000, 0x00000000, 0x00000000, 0x00000000, 0x00000000, 0x00000000,
0x00000000, 0x00000000, 0x00000000, 0x00000000, 0x00000000, 0x00000000, 0x00000000, 0x00000000, 0x00000000, 0x00000000, 0x00000000, 0x00000000, 0x00000000, 0x00000000, 0x00000000, 0x210092b9,
0xc70090bd, 0xff0095c2, 0xff0091bd, 0xff0091bd, 0xff0091bd, 0xff0091bd, 0xff0091bd, 0xff0091bd, 0xff0091bd, 0xff0091bd, 0xff0091bd, 0xff0091bd, 0xff0091bd, 0xff0091bd, 0xff0091bd, 0xff0093c0,
0xd30091bc, 0x180094bf, 0x00000000, 0x00000000, 0x00000000, 0x00000000, 0x00000000, 0x00000000, 0x00000000, 0x00000000, 0x00000000, 0x00000000, 0x00000000, 0x00000000, 0x00000000, 0x00000000,
0x00000000, 0x00000000, 0x00000000, 0x00000000, 0x00000000, 0x00000000, 0x00000000, 0x00000000, 0x3a0091bd, 0xe00090bc, 0xff0094c1, 0xff0091bd, 0xff0091bd, 0xff0091bd, 0xff0091bd, 0xff0091bd,
0xff0091bd, 0xff0091bd, 0xff0091bd, 0xff0091bd, 0xff0091bd, 0xff0091bd, 0xff0091bd, 0xff0091bd, 0xff0092be, 0xcf0091bc, 
/* -38- */
0x0a007fb2, 0x9c0091bd, 0xff0096c3, 0xff0091bd, 0xff0091bd, 0xff0091bd, 0xff0091bd, 0xff0091bd, 0xff0091bd, 0xff0091bd, 0xff0091bd, 0xff0091bd, 0xff0091bd, 0xff0091bd, 0xff0091bd, 0xff0091bd,
0xff0091bd, 0xff0099c7, 0x690091bb, 0x00000000, 0x00000000, 0x00000000, 0x00000000, 0x00000000, 0x00000000, 0x00000000, 0x00000000, 0x00000000, 0x00000000, 0x00000000, 0x00000000, 0x00000000,
0x00000000, 0x00000000, 0x00000000, 0x00000000, 0x00000000, 0x00000000, 0x00000000, 0x00000000, 0x00000000, 0x00000000, 0x00000000, 0x00000000, 0x00000000, 0x00000000, 0x00000000, 0x00000000,
0x00000000, 0x00000000, 0x00000000, 0x00000000, 0x00000000, 0x00000000, 0x00000000, 0x00000000, 0x00000000, 0x550090bd, 0xf30090bc, 0xff0093c0, 0xff0091bd, 0xff0091bd, 0xff0091bd, 0xff0091bd,
0xff0091bd, 0xff0091bd, 0xff0091bd, 0xff0091bd, 0xff0091bd, 0xff0091bd, 0xff0091bd, 0xff0091bd, 0xff0095c2, 0xb70090bd, 0x110087b4, 0x00000000, 0x00000000, 0x00000000, 0x00000000, 0x00000000,
0x00000000, 0x00000000, 0x00000000, 0x00000000, 0x00000000, 0x00000000, 0x00000000, 0x00000000, 0x00000000, 0x00000000, 0x00000000, 0x00000000, 0x00000000, 0x69008fbb, 0xf70091bc, 0xff0092be,
0xff0091bd, 0xff0091bd, 0xff0091bd, 0xff0091bd, 0xff0091bd, 0xff0091bd, 0xff0091bd, 0xff0091bd, 0xff0091bd, 0xff0091bd, 0xff0091bd, 0xff0091bd, 0xff0091bd, 0xfe0091bc, 0x730090bc, 0x00000000,
0x00000000, 0x00000000, 0x00000000, 0x00000000, 0x00000000, 0x00000000, 0x00000000, 0x00000000, 0x00000000, 0x00000000, 0x00000000, 0x00000000, 0x00000000, 0x00000000, 0x00000000, 0x00000000,
0x00000000, 0x00000000, 0x00000000, 0x00000000, 0x00000000, 0x00000000, 0x00000000, 0x00000000, 0x00000000, 0x00000000, 0x00000000, 0x00000000, 0x00000000, 0x00000000, 0x00000000, 0x00000000,
0x00000000, 0x00000000, 0x00000000, 0x00000000, 0x00000000, 0x00000000, 0x070091b6, 0x940090bb, 0xff0096c4, 0xff0091bd, 0xff0091bd, 0xff0091bd, 0xff0091bd, 0xff0091bd, 0xff0091bd, 0xff0091bd,
0xff0091bd, 0xff0091bd, 0xff0091bd, 0xff0091bd, 0xff0091bd, 0xff0091bd, 0xff0094c1, 0xde0090bd, 0x30008fb9, 0x00000000, 0x00000000, 0x00000000, 0x00000000, 0x00000000, 0x00000000, 0x00000000,
0x00000000, 0x00000000, 0x00000000, 0x00000000, 0x00000000, 0x00000000, 0x00000000, 0x00000000, 0x00000000, 0x00000000, 0x00000000, 0x00000000, 0x00000000, 0x00000000, 0x00000000, 0x1d0095c1,
0xc30091bc, 0xff0096c3, 0xff0091bd, 0xff0091bd, 0xff0091bd, 0xff0091bd, 0xff0091bd, 0xff0091bd, 0xff0091bd, 0xff0091bd, 0xff0091bd, 0xff0091bd, 0xff0091bd, 0xff0091bd, 0xff0091bd, 0xff0094c1,
0xc90090be, 0x150091c2, 0x00000000, 0x00000000, 0x00000000, 0x00000000, 0x00000000, 0x00000000, 0x00000000, 0x00000000, 0x00000000, 0x00000000, 0x00000000, 0x00000000, 0x00000000, 0x00000000,
0x00000000, 0x00000000, 0x00000000, 0x00000000, 0x00000000, 0x00000000, 0x00000000, 0x00000000, 0x360092bc, 0xdd0090bd, 0xff0094c1, 0xff0091bd, 0xff0091bd, 0xff0091bd, 0xff0091bd, 0xff0091bd,
0xff0091bd, 0xff0091bd, 0xff0091bd, 0xff0091bd, 0xff0091bd, 0xff0091bd, 0xff0091bd, 0xff0091bd, 0xff0092be, 0xcf0091bc, 
/* -39- */
0x0f0099bb, 0xaf0090bd, 0xff0095c2, 0xff0091bd, 0xff0091bd, 0xff0091bd, 0xff0091bd, 0xff0091bd, 0xff0091bd, 0xff0091bd, 0xff0091bd, 0xff0091bd, 0xff0091bd, 0xff0091bd, 0xff0091bd, 0xff0091bd,
0xff0092be, 0xff0095c2, 0x4c008cbb, 0x00000000, 0x00000000, 0x00000000, 0x00000000, 0x00000000, 0x00000000, 0x00000000, 0x00000000, 0x00000000, 0x00000000, 0x00000000, 0x00000000, 0x00000000,
0x00000000, 0x00000000, 0x00000000, 0x00000000, 0x00000000, 0x00000000, 0x00000000, 0x00000000, 0x00000000, 0x00000000, 0x00000000, 0x00000000, 0x00000000, 0x00000000, 0x00000000, 0x00000000,
0x00000000, 0x00000000, 0x00000000, 0x00000000, 0x00000000, 0x00000000, 0x00000000, 0x00000000, 0x00000000, 0x3f0091be, 0xe30090bd, 0xff0094c1, 0xff0091bd, 0xff0091bd, 0xff0091bd, 0xff0091bd,
0xff0091bd, 0xff0091bd, 0xff0091bd, 0xff0091bd, 0xff0091bd, 0xff0091bd, 0xff0091bd, 0xff0091bd, 0xff0095c2, 0xb70090bd, 0x110087b4, 0x00000000, 0x00000000, 0x00000000, 0x00000000, 0x00000000,
0x00000000, 0x00000000, 0x00000000, 0x00000000, 0x00000000, 0x00000000, 0x00000000, 0x00000000, 0x00000000, 0x00000000, 0x00000000, 0x00000000, 0x00000000, 0x69008fbb, 0xf70091bc, 0xff0092be,
0xff0091bd, 0xff0091bd, 0xff0091bd, 0xff0091bd, 0xff0091bd, 0xff0091bd, 0xff0091bd, 0xff0091bd, 0xff0091bd, 0xff0091bd, 0xff0091bd, 0xff0091bd, 0xff0091bd, 0xfe0090bc, 0x6e008fbe, 0x00000000,
0x00000000, 0x00000000, 0x00000000, 0x00000000, 0x00000000, 0x00000000, 0x00000000, 0x00000000, 0x00000000, 0x00000000, 0x00000000, 0x00000000, 0x00000000, 0x00000000, 0x00000000, 0x00000000,
0x00000000, 0x00000000, 0x00000000, 0x00000000, 0x00000000, 0x00000000, 0x00000000, 0x00000000, 0x00000000, 0x00000000, 0x00000000, 0x00000000, 0x00000000, 0x00000000, 0x00000000, 0x00000000,
0x00000000, 0x00000000, 0x00000000, 0x00000000, 0x00000000, 0x00000000, 0x070091b6, 0x940090bb, 0xff0096c4, 0xff0091bd, 0xff0091bd, 0xff0091bd, 0xff0091bd, 0xff0091bd, 0xff0091bd, 0xff0091bd,
0xff0091bd, 0xff0091bd, 0xff0091bd, 0xff0091bd, 0xff0091bd, 0xff0091bd, 0xff0094c1, 0xdb0090bc, 0x2d0093bb, 0x00000000, 0x00000000, 0x00000000, 0x00000000, 0x00000000, 0x00000000, 0x00000000,
0x00000000, 0x00000000, 0x00000000, 0x00000000, 0x00000000, 0x00000000, 0x00000000, 0x00000000, 0x00000000, 0x00000000, 0x00000000, 0x00000000, 0x00000000, 0x00000000, 0x00000000, 0x1a0093ba,
0xbe0090bd, 0xff0096c3, 0xff0091bd, 0xff0091bd, 0xff0091bd, 0xff0091bd, 0xff0091bd, 0xff0091bd, 0xff0091bd, 0xff0091bd, 0xff0091bd, 0xff0091bd, 0xff0091bd, 0xff0091bd, 0xff0091bd, 0xff0094c1,
0xc50090be, 0x140099bf, 0x00000000, 0x00000000, 0x00000000, 0x00000000, 0x00000000, 0x00000000, 0x00000000, 0x00000000, 0x00000000, 0x00000000, 0x00000000, 0x00000000, 0x00000000, 0x00000000,
0x00000000, 0x00000000, 0x00000000, 0x00000000, 0x00000000, 0x00000000, 0x00000000, 0x00000000, 0x310091c0, 0xda008fbc, 0xff0094c1, 0xff0091bd, 0xff0091bd, 0xff0091bd, 0xff0091bd, 0xff0091bd,
0xff0091bd, 0xff0091bd, 0xff0091bd, 0xff0091bd, 0xff0091bd, 0xff0091bd, 0xff0091bd, 0xff0091bd, 0xff0092be, 0xcf0091bc, 
/* -40- */
0x12008db8, 0xb90090bc, 0xff0095c2, 0xff0091bd, 0xff0091bd, 0xff0091bd, 0xff0091bd, 0xff0091bd, 0xff0091bd, 0xff0091bd, 0xff0091bd, 0xff0091bd, 0xff0091bd, 0xff0091bd, 0xff0091bd, 0xff0091bd,
0xff0093bf, 0xf20091bd, 0x3d0092c0, 0x00000000, 0x00000000, 0x00000000, 0x00000000, 0x00000000, 0x00000000, 0x00000000, 0x00000000, 0x00000000, 0x00000000, 0x00000000, 0x00000000, 0x00000000,
0x00000000, 0x00000000, 0x00000000, 0x00000000, 0x00000000, 0x00000000, 0x00000000, 0x00000000, 0x00000000, 0x00000000, 0x00000000, 0x00000000, 0x00000000, 0x00000000, 0x00000000, 0x00000000,
0x00000000, 0x00000000, 0x00000000, 0x00000000, 0x00000000, 0x00000000, 0x00000000, 0x00000000, 0x00000000, 0x2a0091bc, 0xd50090bd, 0xff0095c2, 0xff0091bd, 0xff0091bd, 0xff0091bd, 0xff0091bd,
0xff0091bd, 0xff0091bd, 0xff0091bd, 0xff0091bd, 0xff0091bd, 0xff0091bd, 0xff0091bd, 0xff0091bd, 0xff0095c2, 0xb70090bd, 0x110087b4, 0x00000000, 0x00000000, 0x00000000, 0x00000000, 0x00000000,
0x00000000, 0x00000000, 0x00000000, 0x00000000, 0x00000000, 0x00000000, 0x00000000, 0x00000000, 0x00000000, 0x00000000, 0x00000000, 0x00000000, 0x00000000, 0x69008fbb, 0xf70091bc, 0xff0092be,
0xff0091bd, 0xff0091bd, 0xff0091bd, 0xff0091bd, 0xff0091bd, 0xff0091bd, 0xff0091bd, 0xff0091bd, 0xff0091bd, 0xff0091bd, 0xff0091bd, 0xff0091bd, 0xff0091bd, 0xfe0090bc, 0x6a0090bb, 0x00000000,
0x00000000, 0x00000000, 0x00000000, 0x00000000, 0x00000000, 0x00000000, 0x00000000, 0x00000000, 0x00000000, 0x00000000, 0x00000000, 0x00000000, 0x00000000, 0x00000000, 0x00000000, 0x00000000,
0x00000000, 0x00000000, 0x00000000, 0x00000000, 0x00000000, 0x00000000, 0x00000000, 0x00000000, 0x00000000, 0x00000000, 0x00000000, 0x00000000, 0x00000000, 0x00000000, 0x00000000, 0x00000000,
0x00000000, 0x00000000, 0x00000000, 0x00000000, 0x00000000, 0x00000000, 0x070091b6, 0x950091bc, 0xff0096c4, 0xff0091bd, 0xff0091bd, 0xff0091bd, 0xff0091bd, 0xff0091bd, 0xff0091bd, 0xff0091bd,
0xff0091bd, 0xff0091bd, 0xff0091bd, 0xff0091bd, 0xff0091bd, 0xff0091bd, 0xff0094c1, 0xd70090bc, 0x2b008ebd, 0x00000000, 0x00000000, 0x00000000, 0x00000000, 0x00000000, 0x00000000, 0x00000000,
0x00000000, 0x00000000, 0x00000000, 0x00000000, 0x00000000, 0x00000000, 0x00000000, 0x00000000, 0x00000000, 0x00000000, 0x00000000, 0x00000000, 0x00000000, 0x00000000, 0x00000000, 0x1a0093ba,
0xbd0091bc, 0xff0096c3, 0xff0091bd, 0xff0091bd, 0xff0091bd, 0xff0091bd, 0xff0091bd, 0xff0091bd, 0xff0091bd, 0xff0091bd, 0xff0091bd, 0xff0091bd, 0xff0091bd, 0xff0091bd, 0xff0091bd, 0xff0094c1,
0xc10091bc, 0x130093bb, 0x00000000, 0x00000000, 0x00000000, 0x00000000, 0x00000000, 0x00000000, 0x00000000, 0x00000000, 0x00000000, 0x00000000, 0x00000000, 0x00000000, 0x00000000, 0x00000000,
0x00000000, 0x00000000, 0x00000000, 0x00000000, 0x00000000, 0x00000000, 0x00000000, 0x00000000, 0x30008fbf, 0xd90090bd, 0xff0094c1, 0xff0091bd, 0xff0091bd, 0xff0091bd, 0xff0091bd, 0xff0091bd,
0xff0091bd, 0xff0091bd, 0xff0091bd, 0xff0091bd, 0xff0091bd, 0xff0091bd, 0xff0091bd, 0xff0091bd, 0xff0092be, 0xcf0091bc, 
/* -41- */
0x14008cbf, 0xc30091bc, 0xff0094c1, 0xff0091bd, 0xff0091bd, 0xff0091bd, 0xff0091bd, 0xff0091bd, 0xff0091bd, 0xff0091bd, 0xff0091bd, 0xff0091bd, 0xff0091bd, 0xff0091bd, 0xff0091bd, 0xff0091bd,
0xff0094c0, 0xe20090bd, 0x320093bc, 0x00000000, 0x00000000, 0x00000000, 0x00000000, 0x00000000, 0x00000000, 0x00000000, 0x00000000, 0x00000000, 0x00000000, 0x00000000, 0x00000000, 0x00000000,
0x00000000, 0x00000000, 0x00000000, 0x00000000, 0x00000000, 0x00000000, 0x00000000, 0x00000000, 0x00000000, 0x00000000, 0x00000000, 0x00000000, 0x00000000, 0x00000000, 0x00000000, 0x00000000,
0x00000000, 0x00000000, 0x00000000, 0x00000000, 0x00000000, 0x00000000, 0x00000000, 0x00000000, 0x00000000, 0x1f008bbd, 0xce0090bc, 0xff0095c2, 0xff0091bd, 0xff0091bd, 0xff0091bd, 0xff0091bd,
0xff0091bd, 0xff0091bd, 0xff0091bd, 0xff0091bd, 0xff0091bd, 0xff0091bd, 0xff0091bd, 0xff0091bd, 0xff0095c2, 0xb70090bd, 0x110087b4, 0x00000000, 0x00000000, 0x00000000, 0x00000000, 0x00000000,
0x00000000, 0x00000000, 0x00000000, 0x00000000, 0x00000000, 0x00000000, 0x00000000, 0x00000000, 0x00000000, 0x00000000, 0x00000000, 0x00000000, 0x00000000, 0x69008fbb, 0xf70091bc, 0xff0092be,
0xff0091bd, 0xff0091bd, 0xff0091bd, 0xff0091bd, 0xff0091bd, 0xff0091bd, 0xff0091bd, 0xff0091bd, 0xff0091bd, 0xff0091bd, 0xff0091bd, 0xff0091bd, 0xff0091bd, 0xfe0090bc, 0x660091bb, 0x00000000,
0x00000000, 0x00000000, 0x00000000, 0x00000000, 0x00000000, 0x00000000, 0x00000000, 0x00000000, 0x00000000, 0x00000000, 0x00000000, 0x00000000, 0x00000000, 0x00000000, 0x00000000, 0x00000000,
0x00000000, 0x00000000, 0x00000000, 0x00000000, 0x00000000, 0x00000000, 0x00000000, 0x00000000, 0x00000000, 0x00000000, 0x00000000, 0x00000000, 0x00000000, 0x00000000, 0x00000000, 0x00000000,
0x00000000, 0x00000000, 0x00000000, 0x00000000, 0x00000000, 0x00000000, 0x070091b6, 0x950091bc, 0xff0096c4, 0xff0091bd, 0xff0091bd, 0xff0091bd, 0xff0091bd, 0xff0091bd, 0xff0091bd, 0xff0091bd,
0xff0091bd, 0xff0091bd, 0xff0091bd, 0xff0091bd, 0xff0091bd, 0xff0091bd, 0xff0094c2, 0xd40091bc, 0x29008fba, 0x00000000, 0x00000000, 0x00000000, 0x00000000, 0x00000000, 0x00000000, 0x00000000,
0x00000000, 0x00000000, 0x00000000, 0x00000000, 0x00000000, 0x00000000, 0x00000000, 0x00000000, 0x00000000, 0x00000000, 0x00000000, 0x00000000, 0x00000000, 0x00000000, 0x00000000, 0x1a0093ba,
0xbd0091bc, 0xff0096c3, 0xff0091bd, 0xff0091bd, 0xff0091bd, 0xff0091bd, 0xff0091bd, 0xff0091bd, 0xff0091bd, 0xff0091bd, 0xff0091bd, 0xff0091bd, 0xff0091bd, 0xff0091bd, 0xff0091bd, 0xff0094c1,
0xbc0091bd, 0x12008db8, 0x00000000, 0x00000000, 0x00000000, 0x00000000, 0x00000000, 0x00000000, 0x00000000, 0x00000000, 0x00000000, 0x00000000, 0x00000000, 0x00000000, 0x00000000, 0x00000000,
0x00000000, 0x00000000, 0x00000000, 0x00000000, 0x00000000, 0x00000000, 0x00000000, 0x00000000, 0x30008fbf, 0xd90090bd, 0xff0094c1, 0xff0091bd, 0xff0091bd, 0xff0091bd, 0xff0091bd, 0xff0091bd,
0xff0091bd, 0xff0091bd, 0xff0091bd, 0xff0091bd, 0xff0091bd, 0xff0091bd, 0xff0091bd, 0xff0091bd, 0xff0092be, 0xcf0091bc, 
/* -42- */
0x170090bc, 0xcc0091bc, 0xff0094c1, 0xff0091bd, 0xff0091bd, 0xff0091bd, 0xff0091bd, 0xff0091bd, 0xff0091bd, 0xff0091bd, 0xff0091bd, 0xff0091bd, 0xff0091bd, 0xff0091bd, 0xff0091bd, 0xff0091bd,
0xff0094c1, 0xdb0091bc, 0x2e0090bc, 0x00000000, 0x00000000, 0x00000000, 0x00000000, 0x00000000, 0x00000000, 0x00000000, 0x00000000, 0x00000000, 0x00000000, 0x00000000, 0x00000000, 0x00000000,
0x00000000, 0x00000000, 0x00000000, 0x00000000, 0x00000000, 0x00000000, 0x00000000, 0x00000000, 0x00000000, 0x00000000, 0x00000000, 0x00000000, 0x00000000, 0x00000000, 0x00000000, 0x00000000,
0x00000000, 0x00000000, 0x00000000, 0x00000000, 0x00000000, 0x00000000, 0x00000000, 0x00000000, 0x00000000, 0x17009bc7, 0xc90090bd, 0xff0095c3, 0xff0091bd, 0xff0091bd, 0xff0091bd, 0xff0091bd,
0xff0091bd, 0xff0091bd, 0xff0091bd, 0xff0091bd, 0xff0091bd, 0xff0091bd, 0xff0091bd, 0xff0091bd, 0xff0095c2, 0xb70090bd, 0x110087b4, 0x00000000, 0x00000000, 0x00000000, 0x00000000, 0x00000000,
0x00000000, 0x00000000, 0x00000000, 0x00000000, 0x00000000, 0x00000000, 0x00000000, 0x00000000, 0x00000000, 0x00000000, 0x00000000, 0x00000000, 0x00000000, 0x69008fbb, 0xf70091bc, 0xff0092be,
0xff0091bd, 0xff0091bd, 0xff0091bd, 0xff0091bd, 0xff0091bd, 0xff0091bd, 0xff0091bd, 0xff0091bd, 0xff0091bd, 0xff0091bd, 0xff0091bd, 0xff0091bd, 0xff0091bd, 0xfd0091bd, 0x640091bc, 0x00000000,
0x00000000, 0x00000000, 0x00000000, 0x00000000, 0x00000000, 0x00000000, 0x00000000, 0x00000000, 0x00000000, 0x00000000, 0x00000000, 0x00000000, 0x00000000, 0x00000000, 0x00000000, 0x00000000,
0x00000000, 0x00000000, 0x00000000, 0x00000000, 0x00000000, 0x00000000, 0x00000000, 0x00000000, 0x00000000, 0x00000000, 0x00000000, 0x00000000, 0x00000000, 0x00000000, 0x00000000, 0x00000000,
0x00000000, 0x00000000, 0x00000000, 0x00000000, 0x00000000, 0x00000000, 0x070091b6, 0x950091bc, 0xff0096c4, 0xff0091bd, 0xff0091bd, 0xff0091bd, 0xff0091bd, 0xff0091bd, 0xff0091bd, 0xff0091bd,
0xff0091bd, 0xff0091bd, 0xff0091bd, 0xff0091bd, 0xff0091bd, 0xff0091bd, 0xff0095c2, 0xd20090bc, 0x280092b8, 0x00000000, 0x00000000, 0x00000000, 0x00000000, 0x00000000, 0x00000000, 0x00000000,
0x00000000, 0x00000000, 0x00000000, 0x00000000, 0x00000000, 0x00000000, 0x00000000, 0x00000000, 0x00000000, 0x00000000, 0x00000000, 0x00000000, 0x00000000, 0x00000000, 0x00000000, 0x1a0093ba,
0xbd0091bc, 0xff0096c3, 0xff0091bd, 0xff0091bd, 0xff0091bd, 0xff0091bd, 0xff0091bd, 0xff0091bd, 0xff0091bd, 0xff0091bd, 0xff0091bd, 0xff0091bd, 0xff0091bd, 0xff0091bd, 0xff0091bd, 0xff0095c2,
0xb90092be, 0x110096c3, 0x00000000, 0x00000000, 0x00000000, 0x00000000, 0x00000000, 0x00000000, 0x00000000, 0x00000000, 0x00000000, 0x00000000, 0x00000000, 0x00000000, 0x00000000, 0x00000000,
0x00000000, 0x00000000, 0x00000000, 0x00000000, 0x00000000, 0x00000000, 0x00000000, 0x00000000, 0x30008fbf, 0xd90090bd, 0xff0094c1, 0xff0091bd, 0xff0091bd, 0xff0091bd, 0xff0091bd, 0xff0091bd,
0xff0091bd, 0xff0091bd, 0xff0091bd, 0xff0091bd, 0xff0091bd, 0xff0091bd, 0xff0091bd, 0xff0091bd, 0xff0092be, 0xcf0091bc, 
/* -43- */
0x180094bf, 0xd00090bc, 0xff0094c0, 0xff0091bd, 0xff0091bd, 0xff0091bd, 0xff0091bd, 0xff0091bd, 0xff0091bd, 0xff0091bd, 0xff0091bd, 0xff0091bd, 0xff0091bd, 0xff0091bd, 0xff0091bd, 0xff0091bd,
0xff0094c1, 0xd60091bd, 0x2a0091c2, 0x00000000, 0x00000000, 0x00000000, 0x00000000, 0x00000000, 0x00000000, 0x00000000, 0x00000000, 0x00000000, 0x00000000, 0x00000000, 0x00000000, 0x00000000,
0x00000000, 0x00000000, 0x00000000, 0x00000000, 0x00000000, 0x00000000, 0x00000000, 0x00000000, 0x00000000, 0x00000000, 0x00000000, 0x00000000, 0x00000000, 0x00000000, 0x00000000, 0x00000000,
0x00000000, 0x00000000, 0x00000000, 0x00000000, 0x00000000, 0x00000000, 0x00000000, 0x00000000, 0x00000000, 0x12008db8, 0xc50090bc, 0xff0096c3, 0xff0091bd, 0xff0091bd, 0xff0091bd, 0xff0091bd,
0xff0091bd, 0xff0091bd, 0xff0091bd, 0xff0091bd, 0xff0091bd, 0xff0091bd, 0xff0091bd, 0xff0091bd, 0xff0095c2, 0xb70090bd, 0x110087b4, 0x00000000, 0x00000000, 0x00000000, 0x00000000, 0x00000000,
0x00000000, 0x00000000, 0x00000000, 0x00000000, 0x00000000, 0x00000000, 0x00000000, 0x00000000, 0x00000000, 0x00000000, 0x00000000, 0x00000000, 0x00000000, 0x69008fbb, 0xf70091bc, 0xff0092be,
0xff0091bd, 0xff0091bd, 0xff0091bd, 0xff0091bd, 0xff0091bd, 0xff0091bd, 0xff0091bd, 0xff0091bd, 0xff0091bd, 0xff0091bd, 0xff0091bd, 0xff0091bd, 0xff0091bd, 0xfd0091bd, 0x640091bc, 0x00000000,
0x00000000, 0x00000000, 0x00000000, 0x00000000, 0x00000000, 0x00000000, 0x00000000, 0x00000000, 0x00000000, 0x00000000, 0x00000000, 0x00000000, 0x00000000, 0x00000000, 0x00000000, 0x00000000,
0x00000000, 0x00000000, 0x00000000, 0x00000000, 0x00000000, 0x00000000, 0x00000000, 0x00000000, 0x00000000, 0x00000000, 0x00000000, 0x00000000, 0x00000000, 0x00000000, 0x00000000, 0x00000000,
0x00000000, 0x00000000, 0x00000000, 0x00000000, 0x00000000, 0x00000000, 0x08007fbf, 0x950091bd, 0xff0096c4, 0xff0091bd, 0xff0091bd, 0xff0091bd, 0xff0091bd, 0xff0091bd, 0xff0091bd, 0xff0091bd,
0xff0091bd, 0xff0091bd, 0xff0091bd, 0xff0091bd, 0xff0091bd, 0xff0091bd, 0xff0095c2, 0xd10091bd, 0x27008fbd, 0x00000000, 0x00000000, 0x00000000, 0x00000000, 0x00000000, 0x00000000, 0x00000000,
0x00000000, 0x00000000, 0x00000000, 0x00000000, 0x00000000, 0x00000000, 0x00000000, 0x00000000, 0x00000000, 0x00000000, 0x00000000, 0x00000000, 0x00000000, 0x00000000, 0x00000000, 0x1a0093ba,
0xbd0091bc, 0xff0096c3, 0xff0091bd, 0xff0091bd, 0xff0091bd, 0xff0091bd, 0xff0091bd, 0xff0091bd, 0xff0091bd, 0xff0091bd, 0xff0091bd, 0xff0091bd, 0xff0091bd, 0xff0091bd, 0xff0091bd, 0xff0095c2,
0xb90092bc, 0x110096c3, 0x00000000, 0x00000000, 0x00000000, 0x00000000, 0x00000000, 0x00000000, 0x00000000, 0x00000000, 0x00000000, 0x00000000, 0x00000000, 0x00000000, 0x00000000, 0x00000000,
0x00000000, 0x00000000, 0x00000000, 0x00000000, 0x00000000, 0x00000000, 0x00000000, 0x00000000, 0x30008fbf, 0xd90090bd, 0xff0094c1, 0xff0091bd, 0xff0091bd, 0xff0091bd, 0xff0091bd, 0xff0091bd,
0xff0091bd, 0xff0091bd, 0xff0091bd, 0xff0091bd, 0xff0091bd, 0xff0091bd, 0xff0091bd, 0xff0091bd, 0xff0092be, 0xcf0091bc, 
/* -44- */
0x150091c2, 0xc90090bd, 0xff0094c1, 0xff0091bd, 0xff0091bd, 0xff0091bd, 0xff0091bd, 0xff0091bd, 0xff0091bd, 0xff0091bd, 0xff0091bd, 0xff0091bd, 0xff0091bd, 0xff0091bd, 0xff0091bd, 0xff0091bd,
0xff0094c1, 0xd90090bd, 0x2c0090bf, 0x00000000, 0x00000000, 0x00000000, 0x00000000, 0x00000000, 0x00000000, 0x00000000, 0x00000000, 0x00000000, 0x00000000, 0x00000000, 0x00000000, 0x00000000,
0x00000000, 0x00000000, 0x00000000, 0x00000000, 0x00000000, 0x00000000, 0x00000000, 0x00000000, 0x00000000, 0x00000000, 0x00000000, 0x00000000, 0x00000000, 0x00000000, 0x00000000, 0x00000000,
0x00000000, 0x00000000, 0x00000000, 0x00000000, 0x00000000, 0x00000000, 0x00000000, 0x00000000, 0x00000000, 0x16008bb9, 0xc80090bc, 0xff0096c3, 0xff0091bd, 0xff0091bd, 0xff0091bd, 0xff0091bd,
0xff0091bd, 0xff0091bd, 0xff0091bd, 0xff0091bd, 0xff0091bd, 0xff0091bd, 0xff0091bd, 0xff0091bd, 0xff0095c2, 0xb70090bd, 0x110087b4, 0x00000000, 0x00000000, 0x00000000, 0x00000000, 0x00000000,
0x00000000, 0x00000000, 0x00000000, 0x00000000, 0x00000000, 0x00000000, 0x00000000, 0x00000000, 0x00000000, 0x00000000, 0x00000000, 0x00000000, 0x00000000, 0x69008fbb, 0xf70091bc, 0xff0092be,
0xff0091bd, 0xff0091bd, 0xff0091bd, 0xff0091bd, 0xff0091bd, 0xff0091bd, 0xff0091bd, 0xff0091bd, 0xff0091bd, 0xff0091bd, 0xff0091bd, 0xff0091bd, 0xff0091bd, 0xfd0091bd, 0x640091bc, 0x00000000,
0x00000000, 0x00000000, 0x00000000, 0x00000000, 0x00000000, 0x00000000, 0x00000000, 0x00000000, 0x00000000, 0x00000000, 0x00000000, 0x00000000, 0x00000000, 0x00000000, 0x00000000, 0x00000000,
0x00000000, 0x00000000, 0x00000000, 0x00000000, 0x00000000, 0x00000000, 0x00000000, 0x00000000, 0x00000000, 0x00000000, 0x00000000, 0x00000000, 0x00000000, 0x00000000, 0x00000000, 0x00000000,
0x00000000, 0x00000000, 0x00000000, 0x00000000, 0x00000000, 0x00000000, 0x08007fbf, 0x950091bd, 0xff0096c4, 0xff0091bd, 0xff0091bd, 0xff0091bd, 0xff0091bd, 0xff0091bd, 0xff0091bd, 0xff0091bd,
0xff0091bd, 0xff0091bd, 0xff0091bd, 0xff0091bd, 0xff0091bd, 0xff0091bd, 0xff0095c2, 0xd10091bd, 0x27008fbd, 0x00000000, 0x00000000, 0x00000000, 0x00000000, 0x00000000, 0x00000000, 0x00000000,
0x00000000, 0x00000000, 0x00000000, 0x00000000, 0x00000000, 0x00000000, 0x00000000, 0x00000000, 0x00000000, 0x00000000, 0x00000000, 0x00000000, 0x00000000, 0x00000000, 0x00000000, 0x1a0093ba,
0xbd0091bc, 0xff0096c3, 0xff0091bd, 0xff0091bd, 0xff0091bd, 0xff0091bd, 0xff0091bd, 0xff0091bd, 0xff0091bd, 0xff0091bd, 0xff0091bd, 0xff0091bd, 0xff0091bd, 0xff0091bd, 0xff0091bd, 0xff0095c2,
0xb90092bc, 0x110096c3, 0x00000000, 0x00000000, 0x00000000, 0x00000000, 0x00000000, 0x00000000, 0x00000000, 0x00000000, 0x00000000, 0x00000000, 0x00000000, 0x00000000, 0x00000000, 0x00000000,
0x00000000, 0x00000000, 0x00000000, 0x00000000, 0x00000000, 0x00000000, 0x00000000, 0x00000000, 0x30008fbf, 0xd90090bd, 0xff0094c1, 0xff0091bd, 0xff0091bd, 0xff0091bd, 0xff0091bd, 0xff0091bd,
0xff0091bd, 0xff0091bd, 0xff0091bd, 0xff0091bd, 0xff0091bd, 0xff0091bd, 0xff0091bd, 0xff0091bd, 0xff0092be, 0xcf0091bc, 
/* -45- */
0x14008cb2, 0xc00090bc, 0xff0094c1, 0xff0091bd, 0xff0091bd, 0xff0091bd, 0xff0091bd, 0xff0091bd, 0xff0091bd, 0xff0091bd, 0xff0091bd, 0xff0091bd, 0xff0091bd, 0xff0091bd, 0xff0091bd, 0xff0091bd,
0xff0094c1, 0xe10091bd, 0x32008ebc, 0x00000000, 0x00000000, 0x00000000, 0x00000000, 0x00000000, 0x00000000, 0x00000000, 0x00000000, 0x00000000, 0x00000000, 0x00000000, 0x00000000, 0x00000000,
0x00000000, 0x00000000, 0x00000000, 0x00000000, 0x00000000, 0x00000000, 0x00000000, 0x00000000, 0x00000000, 0x00000000, 0x00000000, 0x00000000, 0x00000000, 0x00000000, 0x00000000, 0x00000000,
0x00000000, 0x00000000, 0x00000000, 0x00000000, 0x00000000, 0x00000000, 0x00000000, 0x00000000, 0x00000000, 0x1d008cb8, 0xcc0091be, 0xff0095c3, 0xff0091bd, 0xff0091bd, 0xff0091bd, 0xff0091bd,
0xff0091bd, 0xff0091bd, 0xff0091bd, 0xff0091bd, 0xff0091bd, 0xff0091bd, 0xff0091bd, 0xff0091bd, 0xff0095c2, 0xb70090bd, 0x110087b4, 0x00000000, 0x00000000, 0x00000000, 0x00000000, 0x00000000,
0x00000000, 0x00000000, 0x00000000, 0x00000000, 0x00000000, 0x00000000, 0x00000000, 0x00000000, 0x00000000, 0x00000000, 0x00000000, 0x00000000, 0x00000000, 0x69008fbb, 0xf70091bc, 0xff0092be,
0xff0091bd, 0xff0091bd, 0xff0091bd, 0xff0091bd, 0xff0091bd, 0xff0091bd, 0xff0091bd, 0xff0091bd, 0xff0091bd, 0xff0091bd, 0xff0091bd, 0xff0091bd, 0xff0091bd, 0xfd0091bd, 0x640091bc, 0x00000000,
0x00000000, 0x00000000, 0x00000000, 0x00000000, 0x00000000, 0x00000000, 0x00000000, 0x00000000, 0x00000000, 0x00000000, 0x00000000, 0x00000000, 0x00000000, 0x00000000, 0x00000000, 0x00000000,
0x00000000, 0x00000000, 0x00000000, 0x00000000, 0x00000000, 0x00000000, 0x00000000, 0x00000000, 0x00000000, 0x00000000, 0x00000000, 0x00000000, 0x00000000, 0x00000000, 0x00000000, 0x00000000,
0x00000000, 0x00000000, 0x00000000, 0x00000000, 0x00000000, 0x00000000, 0x08007fbf, 0x950091bd, 0xff0096c4, 0xff0091bd, 0xff0091bd, 0xff0091bd, 0xff0091bd, 0xff0091bd, 0xff0091bd, 0xff0091bd,
0xff0091bd, 0xff0091bd, 0xff0091bd, 0xff0091bd, 0xff0091bd, 0xff0091bd, 0xff0095c2, 0xd10091bd, 0x27008fbd, 0x00000000, 0x00000000, 0x00000000, 0x00000000, 0x00000000, 0x00000000, 0x00000000,
0x00000000, 0x00000000, 0x00000000, 0x00000000, 0x00000000, 0x00000000, 0x00000000, 0x00000000, 0x00000000, 0x00000000, 0x00000000, 0x00000000, 0x00000000, 0x00000000, 0x00000000, 0x1a0093ba,
0xbd0091bc, 0xff0096c3, 0xff0091bd, 0xff0091bd, 0xff0091bd, 0xff0091bd, 0xff0091bd, 0xff0091bd, 0xff0091bd, 0xff0091bd, 0xff0091bd, 0xff0091bd, 0xff0091bd, 0xff0091bd, 0xff0091bd, 0xff0095c2,
0xb90092bc, 0x110096c3, 0x00000000, 0x00000000, 0x00000000, 0x00000000, 0x00000000, 0x00000000, 0x00000000, 0x00000000, 0x00000000, 0x00000000, 0x00000000, 0x00000000, 0x00000000, 0x00000000,
0x00000000, 0x00000000, 0x00000000, 0x00000000, 0x00000000, 0x00000000, 0x00000000, 0x00000000, 0x30008fbf, 0xd90090bd, 0xff0094c1, 0xff0091bd, 0xff0091bd, 0xff0091bd, 0xff0091bd, 0xff0091bd,
0xff0091bd, 0xff0091bd, 0xff0091bd, 0xff0091bd, 0xff0091bd, 0xff0091bd, 0xff0091bd, 0xff0091bd, 0xff0092be, 0xcf0091bc, 
/* -46- */
0x12008db8, 0xb80090bc, 0xff0095c2, 0xff0091bd, 0xff0091bd, 0xff0091bd, 0xff0091bd, 0xff0091bd, 0xff0091bd, 0xff0091bd, 0xff0091bd, 0xff0091bd, 0xff0091bd, 0xff0091bd, 0xff0091bd, 0xff0091bd,
0xff0093c0, 0xf1008fbb, 0x3c0090bb, 0x00000000, 0x00000000, 0x00000000, 0x00000000, 0x00000000, 0x00000000, 0x00000000, 0x00000000, 0x00000000, 0x00000000, 0x00000000, 0x00000000, 0x00000000,
0x00000000, 0x00000000, 0x00000000, 0x00000000, 0x00000000, 0x00000000, 0x00000000, 0x00000000, 0x00000000, 0x00000000, 0x00000000, 0x00000000, 0x00000000, 0x00000000, 0x00000000, 0x00000000,
0x00000000, 0x00000000, 0x00000000, 0x00000000, 0x00000000, 0x00000000, 0x00000000, 0x00000000, 0x00000000, 0x27008fb7, 0xd30091bc, 0xff0095c2, 0xff0091bd, 0xff0091bd, 0xff0091bd, 0xff0091bd,
0xff0091bd, 0xff0091bd, 0xff0091bd, 0xff0091bd, 0xff0091bd, 0xff0091bd, 0xff0091bd, 0xff0091bd, 0xff0095c2, 0xb70090bd, 0x110087b4, 0x00000000, 0x00000000, 0x00000000, 0x00000000, 0x00000000,
0x00000000, 0x00000000, 0x00000000, 0x00000000, 0x00000000, 0x00000000, 0x00000000, 0x00000000, 0x00000000, 0x00000000, 0x00000000, 0x00000000, 0x00000000, 0x69008fbb, 0xf70091bc, 0xff0092be,
0xff0091bd, 0xff0091bd, 0xff0091bd, 0xff0091bd, 0xff0091bd, 0xff0091bd, 0xff0091bd, 0xff0091bd, 0xff0091bd, 0xff0091bd, 0xff0091bd, 0xff0091bd, 0xff0091bd, 0xfd0091bd, 0x640091bc, 0x00000000,
0x00000000, 0x00000000, 0x00000000, 0x00000000, 0x00000000, 0x00000000, 0x00000000, 0x00000000, 0x00000000, 0x00000000, 0x00000000, 0x00000000, 0x00000000, 0x00000000, 0x00000000, 0x00000000,
0x00000000, 0x00000000, 0x00000000, 0x00000000, 0x00000000, 0x00000000, 0x00000000, 0x00000000, 0x00000000, 0x00000000, 0x00000000, 0x00000000, 0x00000000, 0x00000000, 0x00000000, 0x00000000,
0x00000000, 0x00000000, 0x00000000, 0x00000000, 0x00000000, 0x00000000, 0x08007fbf, 0x950091bd, 0xff0096c4, 0xff0091bd, 0xff0091bd, 0xff0091bd, 0xff0091bd, 0xff0091bd, 0xff0091bd, 0xff0091bd,
0xff0091bd, 0xff0091bd, 0xff0091bd, 0xff0091bd, 0xff0091bd, 0xff0091bd, 0xff0095c2, 0xd10091bd, 0x27008fbd, 0x00000000, 0x00000000, 0x00000000, 0x00000000, 0x00000000, 0x00000000, 0x00000000,
0x00000000, 0x00000000, 0x00000000, 0x00000000, 0x00000000, 0x00000000, 0x00000000, 0x00000000, 0x00000000, 0x00000000, 0x00000000, 0x00000000, 0x00000000, 0x00000000, 0x00000000, 0x1a0093ba,
0xbd0091bc, 0xff0096c3, 0xff0091bd, 0xff0091bd, 0xff0091bd, 0xff0091bd, 0xff0091bd, 0xff0091bd, 0xff0091bd, 0xff0091bd, 0xff0091bd, 0xff0091bd, 0xff0091bd, 0xff0091bd, 0xff0091bd, 0xff0095c2,
0xb90092bc, 0x110096c3, 0x00000000, 0x00000000, 0x00000000, 0x00000000, 0x00000000, 0x00000000, 0x00000000, 0x00000000, 0x00000000, 0x00000000, 0x00000000, 0x00000000, 0x00000000, 0x00000000,
0x00000000, 0x00000000, 0x00000000, 0x00000000, 0x00000000, 0x00000000, 0x00000000, 0x00000000, 0x30008fbf, 0xd90090bd, 0xff0094c1, 0xff0091bd, 0xff0091bd, 0xff0091bd, 0xff0091bd, 0xff0091bd,
0xff0091bd, 0xff0091bd, 0xff0091bd, 0xff0091bd, 0xff0091bd, 0xff0091bd, 0xff0091bd, 0xff0091bd, 0xff0092be, 0xcf0091bc, 
/* -47- */
0x0d0089c4, 0xa70091bb, 0xff0095c3, 0xff0091bd, 0xff0091bd, 0xff0091bd, 0xff0091bd, 0xff0091bd, 0xff0091bd, 0xff0091bd, 0xff0091bd, 0xff0091bd, 0xff0091bd, 0xff0091bd, 0xff0091bd, 0xff0091bd,
0xff0092be, 0xff0094c1, 0x49008fbc, 0x00000000, 0x00000000, 0x00000000, 0x00000000, 0x00000000, 0x00000000, 0x00000000, 0x00000000, 0x00000000, 0x00000000, 0x00000000, 0x00000000, 0x00000000,
0x00000000, 0x00000000, 0x00000000, 0x00000000, 0x00000000, 0x00000000, 0x00000000, 0x00000000, 0x00000000, 0x00000000, 0x00000000, 0x00000000, 0x00000000, 0x00000000, 0x00000000, 0x00000000,
0x00000000, 0x00000000, 0x00000000, 0x00000000, 0x00000000, 0x00000000, 0x00000000, 0x00000000, 0x00000000, 0x3b0092be, 0xe00091bc, 0xff0094c1, 0xff0091bd, 0xff0091bd, 0xff0091bd, 0xff0091bd,
0xff0091bd, 0xff0091bd, 0xff0091bd, 0xff0091bd, 0xff0091bd, 0xff0091bd, 0xff0091bd, 0xff0091bd, 0xff0095c2, 0xb70090bd, 0x110087b4, 0x00000000, 0x00000000, 0x00000000, 0x00000000, 0x00000000,
0x00000000, 0x00000000, 0x00000000, 0x00000000, 0x00000000, 0x00000000, 0x00000000, 0x00000000, 0x00000000, 0x00000000, 0x00000000, 0x00000000, 0x00000000, 0x69008fbb, 0xf70091bc, 0xff0092be,
0xff0091bd, 0xff0091bd, 0xff0091bd, 0xff0091bd, 0xff0091bd, 0xff0091bd, 0xff0091bd, 0xff0091bd, 0xff0091bd, 0xff0091bd, 0xff0091bd, 0xff0091bd, 0xff0091bd, 0xfd0091bd, 0x640091bc, 0x00000000,
0x00000000, 0x00000000, 0x00000000, 0x00000000, 0x00000000, 0x00000000, 0x00000000, 0x00000000, 0x00000000, 0x00000000, 0x00000000, 0x00000000, 0x00000000, 0x00000000, 0x00000000, 0x00000000,
0x00000000, 0x00000000, 0x00000000, 0x00000000, 0x00000000, 0x00000000, 0x00000000, 0x00000000, 0x00000000, 0x00000000, 0x00000000, 0x00000000, 0x00000000, 0x00000000, 0x00000000, 0x00000000,
0x00000000, 0x00000000, 0x00000000, 0x00000000, 0x00000000, 0x00000000, 0x08007fbf, 0x950091bd, 0xff0096c4, 0xff0091bd, 0xff0091bd, 0xff0091bd, 0xff0091bd, 0xff0091bd, 0xff0091bd, 0xff0091bd,
0xff0091bd, 0xff0091bd, 0xff0091bd, 0xff0091bd, 0xff0091bd, 0xff0091bd, 0xff0095c2, 0xd10091bd, 0x27008fbd, 0x00000000, 0x00000000, 0x00000000, 0x00000000, 0x00000000, 0x00000000, 0x00000000,
0x00000000, 0x00000000, 0x00000000, 0x00000000, 0x00000000, 0x00000000, 0x00000000, 0x00000000, 0x00000000, 0x00000000, 0x00000000, 0x00000000, 0x00000000, 0x00000000, 0x00000000, 0x1a0093ba,
0xbd0091bc, 0xff0096c3, 0xff0091bd, 0xff0091bd, 0xff0091bd, 0xff0091bd, 0xff0091bd, 0xff0091bd, 0xff0091bd, 0xff0091bd, 0xff0091bd, 0xff0091bd, 0xff0091bd, 0xff0091bd, 0xff0091bd, 0xff0095c2,
0xb90092bc, 0x110096c3, 0x00000000, 0x00000000, 0x00000000, 0x00000000, 0x00000000, 0x00000000, 0x00000000, 0x00000000, 0x00000000, 0x00000000, 0x00000000, 0x00000000, 0x00000000, 0x00000000,
0x00000000, 0x00000000, 0x00000000, 0x00000000, 0x00000000, 0x00000000, 0x00000000, 0x00000000, 0x30008fbf, 0xd90090bd, 0xff0094c1, 0xff0091bd, 0xff0091bd, 0xff0091bd, 0xff0091bd, 0xff0091bd,
0xff0091bd, 0xff0091bd, 0xff0091bd, 0xff0091bd, 0xff0091bd, 0xff0091bd, 0xff0091bd, 0xff0091bd, 0xff0092be, 0xcf0091bc, 
/* -48- */
0x050099cc, 0x8c008fbd, 0xff0097c5, 0xff0091bd, 0xff0091bd, 0xff0091bd, 0xff0091bd, 0xff0091bd, 0xff0091bd, 0xff0091bd, 0xff0091bd, 0xff0091bd, 0xff0091bd, 0xff0091bd, 0xff0091bd, 0xff0091bd,
0xff0091bd, 0xff0099c7, 0x660091be, 0x00000000, 0x00000000, 0x00000000, 0x00000000, 0x00000000, 0x00000000, 0x00000000, 0x00000000, 0x00000000, 0x00000000, 0x00000000, 0x00000000, 0x00000000,
0x00000000, 0x00000000, 0x00000000, 0x00000000, 0x00000000, 0x00000000, 0x00000000, 0x00000000, 0x00000000, 0x00000000, 0x00000000, 0x00000000, 0x00000000, 0x00000000, 0x00000000, 0x00000000,
0x00000000, 0x00000000, 0x00000000, 0x00000000, 0x00000000, 0x00000000, 0x00000000, 0x00000000, 0x00000000, 0x52008fba, 0xf00090bd, 0xff0093bf, 0xff0091bd, 0xff0091bd, 0xff0091bd, 0xff0091bd,
0xff0091bd, 0xff0091bd, 0xff0091bd, 0xff0091bd, 0xff0091bd, 0xff0091bd, 0xff0091bd, 0xff0091bd, 0xff0095c2, 0xb70090bd, 0x110087b4, 0x00000000, 0x00000000, 0x00000000, 0x00000000, 0x00000000,
0x00000000, 0x00000000, 0x00000000, 0x00000000, 0x00000000, 0x00000000, 0x00000000, 0x00000000, 0x00000000, 0x00000000, 0x00000000, 0x00000000, 0x00000000, 0x69008fbb, 0xf70091bc, 0xff0092be,
0xff0091bd, 0xff0091bd, 0xff0091bd, 0xff0091bd, 0xff0091bd, 0xff0091bd, 0xff0091bd, 0xff0091bd, 0xff0091bd, 0xff0091bd, 0xff0091bd, 0xff0091bd, 0xff0091bd, 0xfd0091bd, 0x640091bc, 0x00000000,
0x00000000, 0x00000000, 0x00000000, 0x00000000, 0x00000000, 0x00000000, 0x00000000, 0x00000000, 0x00000000, 0x00000000, 0x00000000, 0x00000000, 0x00000000, 0x00000000, 0x00000000, 0x00000000,
0x00000000, 0x00000000, 0x00000000, 0x00000000, 0x00000000, 0x00000000, 0x00000000, 0x00000000, 0x00000000, 0x00000000, 0x00000000, 0x00000000, 0x00000000, 0x00000000, 0x00000000, 0x00000000,
0x00000000, 0x00000000, 0x00000000, 0x00000000, 0x00000000, 0x00000000, 0x08007fbf, 0x960092be, 0xff0096c4, 0xff0091bd, 0xff0091bd, 0xff0091bd, 0xff0091bd, 0xff0091bd, 0xff0091bd, 0xff0091bd,
0xff0091bd, 0xff0091bd, 0xff0091bd, 0xff0091bd, 0xff0091bd, 0xff0091bd, 0xff0095c2, 0xd10091bd, 0x27008fbd, 0x00000000, 0x00000000, 0x00000000, 0x00000000, 0x00000000, 0x00000000, 0x00000000,
0x00000000, 0x00000000, 0x00000000, 0x00000000, 0x00000000, 0x00000000, 0x00000000, 0x00000000, 0x00000000, 0x00000000, 0x00000000, 0x00000000, 0x00000000, 0x00000000, 0x00000000, 0x1a0093ba,
0xbd0091bc, 0xff0096c3, 0xff0091bd, 0xff0091bd, 0xff0091bd, 0xff0091bd, 0xff0091bd, 0xff0091bd, 0xff0091bd, 0xff0091bd, 0xff0091bd, 0xff0091bd, 0xff0091bd, 0xff0091bd, 0xff0091bd, 0xff0095c2,
0xb90092bc, 0x110096c3, 0x00000000, 0x00000000, 0x00000000, 0x00000000, 0x00000000, 0x00000000, 0x00000000, 0x00000000, 0x00000000, 0x00000000, 0x00000000, 0x00000000, 0x00000000, 0x00000000,
0x00000000, 0x00000000, 0x00000000, 0x00000000, 0x00000000, 0x00000000, 0x00000000, 0x00000000, 0x30008fbf, 0xd90090bd, 0xff0094c1, 0xff0091bd, 0xff0091bd, 0xff0091bd, 0xff0091bd, 0xff0091bd,
0xff0091bd, 0xff0091bd, 0xff0091bd, 0xff0091bd, 0xff0091bd, 0xff0091bd, 0xff0091bd, 0xff0091bd, 0xff0092be, 0xcf0091bc, 
/* -49- */
0x00000000, 0x710092bd, 0xff0098c6, 0xff0091bd, 0xff0091bd, 0xff0091bd, 0xff0091bd, 0xff0091bd, 0xff0091bd, 0xff0091bd, 0xff0091bd, 0xff0091bd, 0xff0091bd, 0xff0091bd, 0xff0091bd, 0xff0091bd,
0xff0091bd, 0xff0097c4, 0x920090be, 0x070091b6, 0x00000000, 0x00000000, 0x00000000, 0x00000000, 0x00000000, 0x00000000, 0x00000000, 0x00000000, 0x00000000, 0x00000000, 0x00000000, 0x00000000,
0x00000000, 0x00000000, 0x00000000, 0x00000000, 0x00000000, 0x00000000, 0x00000000, 0x00000000, 0x00000000, 0x00000000, 0x00000000, 0x00000000, 0x00000000, 0x00000000, 0x00000000, 0x00000000,
0x00000000, 0x00000000, 0x00000000, 0x00000000, 0x00000000, 0x00000000, 0x00000000, 0x00000000, 0x00000000, 0x70008fbc, 0xfd0095c1, 0xff0091be, 0xff0091bd, 0xff0091bd, 0xff0091bd, 0xff0091bd,
0xff0091bd, 0xff0091bd, 0xff0091bd, 0xff0091bd, 0xff0091bd, 0xff0091bd, 0xff0091bd, 0xff0091bd, 0xff0095c2, 0xb70090bd, 0x110087b4, 0x00000000, 0x00000000, 0x00000000, 0x00000000, 0x00000000,
0x00000000, 0x00000000, 0x00000000, 0x00000000, 0x00000000, 0x00000000, 0x00000000, 0x00000000, 0x00000000, 0x00000000, 0x00000000, 0x00000000, 0x00000000, 0x69008fbb, 0xf70091bc, 0xff0092be,
0xff0091bd, 0xff0091bd, 0xff0091bd, 0xff0091bd, 0xff0091bd, 0xff0091bd, 0xff0091bd, 0xff0091bd, 0xff0091bd, 0xff0091bd, 0xff0091bd, 0xff0091bd, 0xff0091bd, 0xfd0091bd, 0x640091bc, 0x00000000,
0x00000000, 0x00000000, 0x00000000, 0x00000000, 0x00000000, 0x00000000, 0x00000000, 0x00000000, 0x00000000, 0x00000000, 0x00000000, 0x00000000, 0x00000000, 0x00000000, 0x00000000, 0x00000000,
0x00000000, 0x00000000, 0x00000000, 0x00000000, 0x00000000, 0x00000000, 0x00000000, 0x00000000, 0x00000000, 0x00000000, 0x00000000, 0x00000000, 0x00000000, 0x00000000, 0x00000000, 0x00000000,
0x00000000, 0x00000000, 0x00000000, 0x00000000, 0x00000000, 0x00000000, 0x08007fbf, 0x960092be, 0xff0096c4, 0xff0091bd, 0xff0091bd, 0xff0091bd, 0xff0091bd, 0xff0091bd, 0xff0091bd, 0xff0091bd,
0xff0091bd, 0xff0091bd, 0xff0091bd, 0xff0091bd, 0xff0091bd, 0xff0091bd, 0xff0095c2, 0xd10091bd, 0x27008fbd, 0x00000000, 0x00000000, 0x00000000, 0x00000000, 0x00000000, 0x00000000, 0x00000000,
0x00000000, 0x00000000, 0x00000000, 0x00000000, 0x00000000, 0x00000000, 0x00000000, 0x00000000, 0x00000000, 0x00000000, 0x00000000, 0x00000000, 0x00000000, 0x00000000, 0x00000000, 0x1a0093ba,
0xbd0091bc, 0xff0096c3, 0xff0091bd, 0xff0091bd, 0xff0091bd, 0xff0091bd, 0xff0091bd, 0xff0091bd, 0xff0091bd, 0xff0091bd, 0xff0091bd, 0xff0091bd, 0xff0091bd, 0xff0091bd, 0xff0091bd, 0xff0095c2,
0xb90092bc, 0x110096c3, 0x00000000, 0x00000000, 0x00000000, 0x00000000, 0x00000000, 0x00000000, 0x00000000, 0x00000000, 0x00000000, 0x00000000, 0x00000000, 0x00000000, 0x00000000, 0x00000000,
0x00000000, 0x00000000, 0x00000000, 0x00000000, 0x00000000, 0x00000000, 0x00000000, 0x00000000, 0x30008fbf, 0xd90090bd, 0xff0094c1, 0xff0091bd, 0xff0091bd, 0xff0091bd, 0xff0091bd, 0xff0091bd,
0xff0091bd, 0xff0091bd, 0xff0091bd, 0xff0091bd, 0xff0091bd, 0xff0091bd, 0xff0091bd, 0xff0091bd, 0xff0092be, 0xcf0091bc, 
/* -50- */
0x00000000, 0x57008fb8, 0xff0099c6, 0xff0091bd, 0xff0091bd, 0xff0091bd, 0xff0091bd, 0xff0091bd, 0xff0091bd, 0xff0091bd, 0xff0091bd, 0xff0091bd, 0xff0091bd, 0xff0091bd, 0xff0091bd, 0xff0091bd,
0xff0091bd, 0xff0094c1, 0xc60090bd, 0x130093bb, 0x00000000, 0x00000000, 0x00000000, 0x00000000, 0x00000000, 0x00000000, 0x00000000, 0x00000000, 0x00000000, 0x00000000, 0x00000000, 0x00000000,
0x00000000, 0x00000000, 0x00000000, 0x00000000, 0x00000000, 0x00000000, 0x00000000, 0x00000000, 0x00000000, 0x00000000, 0x00000000, 0x00000000, 0x00000000, 0x00000000, 0x00000000, 0x00000000,
0x00000000, 0x00000000, 0x00000000, 0x00000000, 0x00000000, 0x00000000, 0x00000000, 0x00000000, 0x01000000, 0x960090bc, 0xff0098c6, 0xff0091bd, 0xff0091bd, 0xff0091bd, 0xff0091bd, 0xff0091bd,
0xff0091bd, 0xff0091bd, 0xff0091bd, 0xff0091bd, 0xff0091bd, 0xff0091bd, 0xff0091bd, 0xff0091bd, 0xff0095c2, 0xb70090bd, 0x110087b4, 0x00000000, 0x00000000, 0x00000000, 0x00000000, 0x00000000,
0x00000000, 0x00000000, 0x00000000, 0x00000000, 0x00000000, 0x00000000, 0x00000000, 0x00000000, 0x00000000, 0x00000000, 0x00000000, 0x00000000, 0x00000000, 0x69008fbb, 0xf70091bc, 0xff0092be,
0xff0091bd, 0xff0091bd, 0xff0091bd, 0xff0091bd, 0xff0091bd, 0xff0091bd, 0xff0091bd, 0xff0091bd, 0xff0091bd, 0xff0091bd, 0xff0091bd, 0xff0091bd, 0xff0091bd, 0xfd0091bd, 0x640091bc, 0x00000000,
0x00000000, 0x00000000, 0x00000000, 0x00000000, 0x00000000, 0x00000000, 0x00000000, 0x00000000, 0x00000000, 0x00000000, 0x00000000, 0x00000000, 0x00000000, 0x00000000, 0x00000000, 0x00000000,
0x00000000, 0x00000000, 0x00000000, 0x00000000, 0x00000000, 0x00000000, 0x00000000, 0x00000000, 0x00000000, 0x00000000, 0x00000000, 0x00000000, 0x00000000, 0x00000000, 0x00000000, 0x00000000,
0x00000000, 0x00000000, 0x00000000, 0x00000000, 0x00000000, 0x00000000, 0x08007fbf, 0x960092be, 0xff0096c4, 0xff0091bd, 0xff0091bd, 0xff0091bd, 0xff0091bd, 0xff0091bd, 0xff0091bd, 0xff0091bd,
0xff0091bd, 0xff0091bd, 0xff0091bd, 0xff0091bd, 0xff0091bd, 0xff0091bd, 0xff0095c2, 0xd10091bd, 0x27008fbd, 0x00000000, 0x00000000, 0x00000000, 0x00000000, 0x00000000, 0x00000000, 0x00000000,
0x00000000, 0x00000000, 0x00000000, 0x00000000, 0x00000000, 0x00000000, 0x00000000, 0x00000000, 0x00000000, 0x00000000, 0x00000000, 0x00000000, 0x00000000, 0x00000000, 0x00000000, 0x1a0093ba,
0xbd0091bc, 0xff0096c3, 0xff0091bd, 0xff0091bd, 0xff0091bd, 0xff0091bd, 0xff0091bd, 0xff0091bd, 0xff0091bd, 0xff0091bd, 0xff0091bd, 0xff0091bd, 0xff0091bd, 0xff0091bd, 0xff0091bd, 0xff0095c2,
0xb90092bc, 0x110096c3, 0x00000000, 0x00000000, 0x00000000, 0x00000000, 0x00000000, 0x00000000, 0x00000000, 0x00000000, 0x00000000, 0x00000000, 0x00000000, 0x00000000, 0x00000000, 0x00000000,
0x00000000, 0x00000000, 0x00000000, 0x00000000, 0x00000000, 0x00000000, 0x00000000, 0x00000000, 0x30008fbf, 0xd90090bd, 0xff0094c1, 0xff0091bd, 0xff0091bd, 0xff0091bd, 0xff0091bd, 0xff0091bd,
0xff0091bd, 0xff0091bd, 0xff0091bd, 0xff0091bd, 0xff0091bd, 0xff0091bd, 0xff0091bd, 0xff0091bd, 0xff0092be, 0xcf0091bc, 
/* -51- */
0x00000000, 0x3e008fbd, 0xf30090bc, 0xff0092bf, 0xff0091bd, 0xff0091bd, 0xff0091bd, 0xff0091bd, 0xff0091bd, 0xff0091bd, 0xff0091bd, 0xff0091bd, 0xff0091bd, 0xff0091bd, 0xff0091bd, 0xff0091bd,
0xff0091bd, 0xff0092be, 0xfb0092bd, 0x2b0094bd, 0x00000000, 0x00000000, 0x00000000, 0x00000000, 0x00000000, 0x00000000, 0x00000000, 0x00000000, 0x00000000, 0x00000000, 0x00000000, 0x00000000,
0x00000000, 0x00000000, 0x00000000, 0x00000000, 0x00000000, 0x00000000, 0x00000000, 0x00000000, 0x00000000, 0x00000000, 0x00000000, 0x00000000, 0x00000000, 0x00000000, 0x00000000, 0x00000000,
0x00000000, 0x00000000, 0x00000000, 0x00000000, 0x00000000, 0x00000000, 0x00000000, 0x00000000, 0x1b008dbc, 0xc10090bc, 0xff0096c3, 0xff0091bd, 0xff0091bd, 0xff0091bd, 0xff0091bd, 0xff0091bd,
0xff0091bd, 0xff0091bd, 0xff0091bd, 0xff0091bd, 0xff0091bd, 0xff0091bd, 0xff0091bd, 0xff0091bd, 0xff0095c2, 0xb70090bd, 0x110087b4, 0x00000000, 0x00000000, 0x00000000, 0x00000000, 0x00000000,
0x00000000, 0x00000000, 0x00000000, 0x00000000, 0x00000000, 0x00000000, 0x00000000, 0x00000000, 0x00000000, 0x00000000, 0x00000000, 0x00000000, 0x00000000, 0x69008fbb, 0xf70091bc, 0xff0092be,
0xff0091bd, 0xff0091bd, 0xff0091bd, 0xff0091bd, 0xff0091bd, 0xff0091bd, 0xff0091bd, 0xff0091bd, 0xff0091bd, 0xff0091bd, 0xff0091bd, 0xff0091bd, 0xff0091bd, 0xfd0091bd, 0x640091bc, 0x00000000,
0x00000000, 0x00000000, 0x00000000, 0x00000000, 0x00000000, 0x00000000, 0x00000000, 0x00000000, 0x00000000, 0x00000000, 0x00000000, 0x00000000, 0x00000000, 0x00000000, 0x00000000, 0x00000000,
0x00000000, 0x00000000, 0x00000000, 0x00000000, 0x00000000, 0x00000000, 0x00000000, 0x00000000, 0x00000000, 0x00000000, 0x00000000, 0x00000000, 0x00000000, 0x00000000, 0x00000000, 0x00000000,
0x00000000, 0x00000000, 0x00000000, 0x00000000, 0x00000000, 0x00000000, 0x08007fbf, 0x960092be, 0xff0096c4, 0xff0091bd, 0xff0091bd, 0xff0091bd, 0xff0091bd, 0xff0091bd, 0xff0091bd, 0xff0091bd,
0xff0091bd, 0xff0091bd, 0xff0091bd, 0xff0091bd, 0xff0091bd, 0xff0091bd, 0xff0095c2, 0xd10091bd, 0x27008fbd, 0x00000000, 0x00000000, 0x00000000, 0x00000000, 0x00000000, 0x00000000, 0x00000000,
0x00000000, 0x00000000, 0x00000000, 0x00000000, 0x00000000, 0x00000000, 0x00000000, 0x00000000, 0x00000000, 0x00000000, 0x00000000, 0x00000000, 0x00000000, 0x00000000, 0x00000000, 0x1a0093ba,
0xbd0091bc, 0xff0096c3, 0xff0091bd, 0xff0091bd, 0xff0091bd, 0xff0091bd, 0xff0091bd, 0xff0091bd, 0xff0091bd, 0xff0091bd, 0xff0091bd, 0xff0091bd, 0xff0091bd, 0xff0091bd, 0xff0091bd, 0xff0095c2,
0xb90092bc, 0x110096c3, 0x00000000, 0x00000000, 0x00000000, 0x00000000, 0x00000000, 0x00000000, 0x00000000, 0x00000000, 0x00000000, 0x00000000, 0x00000000, 0x00000000, 0x00000000, 0x00000000,
0x00000000, 0x00000000, 0x00000000, 0x00000000, 0x00000000, 0x00000000, 0x00000000, 0x00000000, 0x30008fbf, 0xd90090bd, 0xff0094c1, 0xff0091bd, 0xff0091bd, 0xff0091bd, 0xff0091bd, 0xff0091bd,
0xff0091bd, 0xff0091bd, 0xff0091bd, 0xff0091bd, 0xff0091bd, 0xff0091bd, 0xff0091bd, 0xff0091bd, 0xff0092be, 0xcf0091bc, 
/* -52- */
0x00000000, 0x260093c2, 0xd00090bc, 0xff0095c2, 0xff0091bd, 0xff0091bd, 0xff0091bd, 0xff0091bd, 0xff0091bd, 0xff0091bd, 0xff0091bd, 0xff0091bd, 0xff0091bd, 0xff0091bd, 0xff0091bd, 0xff0091bd,
0xff0091bd, 0xff0091bd, 0xff0095c2, 0x710090bd, 0x00000000, 0x00000000, 0x00000000, 0x00000000, 0x00000000, 0x00000000, 0x00000000, 0x00000000, 0x00000000, 0x00000000, 0x00000000, 0x00000000,
0x00000000, 0x00000000, 0x00000000, 0x00000000, 0x00000000, 0x00000000, 0x00000000, 0x00000000, 0x00000000, 0x00000000, 0x00000000, 0x00000000, 0x00000000, 0x00000000, 0x00000000, 0x00000000,
0x00000000, 0x00000000, 0x00000000, 0x00000000, 0x00000000, 0x00000000, 0x00000000, 0x00000000, 0x40008fbb, 0xf10093c0, 0xff0092bf, 0xff0091bd, 0xff0091bd, 0xff0091bd, 0xff0091bd, 0xff0091bd,
0xff0091bd, 0xff0091bd, 0xff0091bd, 0xff0091bd, 0xff0091bd, 0xff0091bd, 0xff0091bd, 0xff0091bd, 0xff0095c2, 0xb70090bd, 0x110087b4, 0x00000000, 0x00000000, 0x00000000, 0x00000000, 0x00000000,
0x00000000, 0x00000000, 0x00000000, 0x00000000, 0x00000000, 0x00000000, 0x00000000, 0x00000000, 0x00000000, 0x00000000, 0x00000000, 0x00000000, 0x00000000, 0x69008fbb, 0xf70091bc, 0xff0092be,
0xff0091bd, 0xff0091bd, 0xff0091bd, 0xff0091bd, 0xff0091bd, 0xff0091bd, 0xff0091bd, 0xff0091bd, 0xff0091bd, 0xff0091bd, 0xff0091bd, 0xff0091bd, 0xff0091bd, 0xfd0091bd, 0x640091bc, 0x00000000,
0x00000000, 0x00000000, 0x00000000, 0x00000000, 0x00000000, 0x00000000, 0x00000000, 0x00000000, 0x00000000, 0x00000000, 0x00000000, 0x00000000, 0x00000000, 0x00000000, 0x00000000, 0x00000000,
0x00000000, 0x00000000, 0x00000000, 0x00000000, 0x00000000, 0x00000000, 0x00000000, 0x00000000, 0x00000000, 0x00000000, 0x00000000, 0x00000000, 0x00000000, 0x00000000, 0x00000000, 0x00000000,
0x00000000, 0x00000000, 0x00000000, 0x00000000, 0x00000000, 0x00000000, 0x08007fbf, 0x960092be, 0xff0096c4, 0xff0091bd, 0xff0091bd, 0xff0091bd, 0xff0091bd, 0xff0091bd, 0xff0091bd, 0xff0091bd,
0xff0091bd, 0xff0091bd, 0xff0091bd, 0xff0091bd, 0xff0091bd, 0xff0091bd, 0xff0095c2, 0xd10091bd, 0x27008fbd, 0x00000000, 0x00000000, 0x00000000, 0x00000000, 0x00000000, 0x00000000, 0x00000000,
0x00000000, 0x00000000, 0x00000000, 0x00000000, 0x00000000, 0x00000000, 0x00000000, 0x00000000, 0x00000000, 0x00000000, 0x00000000, 0x00000000, 0x00000000, 0x00000000, 0x00000000, 0x1a0093ba,
0xbd0091bc, 0xff0096c3, 0xff0091bd, 0xff0091bd, 0xff0091bd, 0xff0091bd, 0xff0091bd, 0xff0091bd, 0xff0091bd, 0xff0091bd, 0xff0091bd, 0xff0091bd, 0xff0091bd, 0xff0091bd, 0xff0091bd, 0xff0095c2,
0xb90092bc, 0x110096c3, 0x00000000, 0x00000000, 0x00000000, 0x00000000, 0x00000000, 0x00000000, 0x00000000, 0x00000000, 0x00000000, 0x00000000, 0x00000000, 0x00000000, 0x00000000, 0x00000000,
0x00000000, 0x00000000, 0x00000000, 0x00000000, 0x00000000, 0x00000000, 0x00000000, 0x00000000, 0x30008fbf, 0xd90090bd, 0xff0094c1, 0xff0091bd, 0xff0091bd, 0xff0091bd, 0xff0091bd, 0xff0091bd,
0xff0091bd, 0xff0091bd, 0xff0091bd, 0xff0091bd, 0xff0091bd, 0xff0091bd, 0xff0091bd, 0xff0091bd, 0xff0092be, 0xcf0091bc, 
/* -53- */
0x00000000, 0x0e0091b6, 0xad0091bc, 0xff0097c5, 0xff0091bd, 0xff0091bd, 0xff0091bd, 0xff0091bd, 0xff0091bd, 0xff0091bd, 0xff0091bd, 0xff0091bd, 0xff0091bd, 0xff0091bd, 0xff0091bd, 0xff0091bd,
0xff0091bd, 0xff0091bd, 0xff0092bf, 0xd1008fbd, 0x050099cc, 0x00000000, 0x00000000, 0x00000000, 0x00000000, 0x00000000, 0x00000000, 0x00000000, 0x00000000, 0x00000000, 0x00000000, 0x00000000,
0x00000000, 0x00000000, 0x00000000, 0x00000000, 0x00000000, 0x00000000, 0x00000000, 0x00000000, 0x00000000, 0x00000000, 0x00000000, 0x00000000, 0x00000000, 0x00000000, 0x00000000, 0x00000000,
0x00000000, 0x00000000, 0x00000000, 0x00000000, 0x00000000, 0x00000000, 0x00000000, 0x04007fbf, 0x7c0092bd, 0xff0098c6, 0xff0091bd, 0xff0091bd, 0xff0091bd, 0xff0091bd, 0xff0091bd, 0xff0091bd,
0xff0091bd, 0xff0091bd, 0xff0091bd, 0xff0091bd, 0xff0091bd, 0xff0091bd, 0xff0091bd, 0xff0091bd, 0xff0095c2, 0xb70090bd, 0x110087b4, 0x00000000, 0x00000000, 0x00000000, 0x00000000, 0x00000000,
0x00000000, 0x00000000, 0x00000000, 0x00000000, 0x00000000, 0x00000000, 0x00000000, 0x00000000, 0x00000000, 0x00000000, 0x00000000, 0x00000000, 0x00000000, 0x69008fbb, 0xf70091bc, 0xff0092be,
0xff0091bd, 0xff0091bd, 0xff0091bd, 0xff0091bd, 0xff0091bd, 0xff0091bd, 0xff0091bd, 0xff0091bd, 0xff0091bd, 0xff0091bd, 0xff0091bd, 0xff0091bd, 0xff0091bd, 0xfd0091bd, 0x640091bc, 0x00000000,
0x00000000, 0x00000000, 0x00000000, 0x00000000, 0x00000000, 0x00000000, 0x00000000, 0x00000000, 0x00000000, 0x00000000, 0x00000000, 0x00000000, 0x00000000, 0x00000000, 0x00000000, 0x00000000,
0x00000000, 0x00000000, 0x00000000, 0x00000000, 0x00000000, 0x00000000, 0x00000000, 0x00000000, 0x00000000, 0x00000000, 0x00000000, 0x00000000, 0x00000000, 0x00000000, 0x00000000, 0x00000000,
0x00000000, 0x00000000, 0x00000000, 0x00000000, 0x00000000, 0x00000000, 0x08007fbf, 0x970091bd, 0xff0096c4, 0xff0091bd, 0xff0091bd, 0xff0091bd, 0xff0091bd, 0xff0091bd, 0xff0091bd, 0xff0091bd,
0xff0091bd, 0xff0091bd, 0xff0091bd, 0xff0091bd, 0xff0091bd, 0xff0091bd, 0xff0095c2, 0xd10091bd, 0x27008fbd, 0x00000000, 0x00000000, 0x00000000, 0x00000000, 0x00000000, 0x00000000, 0x00000000,
0x00000000, 0x00000000, 0x00000000, 0x00000000, 0x00000000, 0x00000000, 0x00000000, 0x00000000, 0x00000000, 0x00000000, 0x00000000, 0x00000000, 0x00000000, 0x00000000, 0x00000000, 0x1a0093ba,
0xbd0091bc, 0xff0096c3, 0xff0091bd, 0xff0091bd, 0xff0091bd, 0xff0091bd, 0xff0091bd, 0xff0091bd, 0xff0091bd, 0xff0091bd, 0xff0091bd, 0xff0091bd, 0xff0091bd, 0xff0091bd, 0xff0091bd, 0xff0095c2,
0xb90092bc, 0x110096c3, 0x00000000, 0x00000000, 0x00000000, 0x00000000, 0x00000000, 0x00000000, 0x00000000, 0x00000000, 0x00000000, 0x00000000, 0x00000000, 0x00000000, 0x00000000, 0x00000000,
0x00000000, 0x00000000, 0x00000000, 0x00000000, 0x00000000, 0x00000000, 0x00000000, 0x00000000, 0x30008fbf, 0xd90090bd, 0xff0094c1, 0xff0091bd, 0xff0091bd, 0xff0091bd, 0xff0091bd, 0xff0091bd,
0xff0091bd, 0xff0091bd, 0xff0091bd, 0xff0091bd, 0xff0091bd, 0xff0091bd, 0xff0091bd, 0xff0091bd, 0xff0092be, 0xcf0091bc, 
/* -54- */
0x00000000, 0x010000ff, 0x85008fbb, 0xff0098c5, 0xff0091bd, 0xff0091bd, 0xff0091bd, 0xff0091bd, 0xff0091bd, 0xff0091bd, 0xff0091bd, 0xff0091bd, 0xff0091bd, 0xff0091bd, 0xff0091bd, 0xff0091bd,
0xff0091bd, 0xff0091bd, 0xff0091bd, 0xfd0091bd, 0x4a008dbd, 0x00000000, 0x00000000, 0x00000000, 0x00000000, 0x00000000, 0x00000000, 0x00000000, 0x00000000, 0x00000000, 0x00000000, 0x00000000,
0x00000000, 0x00000000, 0x00000000, 0x00000000, 0x00000000, 0x00000000, 0x00000000, 0x00000000, 0x00000000, 0x00000000, 0x00000000, 0x00000000, 0x00000000, 0x00000000, 0x00000000, 0x00000000,
0x00000000, 0x00000000, 0x00000000, 0x00000000, 0x00000000, 0x00000000, 0x00000000, 0x180094bf, 0xd90090bc, 0xff0093c0, 0xff0091bd, 0xff0091bd, 0xff0091bd, 0xff0091bd, 0xff0091bd, 0xff0091bd,
0xff0091bd, 0xff0091bd, 0xff0091bd, 0xff0091bd, 0xff0091bd, 0xff0091bd, 0xff0091bd, 0xff0091bd, 0xff0095c2, 0xb70090bd, 0x110087b4, 0x00000000, 0x00000000, 0x00000000, 0x00000000, 0x00000000,
0x00000000, 0x00000000, 0x00000000, 0x00000000, 0x00000000, 0x00000000, 0x00000000, 0x00000000, 0x00000000, 0x00000000, 0x00000000, 0x00000000, 0x00000000, 0x69008fbb, 0xf70091bc, 0xff0092be,
0xff0091bd, 0xff0091bd, 0xff0091bd, 0xff0091bd, 0xff0091bd, 0xff0091bd, 0xff0091bd, 0xff0091bd, 0xff0091bd, 0xff0091bd, 0xff0091bd, 0xff0091bd, 0xff0091bd, 0xfd0091bd, 0x640091bc, 0x00000000,
0x00000000, 0x00000000, 0x00000000, 0x00000000, 0x00000000, 0x00000000, 0x00000000, 0x00000000, 0x00000000, 0x00000000, 0x00000000, 0x00000000, 0x00000000, 0x00000000, 0x00000000, 0x00000000,
0x00000000, 0x00000000, 0x00000000, 0x00000000, 0x00000000, 0x00000000, 0x00000000, 0x00000000, 0x00000000, 0x00000000, 0x00000000, 0x00000000, 0x00000000, 0x00000000, 0x00000000, 0x00000000,
0x00000000, 0x00000000, 0x00000000, 0x00000000, 0x00000000, 0x00000000, 0x08007fbf, 0x970091bd, 0xff0096c4, 0xff0091bd, 0xff0091bd, 0xff0091bd, 0xff0091bd, 0xff0091bd, 0xff0091bd, 0xff0091bd,
0xff0091bd, 0xff0091bd, 0xff0091bd, 0xff0091bd, 0xff0091bd, 0xff0091bd, 0xff0095c2, 0xd10091bd, 0x27008fbd, 0x00000000, 0x00000000, 0x00000000, 0x00000000, 0x00000000, 0x00000000, 0x00000000,
0x00000000, 0x00000000, 0x00000000, 0x00000000, 0x00000000, 0x00000000, 0x00000000, 0x00000000, 0x00000000, 0x00000000, 0x00000000, 0x00000000, 0x00000000, 0x00000000, 0x00000000, 0x1a0093ba,
0xbd0091bc, 0xff0096c3, 0xff0091bd, 0xff0091bd, 0xff0091bd, 0xff0091bd, 0xff0091bd, 0xff0091bd, 0xff0091bd, 0xff0091bd, 0xff0091bd, 0xff0091bd, 0xff0091bd, 0xff0091bd, 0xff0091bd, 0xff0095c2,
0xb90092bc, 0x110096c3, 0x00000000, 0x00000000, 0x00000000, 0x00000000, 0x00000000, 0x00000000, 0x00000000, 0x00000000, 0x00000000, 0x00000000, 0x00000000, 0x00000000, 0x00000000, 0x00000000,
0x00000000, 0x00000000, 0x00000000, 0x00000000, 0x00000000, 0x00000000, 0x00000000, 0x00000000, 0x30008fbf, 0xd90090bd, 0xff0094c1, 0xff0091bd, 0xff0091bd, 0xff0091bd, 0xff0091bd, 0xff0091bd,
0xff0091bd, 0xff0091bd, 0xff0091bd, 0xff0091bd, 0xff0091bd, 0xff0091bd, 0xff0091bd, 0xff0091bd, 0xff0092be, 0xcf0091bc, 
/* -55- */
0x00000000, 0x00000000, 0x54008eb9, 0xf10090bc, 0xff0093c0, 0xff0091bd, 0xff0091bd, 0xff0091bd, 0xff0091bd, 0xff0091bd, 0xff0091bd, 0xff0091bd, 0xff0091bd, 0xff0091bd, 0xff0091bd, 0xff0091bd,
0xff0091bd, 0xff0091bd, 0xff0091bd, 0xff0093c0, 0xbf0090bc, 0x0100ffff, 0x00000000, 0x00000000, 0x00000000, 0x00000000, 0x00000000, 0x00000000, 0x00000000, 0x00000000, 0x00000000, 0x00000000,
0x00000000, 0x00000000, 0x00000000, 0x00000000, 0x00000000, 0x00000000, 0x00000000, 0x00000000, 0x00000000, 0x00000000, 0x00000000, 0x00000000, 0x00000000, 0x00000000, 0x00000000, 0x00000000,
0x00000000, 0x00000000, 0x00000000, 0x00000000, 0x00000000, 0x00000000, 0x00000000, 0x640091bc, 0xff0094c1, 0xff0091bd, 0xff0091bd, 0xff0091bd, 0xff0091bd, 0xff0091bd, 0xff0091bd, 0xff0091bd,
0xff0091bd, 0xff0091bd, 0xff0091bd, 0xff0091bd, 0xff0091bd, 0xff0091bd, 0xff0091bd, 0xff0091bd, 0xff0095c2, 0xb70090bd, 0x110087b4, 0x00000000, 0x00000000, 0x00000000, 0x00000000, 0x00000000,
0x00000000, 0x00000000, 0x00000000, 0x00000000, 0x00000000, 0x00000000, 0x00000000, 0x00000000, 0x00000000, 0x00000000, 0x00000000, 0x00000000, 0x00000000, 0x69008fbb, 0xf70091bc, 0xff0092be,
0xff0091bd, 0xff0091bd, 0xff0091bd, 0xff0091bd, 0xff0091bd, 0xff0091bd, 0xff0091bd, 0xff0091bd, 0xff0091bd, 0xff0091bd, 0xff0091bd, 0xff0091bd, 0xff0091bd, 0xfd0091bd, 0x640091bc, 0x00000000,
0x00000000, 0x00000000, 0x00000000, 0x00000000, 0x00000000, 0x00000000, 0x00000000, 0x00000000, 0x00000000, 0x00000000, 0x00000000, 0x00000000, 0x00000000, 0x00000000, 0x00000000, 0x00000000,
0x00000000, 0x00000000, 0x00000000, 0x00000000, 0x00000000, 0x00000000, 0x00000000, 0x00000000, 0x00000000, 0x00000000, 0x00000000, 0x00000000, 0x00000000, 0x00000000, 0x00000000, 0x00000000,
0x00000000, 0x00000000, 0x00000000, 0x00000000, 0x00000000, 0x00000000, 0x08007fbf, 0x970091bd, 0xff0096c4, 0xff0091bd, 0xff0091bd, 0xff0091bd, 0xff0091bd, 0xff0091bd, 0xff0091bd, 0xff0091bd,
0xff0091bd, 0xff0091bd, 0xff0091bd, 0xff0091bd, 0xff0091bd, 0xff0091bd, 0xff0095c2, 0xd10091bd, 0x27008fbd, 0x00000000, 0x00000000, 0x00000000, 0x00000000, 0x00000000, 0x00000000, 0x00000000,
0x00000000, 0x00000000, 0x00000000, 0x00000000, 0x00000000, 0x00000000, 0x00000000, 0x00000000, 0x00000000, 0x00000000, 0x00000000, 0x00000000, 0x00000000, 0x00000000, 0x00000000, 0x1a0093ba,
0xbd0091bc, 0xff0096c3, 0xff0091bd, 0xff0091bd, 0xff0091bd, 0xff0091bd, 0xff0091bd, 0xff0091bd, 0xff0091bd, 0xff0091bd, 0xff0091bd, 0xff0091bd, 0xff0091bd, 0xff0091bd, 0xff0091bd, 0xff0095c2,
0xb90092bc, 0x110096c3, 0x00000000, 0x00000000, 0x00000000, 0x00000000, 0x00000000, 0x00000000, 0x00000000, 0x00000000, 0x00000000, 0x00000000, 0x00000000, 0x00000000, 0x00000000, 0x00000000,
0x00000000, 0x00000000, 0x00000000, 0x00000000, 0x00000000, 0x00000000, 0x00000000, 0x00000000, 0x30008fbf, 0xd90090bd, 0xff0094c1, 0xff0091bd, 0xff0091bd, 0xff0091bd, 0xff0091bd, 0xff0091bd,
0xff0091bd, 0xff0091bd, 0xff0091bd, 0xff0091bd, 0xff0091bd, 0xff0091bd, 0xff0091bd, 0xff0091bd, 0xff0092be, 0xcf0091bc, 
/* -56- */
0x00000000, 0x00000000, 0x20008fbf, 0xd10091bd, 0xff0096c3, 0xff0091bd, 0xff0091bd, 0xff0091bd, 0xff0091bd, 0xff0091bd, 0xff0091bd, 0xff0091bd, 0xff0091bd, 0xff0091bd, 0xff0091bd, 0xff0091bd,
0xff0091bd, 0xff0091bd, 0xff0091bd, 0xff0093bf, 0xf30091bd, 0x590092bd, 0x00000000, 0x00000000, 0x00000000, 0x00000000, 0x00000000, 0x00000000, 0x00000000, 0x00000000, 0x00000000, 0x00000000,
0x00000000, 0x00000000, 0x00000000, 0x00000000, 0x00000000, 0x00000000, 0x00000000, 0x00000000, 0x00000000, 0x00000000, 0x00000000, 0x00000000, 0x00000000, 0x00000000, 0x00000000, 0x00000000,
0x00000000, 0x00000000, 0x00000000, 0x00000000, 0x00000000, 0x00000000, 0x130086bb, 0xdd0091bd, 0xff0092be, 0xff0091bd, 0xff0091bd, 0xff0091bd, 0xff0091bd, 0xff0091bd, 0xff0091bd, 0xff0091bd,
0xff0091bd, 0xff0091bd, 0xff0091bd, 0xff0091bd, 0xff0091bd, 0xff0091bd, 0xff0091bd, 0xff0091bd, 0xff0095c2, 0xb70090bd, 0x110087b4, 0x00000000, 0x00000000, 0x00000000, 0x00000000, 0x00000000,
0x00000000, 0x00000000, 0x00000000, 0x00000000, 0x00000000, 0x00000000, 0x00000000, 0x00000000, 0x00000000, 0x00000000, 0x00000000, 0x00000000, 0x00000000, 0x69008fbb, 0xf70091bc, 0xff0092be,
0xff0091bd, 0xff0091bd, 0xff0091bd, 0xff0091bd, 0xff0091bd, 0xff0091bd, 0xff0091bd, 0xff0091bd, 0xff0091bd, 0xff0091bd, 0xff0091bd, 0xff0091bd, 0xff0091bd, 0xfd0091bd, 0x640091bc, 0x00000000,
0x00000000, 0x00000000, 0x00000000, 0x00000000, 0x00000000, 0x00000000, 0x00000000, 0x00000000, 0x00000000, 0x00000000, 0x00000000, 0x00000000, 0x00000000, 0x00000000, 0x00000000, 0x00000000,
0x00000000, 0x00000000, 0x00000000, 0x00000000, 0x00000000, 0x00000000, 0x00000000, 0x00000000, 0x00000000, 0x00000000, 0x00000000, 0x00000000, 0x00000000, 0x00000000, 0x00000000, 0x00000000,
0x00000000, 0x00000000, 0x00000000, 0x00000000, 0x00000000, 0x00000000, 0x08007fbf, 0x970091bd, 0xff0096c4, 0xff0091bd, 0xff0091bd, 0xff0091bd, 0xff0091bd, 0xff0091bd, 0xff0091bd, 0xff0091bd,
0xff0091bd, 0xff0091bd, 0xff0091bd, 0xff0091bd, 0xff0091bd, 0xff0091bd, 0xff0095c2, 0xd10091bd, 0x27008fbd, 0x00000000, 0x00000000, 0x00000000, 0x00000000, 0x00000000, 0x00000000, 0x00000000,
0x00000000, 0x00000000, 0x00000000, 0x00000000, 0x00000000, 0x00000000, 0x00000000, 0x00000000, 0x00000000, 0x00000000, 0x00000000, 0x00000000, 0x00000000, 0x00000000, 0x00000000, 0x1a0093ba,
0xbd0091bc, 0xff0096c3, 0xff0091bd, 0xff0091bd, 0xff0091bd, 0xff0091bd, 0xff0091bd, 0xff0091bd, 0xff0091bd, 0xff0091bd, 0xff0091bd, 0xff0091bd, 0xff0091bd, 0xff0091bd, 0xff0091bd, 0xff0095c2,
0xb90092bc, 0x110096c3, 0x00000000, 0x00000000, 0x00000000, 0x00000000, 0x00000000, 0x00000000, 0x00000000, 0x00000000, 0x00000000, 0x00000000, 0x00000000, 0x00000000, 0x00000000, 0x00000000,
0x00000000, 0x00000000, 0x00000000, 0x00000000, 0x00000000, 0x00000000, 0x00000000, 0x00000000, 0x30008fbf, 0xd90090bd, 0xff0094c1, 0xff0091bd, 0xff0091bd, 0xff0091bd, 0xff0091bd, 0xff0091bd,
0xff0091bd, 0xff0091bd, 0xff0091bd, 0xff0091bd, 0xff0091bd, 0xff0091bd, 0xff0091bd, 0xff0091bd, 0xff0092be, 0xcf0091bc, 
/* -57- */
0x00000000, 0x00000000, 0x00000000, 0xa70091bd, 0xff0094c2, 0xff0091bd, 0xff0091bd, 0xff0091bd, 0xff0091bd, 0xff0091bd, 0xff0091bd, 0xff0091bd, 0xff0091bd, 0xff0091bd, 0xff0091bd, 0xff0091bd,
0xff0091bd, 0xff0091bd, 0xff0091bd, 0xff0091bd, 0xff0095c2, 0xca0091bd, 0x18008abf, 0x00000000, 0x00000000, 0x00000000, 0x00000000, 0x00000000, 0x00000000, 0x00000000, 0x00000000, 0x00000000,
0x00000000, 0x00000000, 0x00000000, 0x00000000, 0x00000000, 0x00000000, 0x00000000, 0x00000000, 0x00000000, 0x00000000, 0x00000000, 0x00000000, 0x00000000, 0x00000000, 0x00000000, 0x00000000,
0x00000000, 0x00000000, 0x00000000, 0x00000000, 0x00000000, 0x00000000, 0x8b0090bc, 0xff0092bf, 0xff0091bd, 0xff0091bd, 0xff0091bd, 0xff0091bd, 0xff0091bd, 0xff0091bd, 0xff0091bd, 0xff0091bd,
0xff0091bd, 0xff0091bd, 0xff0091bd, 0xff0091bd, 0xff0091bd, 0xff0091bd, 0xff0091bd, 0xff0091bd, 0xff0095c2, 0xb70090bd, 0x110087b4, 0x00000000, 0x00000000, 0x00000000, 0x00000000, 0x00000000,
0x00000000, 0x00000000, 0x00000000, 0x00000000, 0x00000000, 0x00000000, 0x00000000, 0x00000000, 0x00000000, 0x00000000, 0x00000000, 0x00000000, 0x00000000, 0x69008fbb, 0xf70091bc, 0xff0092be,
0xff0091bd, 0xff0091bd, 0xff0091bd, 0xff0091bd, 0xff0091bd, 0xff0091bd, 0xff0091bd, 0xff0091bd, 0xff0091bd, 0xff0091bd, 0xff0091bd, 0xff0091bd, 0xff0091bd, 0xfd0091bd, 0x640091bc, 0x00000000,
0x00000000, 0x00000000, 0x00000000, 0x00000000, 0x00000000, 0x00000000, 0x00000000, 0x00000000, 0x00000000, 0x00000000, 0x00000000, 0x00000000, 0x00000000, 0x00000000, 0x00000000, 0x00000000,
0x00000000, 0x00000000, 0x00000000, 0x00000000, 0x00000000, 0x00000000, 0x00000000, 0x00000000, 0x00000000, 0x00000000, 0x00000000, 0x00000000, 0x00000000, 0x00000000, 0x00000000, 0x00000000,
0x00000000, 0x00000000, 0x00000000, 0x00000000, 0x00000000, 0x00000000, 0x08009fbf, 0x980090bb, 0xff0096c4, 0xff0091bd, 0xff0091bd, 0xff0091bd, 0xff0091bd, 0xff0091bd, 0xff0091bd, 0xff0091bd,
0xff0091bd, 0xff0091bd, 0xff0091bd, 0xff0091bd, 0xff0091bd, 0xff0091bd, 0xff0095c2, 0xd10091bd, 0x27008fbd, 0x00000000, 0x00000000, 0x00000000, 0x00000000, 0x00000000, 0x00000000, 0x00000000,
0x00000000, 0x00000000, 0x00000000, 0x00000000, 0x00000000, 0x00000000, 0x00000000, 0x00000000, 0x00000000, 0x00000000, 0x00000000, 0x00000000, 0x00000000, 0x00000000, 0x00000000, 0x1a0093ba,
0xbd0091bc, 0xff0096c3, 0xff0091bd, 0xff0091bd, 0xff0091bd, 0xff0091bd, 0xff0091bd, 0xff0091bd, 0xff0091bd, 0xff0091bd, 0xff0091bd, 0xff0091bd, 0xff0091bd, 0xff0091bd, 0xff0091bd, 0xff0095c2,
0xb90092bc, 0x110096c3, 0x00000000, 0x00000000, 0x00000000, 0x00000000, 0x00000000, 0x00000000, 0x00000000, 0x00000000, 0x00000000, 0x00000000, 0x00000000, 0x00000000, 0x00000000, 0x00000000,
0x00000000, 0x00000000, 0x00000000, 0x00000000, 0x00000000, 0x00000000, 0x00000000, 0x00000000, 0x30008fbf, 0xd90090bd, 0xff0094c1, 0xff0091bd, 0xff0091bd, 0xff0091bd, 0xff0091bd, 0xff0091bd,
0xff0091bd, 0xff0091bd, 0xff0091bd, 0xff0091bd, 0xff0091bd, 0xff0091bd, 0xff0091bd, 0xff0091bd, 0xff0092be, 0xcf0091bc, 
/* -58- */
0x00000000, 0x00000000, 0x00000000, 0x5a0093bd, 0xf50090bc, 0xff0093bf, 0xff0091bd, 0xff0091bd, 0xff0091bd, 0xff0091bd, 0xff0091bd, 0xff0091bd, 0xff0091bd, 0xff0091bd, 0xff0091bd, 0xff0091bd,
0xff0091bd, 0xff0091bd, 0xff0091bd, 0xff0091bd, 0xff0092be, 0xfc0094c1, 0x8f0090bd, 0x09008dc6, 0x00000000, 0x00000000, 0x00000000, 0x00000000, 0x00000000, 0x00000000, 0x00000000, 0x00000000,
0x00000000, 0x00000000, 0x00000000, 0x00000000, 0x00000000, 0x00000000, 0x00000000, 0x00000000, 0x00000000, 0x00000000, 0x00000000, 0x00000000, 0x00000000, 0x00000000, 0x00000000, 0x00000000,
0x00000000, 0x00000000, 0x00000000, 0x00000000, 0x00000000, 0x510090bc, 0xf30091bc, 0xff0093bf, 0xff0091bd, 0xff0091bd, 0xff0091bd, 0xff0091bd, 0xff0091bd, 0xff0091bd, 0xff0091bd, 0xff0091bd,
0xff0091bd, 0xff0091bd, 0xff0091bd, 0xff0091bd, 0xff0091bd, 0xff0091bd, 0xff0091bd, 0xff0091bd, 0xff0095c2, 0xb70090bd, 0x110087b4, 0x00000000, 0x00000000, 0x00000000, 0x00000000, 0x00000000,
0x00000000, 0x00000000, 0x00000000, 0x00000000, 0x00000000, 0x00000000, 0x00000000, 0x00000000, 0x00000000, 0x00000000, 0x00000000, 0x00000000, 0x00000000, 0x69008fbb, 0xf70091bc, 0xff0092be,
0xff0091bd, 0xff0091bd, 0xff0091bd, 0xff0091bd, 0xff0091bd, 0xff0091bd, 0xff0091bd, 0xff0091bd, 0xff0091bd, 0xff0091bd, 0xff0091bd, 0xff0091bd, 0xff0091bd, 0xfd0091bd, 0x640091bc, 0x00000000,
0x00000000, 0x00000000, 0x00000000, 0x00000000, 0x00000000, 0x00000000, 0x00000000, 0x00000000, 0x00000000, 0x00000000, 0x00000000, 0x00000000, 0x00000000, 0x00000000, 0x00000000, 0x00000000,
0x00000000, 0x00000000, 0x00000000, 0x00000000, 0x00000000, 0x00000000, 0x00000000, 0x00000000, 0x00000000, 0x00000000, 0x00000000, 0x00000000, 0x00000000, 0x00000000, 0x00000000, 0x00000000,
0x00000000, 0x00000000, 0x00000000, 0x00000000, 0x00000000, 0x00000000, 0x08009fbf, 0x980090bb, 0xff0096c4, 0xff0091bd, 0xff0091bd, 0xff0091bd, 0xff0091bd, 0xff0091bd, 0xff0091bd, 0xff0091bd,
0xff0091bd, 0xff0091bd, 0xff0091bd, 0xff0091bd, 0xff0091bd, 0xff0091bd, 0xff0095c2, 0xd10091bd, 0x27008fbd, 0x00000000, 0x00000000, 0x00000000, 0x00000000, 0x00000000, 0x00000000, 0x00000000,
0x00000000, 0x00000000, 0x00000000, 0x00000000, 0x00000000, 0x00000000, 0x00000000, 0x00000000, 0x00000000, 0x00000000, 0x00000000, 0x00000000, 0x00000000, 0x00000000, 0x00000000, 0x1a0093ba,
0xbd0091bc, 0xff0096c3, 0xff0091bd, 0xff0091bd, 0xff0091bd, 0xff0091bd, 0xff0091bd, 0xff0091bd, 0xff0091bd, 0xff0091bd, 0xff0091bd, 0xff0091bd, 0xff0091bd, 0xff0091bd, 0xff0091bd, 0xff0095c2,
0xb90092bc, 0x110096c3, 0x00000000, 0x00000000, 0x00000000, 0x00000000, 0x00000000, 0x00000000, 0x00000000, 0x00000000, 0x00000000, 0x00000000, 0x00000000, 0x00000000, 0x00000000, 0x00000000,
0x00000000, 0x00000000, 0x00000000, 0x00000000, 0x00000000, 0x00000000, 0x00000000, 0x00000000, 0x30008fbf, 0xd90090bd, 0xff0094c1, 0xff0091bd, 0xff0091bd, 0xff0091bd, 0xff0091bd, 0xff0091bd,
0xff0091bd, 0xff0091bd, 0xff0091bd, 0xff0091bd, 0xff0091bd, 0xff0091bd, 0xff0091bd, 0xff0091bd, 0xff0092be, 0xcf0091bc, 
/* -59- */
0x00000000, 0x00000000, 0x00000000, 0x0c0094bf, 0xd70090bc, 0xff0093c0, 0xff0091bd, 0xff0091bd, 0xff0091bd, 0xff0091bd, 0xff0091bd, 0xff0091bd, 0xff0091bd, 0xff0091bd, 0xff0091bd, 0xff0091bd,
0xff0091bd, 0xff0091bd, 0xff0091bd, 0xff0091bd, 0xff0091bd, 0xff0093c0, 0xf30095c2, 0x600092bc, 0x00000000, 0x00000000, 0x00000000, 0x00000000, 0x00000000, 0x00000000, 0x00000000, 0x00000000,
0x00000000, 0x00000000, 0x00000000, 0x00000000, 0x00000000, 0x00000000, 0x00000000, 0x00000000, 0x00000000, 0x00000000, 0x00000000, 0x00000000, 0x00000000, 0x00000000, 0x00000000, 0x00000000,
0x00000000, 0x00000000, 0x00000000, 0x00000000, 0x360092bc, 0xd90090bc, 0xff0094c1, 0xff0091bd, 0xff0091bd, 0xff0091bd, 0xff0091bd, 0xff0091bd, 0xff0091bd, 0xff0091bd, 0xff0091bd, 0xff0091bd,
0xff0091bd, 0xff0091bd, 0xff0091bd, 0xff0091bd, 0xff0091bd, 0xff0091bd, 0xff0091bd, 0xff0091bd, 0xff0095c2, 0xb70090bd, 0x110087b4, 0x00000000, 0x00000000, 0x00000000, 0x00000000, 0x00000000,
0x00000000, 0x00000000, 0x00000000, 0x00000000, 0x00000000, 0x00000000, 0x00000000, 0x00000000, 0x00000000, 0x00000000, 0x00000000, 0x00000000, 0x00000000, 0x69008fbb, 0xf70091bc, 0xff0092be,
0xff0091bd, 0xff0091bd, 0xff0091bd, 0xff0091bd, 0xff0091bd, 0xff0091bd, 0xff0091bd, 0xff0091bd, 0xff0091bd, 0xff0091bd, 0xff0091bd, 0xff0091bd, 0xff0091bd, 0xfd0091bd, 0x640091bc, 0x00000000,
0x00000000, 0x00000000, 0x00000000, 0x00000000, 0x00000000, 0x00000000, 0x00000000, 0x00000000, 0x00000000, 0x00000000, 0x00000000, 0x00000000, 0x00000000, 0x00000000, 0x00000000, 0x00000000,
0x00000000, 0x00000000, 0x00000000, 0x00000000, 0x00000000, 0x00000000, 0x00000000, 0x00000000, 0x00000000, 0x00000000, 0x00000000, 0x00000000, 0x00000000, 0x00000000, 0x00000000, 0x00000000,
0x00000000, 0x00000000, 0x00000000, 0x00000000, 0x00000000, 0x00000000, 0x08009fbf, 0x980090bb, 0xff0096c4, 0xff0091bd, 0xff0091bd, 0xff0091bd, 0xff0091bd, 0xff0091bd, 0xff0091bd, 0xff0091bd,
0xff0091bd, 0xff0091bd, 0xff0091bd, 0xff0091bd, 0xff0091bd, 0xff0091bd, 0xff0095c2, 0xd10091bd, 0x27008fbd, 0x00000000, 0x00000000, 0x00000000, 0x00000000, 0x00000000, 0x00000000, 0x00000000,
0x00000000, 0x00000000, 0x00000000, 0x00000000, 0x00000000, 0x00000000, 0x00000000, 0x00000000, 0x00000000, 0x00000000, 0x00000000, 0x00000000, 0x00000000, 0x00000000, 0x00000000, 0x1a0093ba,
0xbd0091bc, 0xff0096c3, 0xff0091bd, 0xff0091bd, 0xff0091bd, 0xff0091bd, 0xff0091bd, 0xff0091bd, 0xff0091bd, 0xff0091bd, 0xff0091bd, 0xff0091bd, 0xff0091bd, 0xff0091bd, 0xff0091bd, 0xff0095c2,
0xb90092bc, 0x110096c3, 0x00000000, 0x00000000, 0x00000000, 0x00000000, 0x00000000, 0x00000000, 0x00000000, 0x00000000, 0x00000000, 0x00000000, 0x00000000, 0x00000000, 0x00000000, 0x00000000,
0x00000000, 0x00000000, 0x00000000, 0x00000000, 0x00000000, 0x00000000, 0x00000000, 0x00000000, 0x30008fbf, 0xd90090bd, 0xff0094c1, 0xff0091bd, 0xff0091bd, 0xff0091bd, 0xff0091bd, 0xff0091bd,
0xff0091bd, 0xff0091bd, 0xff0091bd, 0xff0091bd, 0xff0091bd, 0xff0091bd, 0xff0091bd, 0xff0091bd, 0xff0092be, 0xcf0091bc, 
/* -60- */
0x00000000, 0x00000000, 0x00000000, 0x00000000, 0x87008fbc, 0xff0092be, 0xff0091bd, 0xff0091bd, 0xff0091bd, 0xff0091bd, 0xff0091bd, 0xff0091bd, 0xff0091bd, 0xff0091bd, 0xff0091bd, 0xff0091bd,
0xff0091bd, 0xff0091bd, 0xff0091bd, 0xff0091bd, 0xff0091bd, 0xff0091bd, 0xff0094c1, 0xf1008fbc, 0x4b0092bb, 0x00000000, 0x00000000, 0x00000000, 0x00000000, 0x00000000, 0x00000000, 0x00000000,
0x00000000, 0x00000000, 0x00000000, 0x00000000, 0x00000000, 0x00000000, 0x00000000, 0x00000000, 0x00000000, 0x00000000, 0x00000000, 0x00000000, 0x00000000, 0x00000000, 0x00000000, 0x00000000,
0x00000000, 0x00000000, 0x00000000, 0x27008fb7, 0xc40091bd, 0xff0095c2, 0xff0091bd, 0xff0091bd, 0xff0091bd, 0xff0091bd, 0xff0091bd, 0xff0091bd, 0xff0091bd, 0xff0091bd, 0xff0091bd, 0xff0091bd,
0xff0091bd, 0xff0091bd, 0xff0091bd, 0xff0091bd, 0xff0091bd, 0xff0091bd, 0xff0091bd, 0xff0091bd, 0xff0095c2, 0xb70090bd, 0x110087b4, 0x00000000, 0x00000000, 0x00000000, 0x00000000, 0x00000000,
0x00000000, 0x00000000, 0x00000000, 0x00000000, 0x00000000, 0x00000000, 0x00000000, 0x00000000, 0x00000000, 0x00000000, 0x00000000, 0x00000000, 0x00000000, 0x69008fbb, 0xf70091bc, 0xff0092be,
0xff0091bd, 0xff0091bd, 0xff0091bd, 0xff0091bd, 0xff0091bd, 0xff0091bd, 0xff0091bd, 0xff0091bd, 0xff0091bd, 0xff0091bd, 0xff0091bd, 0xff0091bd, 0xff0091bd, 0xfd0091bd, 0x640091bc, 0x00000000,
0x00000000, 0x00000000, 0x00000000, 0x00000000, 0x00000000, 0x00000000, 0x00000000, 0x00000000, 0x00000000, 0x00000000, 0x00000000, 0x00000000, 0x00000000, 0x00000000, 0x00000000, 0x00000000,
0x00000000, 0x00000000, 0x00000000, 0x00000000, 0x00000000, 0x00000000, 0x00000000, 0x00000000, 0x00000000, 0x00000000, 0x00000000, 0x00000000, 0x00000000, 0x00000000, 0x00000000, 0x00000000,
0x00000000, 0x00000000, 0x00000000, 0x00000000, 0x00000000, 0x00000000, 0x08009fbf, 0x980090bb, 0xff0096c4, 0xff0091bd, 0xff0091bd, 0xff0091bd, 0xff0091bd, 0xff0091bd, 0xff0091bd, 0xff0091bd,
0xff0091bd, 0xff0091bd, 0xff0091bd, 0xff0091bd, 0xff0091bd, 0xff0091bd, 0xff0095c2, 0xd10091bd, 0x27008fbd, 0x00000000, 0x00000000, 0x00000000, 0x00000000, 0x00000000, 0x00000000, 0x00000000,
0x00000000, 0x00000000, 0x00000000, 0x00000000, 0x00000000, 0x00000000, 0x00000000, 0x00000000, 0x00000000, 0x00000000, 0x00000000, 0x00000000, 0x00000000, 0x00000000, 0x00000000, 0x1a0093ba,
0xbd0091bc, 0xff0096c3, 0xff0091bd, 0xff0091bd, 0xff0091bd, 0xff0091bd, 0xff0091bd, 0xff0091bd, 0xff0091bd, 0xff0091bd, 0xff0091bd, 0xff0091bd, 0xff0091bd, 0xff0091bd, 0xff0091bd, 0xff0095c2,
0xb90092bc, 0x110096c3, 0x00000000, 0x00000000, 0x00000000, 0x00000000, 0x00000000, 0x00000000, 0x00000000, 0x00000000, 0x00000000, 0x00000000, 0x00000000, 0x00000000, 0x00000000, 0x00000000,
0x00000000, 0x00000000, 0x00000000, 0x00000000, 0x00000000, 0x00000000, 0x00000000, 0x00000000, 0x30008fbf, 0xd90090bd, 0xff0094c1, 0xff0091bd, 0xff0091bd, 0xff0091bd, 0xff0091bd, 0xff0091bd,
0xff0091bd, 0xff0091bd, 0xff0091bd, 0xff0091bd, 0xff0091bd, 0xff0091bd, 0xff0091bd, 0xff0091bd, 0xff0092be, 0xcf0091bc, 
/* -61- */
0x00000000, 0x00000000, 0x00000000, 0x00000000, 0x20008fbf, 0xef0091bc, 0xff0091bd, 0xff0091bd, 0xff0091bd, 0xff0091bd, 0xff0091bd, 0xff0091bd, 0xff0091bd, 0xff0091bd, 0xff0091bd, 0xff0091bd,
0xff0091bd, 0xff0091bd, 0xff0091bd, 0xff0091bd, 0xff0091bd, 0xff0091bd, 0xff0091bd, 0xff0093bf, 0xee0092bd, 0x520092bd, 0x0100ffff, 0x00000000, 0x00000000, 0x00000000, 0x00000000, 0x00000000,
0x00000000, 0x00000000, 0x00000000, 0x00000000, 0x00000000, 0x00000000, 0x00000000, 0x00000000, 0x00000000, 0x00000000, 0x00000000, 0x00000000, 0x00000000, 0x00000000, 0x00000000, 0x00000000,
0x00000000, 0x00000000, 0x310091b6, 0xc90090bd, 0xff0094c1, 0xff0091bd, 0xff0091bd, 0xff0091bd, 0xff0091bd, 0xff0091bd, 0xff0091bd, 0xff0091bd, 0xff0091bd, 0xff0091bd, 0xff0091bd, 0xff0091bd,
0xff0091bd, 0xff0091bd, 0xff0091bd, 0xff0091bd, 0xff0091bd, 0xff0091bd, 0xff0091bd, 0xff0091bd, 0xff0095c2, 0xb70090bd, 0x110087b4, 0x00000000, 0x00000000, 0x00000000, 0x00000000, 0x00000000,
0x00000000, 0x00000000, 0x00000000, 0x00000000, 0x00000000, 0x00000000, 0x00000000, 0x00000000, 0x00000000, 0x00000000, 0x00000000, 0x00000000, 0x00000000, 0x69008fbb, 0xf70091bc, 0xff0092be,
0xff0091bd, 0xff0091bd, 0xff0091bd, 0xff0091bd, 0xff0091bd, 0xff0091bd, 0xff0091bd, 0xff0091bd, 0xff0091bd, 0xff0091bd, 0xff0091bd, 0xff0091bd, 0xff0091bd, 0xfd0091bd, 0x640091bc, 0x00000000,
0x00000000, 0x00000000, 0x00000000, 0x00000000, 0x00000000, 0x00000000, 0x00000000, 0x00000000, 0x00000000, 0x00000000, 0x00000000, 0x00000000, 0x00000000, 0x00000000, 0x00000000, 0x00000000,
0x00000000, 0x00000000, 0x00000000, 0x00000000, 0x00000000, 0x00000000, 0x00000000, 0x00000000, 0x00000000, 0x00000000, 0x00000000, 0x00000000, 0x00000000, 0x00000000, 0x00000000, 0x00000000,
0x00000000, 0x00000000, 0x00000000, 0x00000000, 0x00000000, 0x00000000, 0x08009fbf, 0x980090bb, 0xff0096c4, 0xff0091bd, 0xff0091bd, 0xff0091bd, 0xff0091bd, 0xff0091bd, 0xff0091bd, 0xff0091bd,
0xff0091bd, 0xff0091bd, 0xff0091bd, 0xff0091bd, 0xff0091bd, 0xff0091bd, 0xff0095c2, 0xd10091bd, 0x27008fbd, 0x00000000, 0x00000000, 0x00000000, 0x00000000, 0x00000000, 0x00000000, 0x00000000,
0x00000000, 0x00000000, 0x00000000, 0x00000000, 0x00000000, 0x00000000, 0x00000000, 0x00000000, 0x00000000, 0x00000000, 0x00000000, 0x00000000, 0x00000000, 0x00000000, 0x00000000, 0x1a0093ba,
0xbd0091bc, 0xff0096c3, 0xff0091bd, 0xff0091bd, 0xff0091bd, 0xff0091bd, 0xff0091bd, 0xff0091bd, 0xff0091bd, 0xff0091bd, 0xff0091bd, 0xff0091bd, 0xff0091bd, 0xff0091bd, 0xff0091bd, 0xff0095c2,
0xb90092bc, 0x110096c3, 0x00000000, 0x00000000, 0x00000000, 0x00000000, 0x00000000, 0x00000000, 0x00000000, 0x00000000, 0x00000000, 0x00000000, 0x00000000, 0x00000000, 0x00000000, 0x00000000,
0x00000000, 0x00000000, 0x00000000, 0x00000000, 0x00000000, 0x00000000, 0x00000000, 0x00000000, 0x30008fbf, 0xd90090bd, 0xff0094c1, 0xff0091bd, 0xff0091bd, 0xff0091bd, 0xff0091bd, 0xff0091bd,
0xff0091bd, 0xff0091bd, 0xff0091bd, 0xff0091bd, 0xff0091bd, 0xff0091bd, 0xff0091bd, 0xff0091bd, 0xff0092be, 0xcf0091bc, 
/* -62- */
0x00000000, 0x00000000, 0x00000000, 0x00000000, 0x00000000, 0x8a0090bc, 0xff0095c3, 0xff0091bd, 0xff0091bd, 0xff0091bd, 0xff0091bd, 0xff0091bd, 0xff0091bd, 0xff0091bd, 0xff0091bd, 0xff0091bd,
0xff0091bd, 0xff0091bd, 0xff0091bd, 0xff0091bd, 0xff0091bd, 0xff0091bd, 0xff0091bd, 0xff0091bd, 0xff0093bf, 0xf30091bd, 0x730090bc, 0x10008fbf, 0x00000000, 0x00000000, 0x00000000, 0x00000000,
0x00000000, 0x00000000, 0x00000000, 0x00000000, 0x00000000, 0x00000000, 0x00000000, 0x00000000, 0x00000000, 0x00000000, 0x00000000, 0x00000000, 0x00000000, 0x00000000, 0x00000000, 0x00000000,
0x04007fbf, 0x560091bd, 0xdb0091bd, 0xff0094c0, 0xff0091bd, 0xff0091bd, 0xff0091bd, 0xff0091bd, 0xff0091bd, 0xff0091bd, 0xff0091bd, 0xff0091bd, 0xff0091bd, 0xff0091bd, 0xff0091bd, 0xff0091bd,
0xff0091bd, 0xff0091bd, 0xff0091bd, 0xff0091bd, 0xff0091bd, 0xff0091bd, 0xff0091bd, 0xff0091bd, 0xff0095c2, 0xb70090bd, 0x110087b4, 0x00000000, 0x00000000, 0x00000000, 0x00000000, 0x00000000,
0x00000000, 0x00000000, 0x00000000, 0x00000000, 0x00000000, 0x00000000, 0x00000000, 0x00000000, 0x00000000, 0x00000000, 0x00000000, 0x00000000, 0x00000000, 0x69008fbb, 0xf70091bc, 0xff0092be,
0xff0091bd, 0xff0091bd, 0xff0091bd, 0xff0091bd, 0xff0091bd, 0xff0091bd, 0xff0091bd, 0xff0091bd, 0xff0091bd, 0xff0091bd, 0xff0091bd, 0xff0091bd, 0xff0091bd, 0xfd0091bd, 0x640091bc, 0x00000000,
0x00000000, 0x00000000, 0x00000000, 0x00000000, 0x00000000, 0x00000000, 0x00000000, 0x00000000, 0x00000000, 0x00000000, 0x00000000, 0x00000000, 0x00000000, 0x00000000, 0x00000000, 0x00000000,
0x00000000, 0x00000000, 0x00000000, 0x00000000, 0x00000000, 0x00000000, 0x00000000, 0x00000000, 0x00000000, 0x00000000, 0x00000000, 0x00000000, 0x00000000, 0x00000000, 0x00000000, 0x00000000,
0x00000000, 0x00000000, 0x00000000, 0x00000000, 0x00000000, 0x00000000, 0x08009fbf, 0x980090bd, 0xff0096c4, 0xff0091bd, 0xff0091bd, 0xff0091bd, 0xff0091bd, 0xff0091bd, 0xff0091bd, 0xff0091bd,
0xff0091bd, 0xff0091bd, 0xff0091bd, 0xff0091bd, 0xff0091bd, 0xff0091bd, 0xff0095c2, 0xd10091bd, 0x27008fbd, 0x00000000, 0x00000000, 0x00000000, 0x00000000, 0x00000000, 0x00000000, 0x00000000,
0x00000000, 0x00000000, 0x00000000, 0x00000000, 0x00000000, 0x00000000, 0x00000000, 0x00000000, 0x00000000, 0x00000000, 0x00000000, 0x00000000, 0x00000000, 0x00000000, 0x00000000, 0x1a0093ba,
0xbd0091bc, 0xff0096c3, 0xff0091bd, 0xff0091bd, 0xff0091bd, 0xff0091bd, 0xff0091bd, 0xff0091bd, 0xff0091bd, 0xff0091bd, 0xff0091bd, 0xff0091bd, 0xff0091bd, 0xff0091bd, 0xff0091bd, 0xff0095c2,
0xb90092bc, 0x110096c3, 0x00000000, 0x00000000, 0x00000000, 0x00000000, 0x00000000, 0x00000000, 0x00000000, 0x00000000, 0x00000000, 0x00000000, 0x00000000, 0x00000000, 0x00000000, 0x00000000,
0x00000000, 0x00000000, 0x00000000, 0x00000000, 0x00000000, 0x00000000, 0x00000000, 0x00000000, 0x30008fbf, 0xd90090bd, 0xff0094c1, 0xff0091bd, 0xff0091bd, 0xff0091bd, 0xff0091bd, 0xff0091bd,
0xff0091bd, 0xff0091bd, 0xff0091bd, 0xff0091bd, 0xff0091bd, 0xff0091bd, 0xff0091bd, 0xff0091bd, 0xff0092be, 0xcf0091bc, 
/* -63- */
0x00000000, 0x00000000, 0x00000000, 0x00000000, 0x00000000, 0x27008fbd, 0xe70092be, 0xff0093bf, 0xff0091bd, 0xff0091bd, 0xff0091bd, 0xff0091bd, 0xff0091bd, 0xff0091bd, 0xff0091bd, 0xff0091bd,
0xff0091bd, 0xff0091bd, 0xff0091bd, 0xff0091bd, 0xff0091bd, 0xff0091bd, 0xff0091bd, 0xff0091bd, 0xff0091bd, 0xff0093c0, 0xfe0091bd, 0xac0091bc, 0x3f0091be, 0x00000000, 0x00000000, 0x00000000,
0x00000000, 0x00000000, 0x00000000, 0x00000000, 0x00000000, 0x00000000, 0x00000000, 0x00000000, 0x00000000, 0x00000000, 0x00000000, 0x00000000, 0x00000000, 0x00000000, 0x00000000, 0x310091bb,
0x970091bd, 0xf60092bd, 0xff0094c1, 0xff0091bd, 0xff0091bd, 0xff0091bd, 0xff0091bd, 0xff0091bd, 0xff0091bd, 0xff0091bd, 0xff0091bd, 0xff0091bd, 0xff0091bd, 0xff0091bd, 0xff0091bd, 0xff0091bd,
0xff0091bd, 0xff0091bd, 0xff0091bd, 0xff0091bd, 0xff0091bd, 0xff0091bd, 0xff0091bd, 0xff0091bd, 0xff0095c2, 0xb70090bd, 0x110087b4, 0x00000000, 0x00000000, 0x00000000, 0x00000000, 0x00000000,
0x00000000, 0x00000000, 0x00000000, 0x00000000, 0x00000000, 0x00000000, 0x00000000, 0x00000000, 0x00000000, 0x00000000, 0x00000000, 0x00000000, 0x00000000, 0x69008fbb, 0xf70091bc, 0xff0092be,
0xff0091bd, 0xff0091bd, 0xff0091bd, 0xff0091bd, 0xff0091bd, 0xff0091bd, 0xff0091bd, 0xff0091bd, 0xff0091bd, 0xff0091bd, 0xff0091bd, 0xff0091bd, 0xff0091bd, 0xfd0091bd, 0x640091bc, 0x00000000,
0x00000000, 0x00000000, 0x00000000, 0x00000000, 0x00000000, 0x00000000, 0x00000000, 0x00000000, 0x00000000, 0x00000000, 0x00000000, 0x00000000, 0x00000000, 0x00000000, 0x00000000, 0x00000000,
0x00000000, 0x00000000, 0x00000000, 0x00000000, 0x00000000, 0x00000000, 0x00000000, 0x00000000, 0x00000000, 0x00000000, 0x00000000, 0x00000000, 0x00000000, 0x00000000, 0x00000000, 0x00000000,
0x00000000, 0x00000000, 0x00000000, 0x00000000, 0x00000000, 0x00000000, 0x08009fbf, 0x980090bd, 0xff0096c4, 0xff0091bd, 0xff0091bd, 0xff0091bd, 0xff0091bd, 0xff0091bd, 0xff0091bd, 0xff0091bd,
0xff0091bd, 0xff0091bd, 0xff0091bd, 0xff0091bd, 0xff0091bd, 0xff0091bd, 0xff0095c2, 0xd10091bd, 0x27008fbd, 0x00000000, 0x00000000, 0x00000000, 0x00000000, 0x00000000, 0x00000000, 0x00000000,
0x00000000, 0x00000000, 0x00000000, 0x00000000, 0x00000000, 0x00000000, 0x00000000, 0x00000000, 0x00000000, 0x00000000, 0x00000000, 0x00000000, 0x00000000, 0x00000000, 0x00000000, 0x1a0093ba,
0xbd0091bc, 0xff0096c3, 0xff0091bd, 0xff0091bd, 0xff0091bd, 0xff0091bd, 0xff0091bd, 0xff0091bd, 0xff0091bd, 0xff0091bd, 0xff0091bd, 0xff0091bd, 0xff0091bd, 0xff0091bd, 0xff0091bd, 0xff0095c2,
0xb90092bc, 0x110096c3, 0x00000000, 0x00000000, 0x00000000, 0x00000000, 0x00000000, 0x00000000, 0x00000000, 0x00000000, 0x00000000, 0x00000000, 0x00000000, 0x00000000, 0x00000000, 0x00000000,
0x00000000, 0x00000000, 0x00000000, 0x00000000, 0x00000000, 0x00000000, 0x00000000, 0x00000000, 0x30008fbf, 0xd90090bd, 0xff0094c1, 0xff0091bd, 0xff0091bd, 0xff0091bd, 0xff0091bd, 0xff0091bd,
0xff0091bd, 0xff0091bd, 0xff0091bd, 0xff0091bd, 0xff0091bd, 0xff0091bd, 0xff0091bd, 0xff0091bd, 0xff0092be, 0xcf0091bc, 
/* -64- */
0x00000000, 0x00000000, 0x00000000, 0x00000000, 0x00000000, 0x0300aaaa, 0x7c008fbb, 0xff0096c3, 0xff0091be, 0xff0091bd, 0xff0091bd, 0xff0091bd, 0xff0091bd, 0xff0091bd, 0xff0091bd, 0xff0091bd,
0xff0091bd, 0xff0091bd, 0xff0091bd, 0xff0091bd, 0xff0091bd, 0xff0091bd, 0xff0091bd, 0xff0091bd, 0xff0091bd, 0xff0091bd, 0xff0092be, 0xff0095c2, 0xe40091be, 0x990091bc, 0x360092bc, 0x00000000,
0x00000000, 0x00000000, 0x00000000, 0x00000000, 0x00000000, 0x00000000, 0x00000000, 0x00000000, 0x00000000, 0x00000000, 0x00000000, 0x00000000, 0x00000000, 0x2f008dbd, 0x910090bd, 0xdc0092bf,
0xff0095c2, 0xff0093c0, 0xff0091bd, 0xff0091bd, 0xff0091bd, 0xff0091bd, 0xff0091bd, 0xff0091bd, 0xff0091bd, 0xff0091bd, 0xff0091bd, 0xff0091bd, 0xff0091bd, 0xff0091bd, 0xff0091bd, 0xff0091bd,
0xff0091bd, 0xff0091bd, 0xff0091bd, 0xff0091bd, 0xff0091bd, 0xff0091bd, 0xff0091bd, 0xff0091bd, 0xff0095c2, 0xb70090bd, 0x110087b4, 0x00000000, 0x00000000, 0x00000000, 0x00000000, 0x00000000,
0x00000000, 0x00000000, 0x00000000, 0x00000000, 0x00000000, 0x00000000, 0x00000000, 0x00000000, 0x00000000, 0x00000000, 0x00000000, 0x00000000, 0x00000000, 0x69008fbb, 0xf70091bc, 0xff0092be,
0xff0091bd, 0xff0091bd, 0xff0091bd, 0xff0091bd, 0xff0091bd, 0xff0091bd, 0xff0091bd, 0xff0091bd, 0xff0091bd, 0xff0091bd, 0xff0091bd, 0xff0091bd, 0xff0091bd, 0xfd0091bd, 0x640091bc, 0x00000000,
0x00000000, 0x00000000, 0x00000000, 0x00000000, 0x00000000, 0x00000000, 0x00000000, 0x00000000, 0x00000000, 0x00000000, 0x00000000, 0x00000000, 0x00000000, 0x00000000, 0x00000000, 0x00000000,
0x00000000, 0x00000000, 0x00000000, 0x00000000, 0x00000000, 0x00000000, 0x00000000, 0x00000000, 0x00000000, 0x00000000, 0x00000000, 0x00000000, 0x00000000, 0x00000000, 0x00000000, 0x00000000,
0x00000000, 0x00000000, 0x00000000, 0x00000000, 0x00000000, 0x00000000, 0x08009fbf, 0x980090bd, 0xff0096c4, 0xff0091bd, 0xff0091bd, 0xff0091bd, 0xff0091bd, 0xff0091bd, 0xff0091bd, 0xff0091bd,
0xff0091bd, 0xff0091bd, 0xff0091bd, 0xff0091bd, 0xff0091bd, 0xff0091bd, 0xff0095c2, 0xd10091bd, 0x27008fbd, 0x00000000, 0x00000000, 0x00000000, 0x00000000, 0x00000000, 0x00000000, 0x00000000,
0x00000000, 0x00000000, 0x00000000, 0x00000000, 0x00000000, 0x00000000, 0x00000000, 0x00000000, 0x00000000, 0x00000000, 0x00000000, 0x00000000, 0x00000000, 0x00000000, 0x00000000, 0x1a0093ba,
0xbd0091bc, 0xff0096c3, 0xff0091bd, 0xff0091bd, 0xff0091bd, 0xff0091bd, 0xff0091bd, 0xff0091bd, 0xff0091bd, 0xff0091bd, 0xff0091bd, 0xff0091bd, 0xff0091bd, 0xff0091bd, 0xff0091bd, 0xff0095c2,
0xb90092bc, 0x110096c3, 0x00000000, 0x00000000, 0x00000000, 0x00000000, 0x00000000, 0x00000000, 0x00000000, 0x00000000, 0x00000000, 0x00000000, 0x00000000, 0x00000000, 0x00000000, 0x00000000,
0x00000000, 0x00000000, 0x00000000, 0x00000000, 0x00000000, 0x00000000, 0x00000000, 0x00000000, 0x30008fbf, 0xd90090bd, 0xff0094c1, 0xff0091bd, 0xff0091bd, 0xff0091bd, 0xff0091bd, 0xff0091bd,
0xff0091bd, 0xff0091bd, 0xff0091bd, 0xff0091bd, 0xff0091bd, 0xff0091bd, 0xff0091bd, 0xff0091bd, 0xff0092be, 0xcf0091bc, 
/* -65- */
0x00000000, 0x00000000, 0x00000000, 0x00000000, 0x00000000, 0x00000000, 0x1f0094bd, 0xc60091be, 0xff0096c3, 0xff0091bd, 0xff0091bd, 0xff0091bd, 0xff0091bd, 0xff0091bd, 0xff0091bd, 0xff0091bd,
0xff0091bd, 0xff0091bd, 0xff0091bd, 0xff0091bd, 0xff0091bd, 0xff0091bd, 0xff0091bd, 0xff0091bd, 0xff0091bd, 0xff0091bd, 0xff0091bd, 0xff0091bd, 0xff0094c1, 0xff0092bf, 0xed0091bd, 0xbf0091bc,
0x6f0090bc, 0x290088ba, 0x0a0099b2, 0x0600aad4, 0x050099cc, 0x04007fbf, 0x04007fbf, 0x050099cc, 0x070091b6, 0x0b008bb9, 0x2f008dbd, 0x700091bf, 0xbf0090bc, 0xec0090be, 0xff0092be, 0xff0095c2,
0xff0091bd, 0xff0091bd, 0xff0091bd, 0xff0091bd, 0xff0091bd, 0xff0091bd, 0xff0091bd, 0xff0091bd, 0xff0091bd, 0xff0091bd, 0xff0091bd, 0xff0091bd, 0xff0091bd, 0xff0091bd, 0xff0091bd, 0xff0091bd,
0xff0091bd, 0xff0091bd, 0xff0091bd, 0xff0091bd, 0xff0091bd, 0xff0091bd, 0xff0091bd, 0xff0091bd, 0xff0095c2, 0xb70090bd, 0x110087b4, 0x00000000, 0x00000000, 0x00000000, 0x00000000, 0x00000000,
0x00000000, 0x00000000, 0x00000000, 0x00000000, 0x00000000, 0x00000000, 0x00000000, 0x00000000, 0x00000000, 0x00000000, 0x00000000, 0x00000000, 0x00000000, 0x69008fbb, 0xf70091bc, 0xff0092be,
0xff0091bd, 0xff0091bd, 0xff0091bd, 0xff0091bd, 0xff0091bd, 0xff0091bd, 0xff0091bd, 0xff0091bd, 0xff0091bd, 0xff0091bd, 0xff0091bd, 0xff0091bd, 0xff0091bd, 0xfd0091bd, 0x640091bc, 0x00000000,
0x00000000, 0x00000000, 0x00000000, 0x00000000, 0x00000000, 0x00000000, 0x00000000, 0x00000000, 0x00000000, 0x00000000, 0x00000000, 0x00000000, 0x00000000, 0x00000000, 0x00000000, 0x00000000,
0x00000000, 0x00000000, 0x00000000, 0x00000000, 0x00000000, 0x00000000, 0x00000000, 0x00000000, 0x00000000, 0x00000000, 0x00000000, 0x00000000, 0x00000000, 0x00000000, 0x00000000, 0x00000000,
0x00000000, 0x00000000, 0x00000000, 0x00000000, 0x00000000, 0x00000000, 0x08009fbf, 0x980090bd, 0xff0096c4, 0xff0091bd, 0xff0091bd, 0xff0091bd, 0xff0091bd, 0xff0091bd, 0xff0091bd, 0xff0091bd,
0xff0091bd, 0xff0091bd, 0xff0091bd, 0xff0091bd, 0xff0091bd, 0xff0091bd, 0xff0095c2, 0xd10091bd, 0x27008fbd, 0x00000000, 0x00000000, 0x00000000, 0x00000000, 0x00000000, 0x00000000, 0x00000000,
0x00000000, 0x00000000, 0x00000000, 0x00000000, 0x00000000, 0x00000000, 0x00000000, 0x00000000, 0x00000000, 0x00000000, 0x00000000, 0x00000000, 0x00000000, 0x00000000, 0x00000000, 0x1a0093ba,
0xbd0091bc, 0xff0096c3, 0xff0091bd, 0xff0091bd, 0xff0091bd, 0xff0091bd, 0xff0091bd, 0xff0091bd, 0xff0091bd, 0xff0091bd, 0xff0091bd, 0xff0091bd, 0xff0091bd, 0xff0091bd, 0xff0091bd, 0xff0095c2,
0xb90092bc, 0x110096c3, 0x00000000, 0x00000000, 0x00000000, 0x00000000, 0x00000000, 0x00000000, 0x00000000, 0x00000000, 0x00000000, 0x00000000, 0x00000000, 0x00000000, 0x00000000, 0x00000000,
0x00000000, 0x00000000, 0x00000000, 0x00000000, 0x00000000, 0x00000000, 0x00000000, 0x00000000, 0x30008fbf, 0xd90090bd, 0xff0094c1, 0xff0091bd, 0xff0091bd, 0xff0091bd, 0xff0091bd, 0xff0091bd,
0xff0091bd, 0xff0091bd, 0xff0091bd, 0xff0091bd, 0xff0091bd, 0xff0091bd, 0xff0091bd, 0xff0091bd, 0xff0092be, 0xcf0091bc, 
/* -66- */
0x00000000, 0x00000000, 0x00000000, 0x00000000, 0x00000000, 0x00000000, 0x00000000, 0x5a0090bd, 0xf80090bd, 0xff0093c0, 0xff0091bd, 0xff0091bd, 0xff0091bd, 0xff0091bd, 0xff0091bd, 0xff0091bd,
0xff0091bd, 0xff0091bd, 0xff0091bd, 0xff0091bd, 0xff0091bd, 0xff0091bd, 0xff0091bd, 0xff0091bd, 0xff0091bd, 0xff0091bd, 0xff0091bd, 0xff0091bd, 0xff0091bd, 0xff0091be, 0xff0093bf, 0xff0093bf,
0xff0091bd, 0xfd0092be, 0xea0092bc, 0xc30091bd, 0xb00090bc, 0xa00091bd, 0xa3008fbd, 0xaf0090bb, 0xc90090bd, 0xeb0091bd, 0xfd0091be, 0xff0091bd, 0xff0093bf, 0xff0093bf, 0xff0091be, 0xff0091bd,
0xff0091bd, 0xff0091bd, 0xff0091bd, 0xff0091bd, 0xff0091bd, 0xff0091bd, 0xff0091bd, 0xff0091bd, 0xff0091bd, 0xff0091bd, 0xff0091bd, 0xff0091bd, 0xff0091bd, 0xff0091bd, 0xff0091bd, 0xff0091bd,
0xff0091bd, 0xff0091bd, 0xff0091bd, 0xff0091bd, 0xff0091bd, 0xff0091bd, 0xff0091bd, 0xff0091bd, 0xff0095c2, 0xb70090bd, 0x110087b4, 0x00000000, 0x00000000, 0x00000000, 0x00000000, 0x00000000,
0x00000000, 0x00000000, 0x00000000, 0x00000000, 0x00000000, 0x00000000, 0x00000000, 0x00000000, 0x00000000, 0x00000000, 0x00000000, 0x00000000, 0x00000000, 0x69008fbb, 0xf70091bc, 0xff0092be,
0xff0091bd, 0xff0091bd, 0xff0091bd, 0xff0091bd, 0xff0091bd, 0xff0091bd, 0xff0091bd, 0xff0091bd, 0xff0091bd, 0xff0091bd, 0xff0091bd, 0xff0091bd, 0xff0091bd, 0xfd0091bd, 0x640091bc, 0x00000000,
0x00000000, 0x00000000, 0x00000000, 0x00000000, 0x00000000, 0x00000000, 0x00000000, 0x00000000, 0x00000000, 0x00000000, 0x00000000, 0x00000000, 0x00000000, 0x00000000, 0x00000000, 0x00000000,
0x00000000, 0x00000000, 0x00000000, 0x00000000, 0x00000000, 0x00000000, 0x00000000, 0x00000000, 0x00000000, 0x00000000, 0x00000000, 0x00000000, 0x00000000, 0x00000000, 0x00000000, 0x00000000,
0x00000000, 0x00000000, 0x00000000, 0x00000000, 0x00000000, 0x00000000, 0x09008daa, 0x990091be, 0xff0096c4, 0xff0091bd, 0xff0091bd, 0xff0091bd, 0xff0091bd, 0xff0091bd, 0xff0091bd, 0xff0091bd,
0xff0091bd, 0xff0091bd, 0xff0091bd, 0xff0091bd, 0xff0091bd, 0xff0091bd, 0xff0095c2, 0xd10091bd, 0x27008fbd, 0x00000000, 0x00000000, 0x00000000, 0x00000000, 0x00000000, 0x00000000, 0x00000000,
0x00000000, 0x00000000, 0x00000000, 0x00000000, 0x00000000, 0x00000000, 0x00000000, 0x00000000, 0x00000000, 0x00000000, 0x00000000, 0x00000000, 0x00000000, 0x00000000, 0x00000000, 0x1a0093ba,
0xbd0091bc, 0xff0096c3, 0xff0091bd, 0xff0091bd, 0xff0091bd, 0xff0091bd, 0xff0091bd, 0xff0091bd, 0xff0091bd, 0xff0091bd, 0xff0091bd, 0xff0091bd, 0xff0091bd, 0xff0091bd, 0xff0091bd, 0xff0095c2,
0xb90092bc, 0x110096c3, 0x00000000, 0x00000000, 0x00000000, 0x00000000, 0x00000000, 0x00000000, 0x00000000, 0x00000000, 0x00000000, 0x00000000, 0x00000000, 0x00000000, 0x00000000, 0x00000000,
0x00000000, 0x00000000, 0x00000000, 0x00000000, 0x00000000, 0x00000000, 0x00000000, 0x00000000, 0x30008fbf, 0xd90090bd, 0xff0094c1, 0xff0091bd, 0xff0091bd, 0xff0091bd, 0xff0091bd, 0xff0091bd,
0xff0091bd, 0xff0091bd, 0xff0091bd, 0xff0091bd, 0xff0091bd, 0xff0091bd, 0xff0091bd, 0xff0091bd, 0xff0092be, 0xcf0091bc, 
/* -67- */
0x00000000, 0x00000000, 0x00000000, 0x00000000, 0x00000000, 0x00000000, 0x00000000, 0x070091b6, 0x990091bc, 0xff0094c1, 0xff0092be, 0xff0091bd, 0xff0091bd, 0xff0091bd, 0xff0091bd, 0xff0091bd,
0xff0091bd, 0xff0091bd, 0xff0091bd, 0xff0091bd, 0xff0091bd, 0xff0091bd, 0xff0091bd, 0xff0091bd, 0xff0091bd, 0xff0091bd, 0xff0091bd, 0xff0091bd, 0xff0091bd, 0xff0091bd, 0xff0091bd, 0xff0091bd,
0xff0091bd, 0xff0091bd, 0xff0092be, 0xff0093bf, 0xff0093c0, 0xff0094c0, 0xff0093c0, 0xff0093c0, 0xff0092bf, 0xff0092be, 0xff0091bd, 0xff0091bd, 0xff0091bd, 0xff0091bd, 0xff0091bd, 0xff0091bd,
0xff0091bd, 0xff0091bd, 0xff0091bd, 0xff0091bd, 0xff0091bd, 0xff0091bd, 0xff0091bd, 0xff0091bd, 0xff0091bd, 0xff0091bd, 0xff0091bd, 0xff0091bd, 0xff0091bd, 0xff0091bd, 0xff0091bd, 0xff0091bd,
0xff0091bd, 0xff0091bd, 0xff0091bd, 0xff0091bd, 0xff0091bd, 0xff0091bd, 0xff0091bd, 0xff0091bd, 0xff0095c2, 0xb70090bd, 0x110087b4, 0x00000000, 0x00000000, 0x00000000, 0x00000000, 0x00000000,
0x00000000, 0x00000000, 0x00000000, 0x00000000, 0x00000000, 0x00000000, 0x00000000, 0x00000000, 0x00000000, 0x00000000, 0x00000000, 0x00000000, 0x00000000, 0x69008fbb, 0xf70091bc, 0xff0092be,
0xff0091bd, 0xff0091bd, 0xff0091bd, 0xff0091bd, 0xff0091bd, 0xff0091bd, 0xff0091bd, 0xff0091bd, 0xff0091bd, 0xff0091bd, 0xff0091bd, 0xff0091bd, 0xff0091bd, 0xfd0091bd, 0x640091bc, 0x00000000,
0x00000000, 0x00000000, 0x00000000, 0x00000000, 0x00000000, 0x00000000, 0x00000000, 0x00000000, 0x00000000, 0x00000000, 0x00000000, 0x00000000, 0x00000000, 0x00000000, 0x00000000, 0x00000000,
0x00000000, 0x00000000, 0x00000000, 0x00000000, 0x00000000, 0x00000000, 0x00000000, 0x00000000, 0x00000000, 0x00000000, 0x00000000, 0x00000000, 0x00000000, 0x00000000, 0x00000000, 0x00000000,
0x00000000, 0x00000000, 0x00000000, 0x00000000, 0x00000000, 0x00000000, 0x09008daa, 0x990091be, 0xff0096c4, 0xff0091bd, 0xff0091bd, 0xff0091bd, 0xff0091bd, 0xff0091bd, 0xff0091bd, 0xff0091bd,
0xff0091bd, 0xff0091bd, 0xff0091bd, 0xff0091bd, 0xff0091bd, 0xff0091bd, 0xff0095c2, 0xd10091bd, 0x27008fbd, 0x00000000, 0x00000000, 0x00000000, 0x00000000, 0x00000000, 0x00000000, 0x00000000,
0x00000000, 0x00000000, 0x00000000, 0x00000000, 0x00000000, 0x00000000, 0x00000000, 0x00000000, 0x00000000, 0x00000000, 0x00000000, 0x00000000, 0x00000000, 0x00000000, 0x00000000, 0x1a0093ba,
0xbd0091bc, 0xff0096c3, 0xff0091bd, 0xff0091bd, 0xff0091bd, 0xff0091bd, 0xff0091bd, 0xff0091bd, 0xff0091bd, 0xff0091bd, 0xff0091bd, 0xff0091bd, 0xff0091bd, 0xff0091bd, 0xff0091bd, 0xff0095c2,
0xb90092bc, 0x110096c3, 0x00000000, 0x00000000, 0x00000000, 0x00000000, 0x00000000, 0x00000000, 0x00000000, 0x00000000, 0x00000000, 0x00000000, 0x00000000, 0x00000000, 0x00000000, 0x00000000,
0x00000000, 0x00000000, 0x00000000, 0x00000000, 0x00000000, 0x00000000, 0x00000000, 0x00000000, 0x30008fbf, 0xd90090bd, 0xff0094c1, 0xff0091bd, 0xff0091bd, 0xff0091bd, 0xff0091bd, 0xff0091bd,
0xff0091bd, 0xff0091bd, 0xff0091bd, 0xff0091bd, 0xff0091bd, 0xff0091bd, 0xff0091bd, 0xff0091bd, 0xff0092be, 0xcf0091bc, 
/* -68- */
0x00000000, 0x00000000, 0x00000000, 0x00000000, 0x00000000, 0x00000000, 0x00000000, 0x00000000, 0x1b008dbc, 0xc60090bc, 0xff0094c0, 0xff0091bd, 0xff0091bd, 0xff0091bd, 0xff0091bd, 0xff0091bd,
0xff0091bd, 0xff0091bd, 0xff0091bd, 0xff0091bd, 0xff0091bd, 0xff0091bd, 0xff0091bd, 0xff0091bd, 0xff0091bd, 0xff0091bd, 0xff0091bd, 0xff0091bd, 0xff0091bd, 0xff0091bd, 0xff0091bd, 0xff0091bd,
0xff0091bd, 0xff0091bd, 0xff0091bd, 0xff0091bd, 0xff0091bd, 0xff0091bd, 0xff0091bd, 0xff0091bd, 0xff0091bd, 0xff0091bd, 0xff0091bd, 0xff0091bd, 0xff0091bd, 0xff0091bd, 0xff0091bd, 0xff0091bd,
0xff0091bd, 0xff0091bd, 0xff0091bd, 0xff0091bd, 0xff0091bd, 0xff0091bd, 0xff0091bd, 0xff0091bd, 0xff0091bd, 0xff0091bd, 0xff0091bd, 0xff0091bd, 0xff0091bd, 0xff0091bd, 0xff0091bd, 0xff0091bd,
0xff0091bd, 0xff0091bd, 0xff0091bd, 0xff0091bd, 0xff0091bd, 0xff0091bd, 0xff0091bd, 0xff0091bd, 0xff0095c2, 0xb70090bd, 0x110087b4, 0x00000000, 0x00000000, 0x00000000, 0x00000000, 0x00000000,
0x00000000, 0x00000000, 0x00000000, 0x00000000, 0x00000000, 0x00000000, 0x00000000, 0x00000000, 0x00000000, 0x00000000, 0x00000000, 0x00000000, 0x00000000, 0x69008fbb, 0xf70091bc, 0xff0092be,
0xff0091bd, 0xff0091bd, 0xff0091bd, 0xff0091bd, 0xff0091bd, 0xff0091bd, 0xff0091bd, 0xff0091bd, 0xff0091bd, 0xff0091bd, 0xff0091bd, 0xff0091bd, 0xff0091bd, 0xfd0091bd, 0x640091bc, 0x00000000,
0x00000000, 0x00000000, 0x00000000, 0x00000000, 0x00000000, 0x00000000, 0x00000000, 0x00000000, 0x00000000, 0x00000000, 0x00000000, 0x00000000, 0x00000000, 0x00000000, 0x00000000, 0x00000000,
0x00000000, 0x00000000, 0x00000000, 0x00000000, 0x00000000, 0x00000000, 0x00000000, 0x00000000, 0x00000000, 0x00000000, 0x00000000, 0x00000000, 0x00000000, 0x00000000, 0x00000000, 0x00000000,
0x00000000, 0x00000000, 0x00000000, 0x00000000, 0x00000000, 0x00000000, 0x09008daa, 0x990091be, 0xff0096c4, 0xff0091bd, 0xff0091bd, 0xff0091bd, 0xff0091bd, 0xff0091bd, 0xff0091bd, 0xff0091bd,
0xff0091bd, 0xff0091bd, 0xff0091bd, 0xff0091bd, 0xff0091bd, 0xff0091bd, 0xff0095c2, 0xd10091bd, 0x27008fbd, 0x00000000, 0x00000000, 0x00000000, 0x00000000, 0x00000000, 0x00000000, 0x00000000,
0x00000000, 0x00000000, 0x00000000, 0x00000000, 0x00000000, 0x00000000, 0x00000000, 0x00000000, 0x00000000, 0x00000000, 0x00000000, 0x00000000, 0x00000000, 0x00000000, 0x00000000, 0x1a0093ba,
0xbd0091bc, 0xff0096c3, 0xff0091bd, 0xff0091bd, 0xff0091bd, 0xff0091bd, 0xff0091bd, 0xff0091bd, 0xff0091bd, 0xff0091bd, 0xff0091bd, 0xff0091bd, 0xff0091bd, 0xff0091bd, 0xff0091bd, 0xff0095c2,
0xb90092bc, 0x110096c3, 0x00000000, 0x00000000, 0x00000000, 0x00000000, 0x00000000, 0x00000000, 0x00000000, 0x00000000, 0x00000000, 0x00000000, 0x00000000, 0x00000000, 0x00000000, 0x00000000,
0x00000000, 0x00000000, 0x00000000, 0x00000000, 0x00000000, 0x00000000, 0x00000000, 0x00000000, 0x30008fbf, 0xd90090bd, 0xff0094c1, 0xff0091bd, 0xff0091bd, 0xff0091bd, 0xff0091bd, 0xff0091bd,
0xff0091bd, 0xff0091bd, 0xff0091bd, 0xff0091bd, 0xff0091bd, 0xff0091bd, 0xff0091bd, 0xff0091bd, 0xff0092be, 0xcf0091bc, 
/* -69- */
0x00000000, 0x00000000, 0x00000000, 0x00000000, 0x00000000, 0x00000000, 0x00000000, 0x00000000, 0x00000000, 0x320093bc, 0xe90090bd, 0xff0092be, 0xff0091bd, 0xff0091bd, 0xff0091bd, 0xff0091bd,
0xff0091bd, 0xff0091bd, 0xff0091bd, 0xff0091bd, 0xff0091bd, 0xff0091bd, 0xff0091bd, 0xff0091bd, 0xff0091bd, 0xff0091bd, 0xff0091bd, 0xff0091bd, 0xff0091bd, 0xff0091bd, 0xff0091bd, 0xff0091bd,
0xff0091bd, 0xff0091bd, 0xff0091bd, 0xff0091bd, 0xff0091bd, 0xff0091bd, 0xff0091bd, 0xff0091bd, 0xff0091bd, 0xff0091bd, 0xff0091bd, 0xff0091bd, 0xff0091bd, 0xff0091bd, 0xff0091bd, 0xff0091bd,
0xff0091bd, 0xff0091bd, 0xff0091bd, 0xff0091bd, 0xff0091bd, 0xff0091bd, 0xff0091bd, 0xff0091bd, 0xff0091bd, 0xff0091bd, 0xff0091bd, 0xff0091bd, 0xff0091bd, 0xff0091bd, 0xff0091bd, 0xff0091bd,
0xff0091bd, 0xff0091bd, 0xff0091bd, 0xff0091bd, 0xff0091bd, 0xff0091bd, 0xff0091bd, 0xff0091bd, 0xff0095c2, 0xb70090bd, 0x110087b4, 0x00000000, 0x00000000, 0x00000000, 0x00000000, 0x00000000,
0x00000000, 0x00000000, 0x00000000, 0x00000000, 0x00000000, 0x00000000, 0x00000000, 0x00000000, 0x00000000, 0x00000000, 0x00000000, 0x00000000, 0x00000000, 0x69008fbb, 0xf70091bc, 0xff0092be,
0xff0091bd, 0xff0091bd, 0xff0091bd, 0xff0091bd, 0xff0091bd, 0xff0091bd, 0xff0091bd, 0xff0091bd, 0xff0091bd, 0xff0091bd, 0xff0091bd, 0xff0091bd, 0xff0091bd, 0xfd0091bd, 0x640091bc, 0x00000000,
0x00000000, 0x00000000, 0x00000000, 0x00000000, 0x00000000, 0x00000000, 0x00000000, 0x00000000, 0x00000000, 0x00000000, 0x00000000, 0x00000000, 0x00000000, 0x00000000, 0x00000000, 0x00000000,
0x00000000, 0x00000000, 0x00000000, 0x00000000, 0x00000000, 0x00000000, 0x00000000, 0x00000000, 0x00000000, 0x00000000, 0x00000000, 0x00000000, 0x00000000, 0x00000000, 0x00000000, 0x00000000,
0x00000000, 0x00000000, 0x00000000, 0x00000000, 0x00000000, 0x00000000, 0x09008daa, 0x990091be, 0xff0096c4, 0xff0091bd, 0xff0091bd, 0xff0091bd, 0xff0091bd, 0xff0091bd, 0xff0091bd, 0xff0091bd,
0xff0091bd, 0xff0091bd, 0xff0091bd, 0xff0091bd, 0xff0091bd, 0xff0091bd, 0xff0095c2, 0xd10091bd, 0x27008fbd, 0x00000000, 0x00000000, 0x00000000, 0x00000000, 0x00000000, 0x00000000, 0x00000000,
0x00000000, 0x00000000, 0x00000000, 0x00000000, 0x00000000, 0x00000000, 0x00000000, 0x00000000, 0x00000000, 0x00000000, 0x00000000, 0x00000000, 0x00000000, 0x00000000, 0x00000000, 0x1a0093ba,
0xbd0091bc, 0xff0096c3, 0xff0091bd, 0xff0091bd, 0xff0091bd, 0xff0091bd, 0xff0091bd, 0xff0091bd, 0xff0091bd, 0xff0091bd, 0xff0091bd, 0xff0091bd, 0xff0091bd, 0xff0091bd, 0xff0091bd, 0xff0095c2,
0xb90092bc, 0x110096c3, 0x00000000, 0x00000000, 0x00000000, 0x00000000, 0x00000000, 0x00000000, 0x00000000, 0x00000000, 0x00000000, 0x00000000, 0x00000000, 0x00000000, 0x00000000, 0x00000000,
0x00000000, 0x00000000, 0x00000000, 0x00000000, 0x00000000, 0x00000000, 0x00000000, 0x00000000, 0x30008fbf, 0xd90090bd, 0xff0094c1, 0xff0091bd, 0xff0091bd, 0xff0091bd, 0xff0091bd, 0xff0091bd,
0xff0091bd, 0xff0091bd, 0xff0091bd, 0xff0091bd, 0xff0091bd, 0xff0091bd, 0xff0091bd, 0xff0091bd, 0xff0092be, 0xcf0091bc, 
/* -70- */
0x00000000, 0x00000000, 0x00000000, 0x00000000, 0x00000000, 0x00000000, 0x00000000, 0x00000000, 0x00000000, 0x00000000, 0x480091bf, 0xef0090bc, 0xff0093c0, 0xff0091bd, 0xff0091bd, 0xff0091bd,
0xff0091bd, 0xff0091bd, 0xff0091bd, 0xff0091bd, 0xff0091bd, 0xff0091bd, 0xff0091bd, 0xff0091bd, 0xff0091bd, 0xff0091bd, 0xff0091bd, 0xff0091bd, 0xff0091bd, 0xff0091bd, 0xff0091bd, 0xff0091bd,
0xff0091bd, 0xff0091bd, 0xff0091bd, 0xff0091bd, 0xff0091bd, 0xff0091bd, 0xff0091bd, 0xff0091bd, 0xff0091bd, 0xff0091bd, 0xff0091bd, 0xff0091bd, 0xff0091bd, 0xff0091bd, 0xff0091bd, 0xff0091bd,
0xff0091bd, 0xff0091bd, 0xff0091bd, 0xff0091bd, 0xff0091bd, 0xff0091bd, 0xff0091bd, 0xff0091bd, 0xff0092be, 0xff0092be, 0xff0091bd, 0xff0091bd, 0xff0091bd, 0xff0091bd, 0xff0091bd, 0xff0091bd,
0xff0091bd, 0xff0091bd, 0xff0091bd, 0xff0091bd, 0xff0091bd, 0xff0091bd, 0xff0091bd, 0xff0091bd, 0xff0095c2, 0xb70090bd, 0x110087b4, 0x00000000, 0x00000000, 0x00000000, 0x00000000, 0x00000000,
0x00000000, 0x00000000, 0x00000000, 0x00000000, 0x00000000, 0x00000000, 0x00000000, 0x00000000, 0x00000000, 0x00000000, 0x00000000, 0x00000000, 0x00000000, 0x69008fbb, 0xf70091bc, 0xff0092be,
0xff0091bd, 0xff0091bd, 0xff0091bd, 0xff0091bd, 0xff0091bd, 0xff0091bd, 0xff0091bd, 0xff0091bd, 0xff0091bd, 0xff0091bd, 0xff0091bd, 0xff0091bd, 0xff0091bd, 0xfd0091bd, 0x640091bc, 0x00000000,
0x00000000, 0x00000000, 0x00000000, 0x00000000, 0x00000000, 0x00000000, 0x00000000, 0x00000000, 0x00000000, 0x00000000, 0x00000000, 0x00000000, 0x00000000, 0x00000000, 0x00000000, 0x00000000,
0x00000000, 0x00000000, 0x00000000, 0x00000000, 0x00000000, 0x00000000, 0x00000000, 0x00000000, 0x00000000, 0x00000000, 0x00000000, 0x00000000, 0x00000000, 0x00000000, 0x00000000, 0x00000000,
0x00000000, 0x00000000, 0x00000000, 0x00000000, 0x00000000, 0x00000000, 0x09008daa, 0x990091be, 0xff0096c4, 0xff0091bd, 0xff0091bd, 0xff0091bd, 0xff0091bd, 0xff0091bd, 0xff0091bd, 0xff0091bd,
0xff0091bd, 0xff0091bd, 0xff0091bd, 0xff0091bd, 0xff0091bd, 0xff0091bd, 0xff0095c2, 0xd10091bd, 0x27008fbd, 0x00000000, 0x00000000, 0x00000000, 0x00000000, 0x00000000, 0x00000000, 0x00000000,
0x00000000, 0x00000000, 0x00000000, 0x00000000, 0x00000000, 0x00000000, 0x00000000, 0x00000000, 0x00000000, 0x00000000, 0x00000000, 0x00000000, 0x00000000, 0x00000000, 0x00000000, 0x1a0093ba,
0xbd0091bc, 0xff0096c3, 0xff0091bd, 0xff0091bd, 0xff0091bd, 0xff0091bd, 0xff0091bd, 0xff0091bd, 0xff0091bd, 0xff0091bd, 0xff0091bd, 0xff0091bd, 0xff0091bd, 0xff0091bd, 0xff0091bd, 0xff0095c2,
0xb90092bc, 0x110096c3, 0x00000000, 0x00000000, 0x00000000, 0x00000000, 0x00000000, 0x00000000, 0x00000000, 0x00000000, 0x00000000, 0x00000000, 0x00000000, 0x00000000, 0x00000000, 0x00000000,
0x00000000, 0x00000000, 0x00000000, 0x00000000, 0x00000000, 0x00000000, 0x00000000, 0x00000000, 0x30008fbf, 0xd90090bd, 0xff0094c1, 0xff0091bd, 0xff0091bd, 0xff0091bd, 0xff0091bd, 0xff0091bd,
0xff0091bd, 0xff0091bd, 0xff0091bd, 0xff0091bd, 0xff0091bd, 0xff0091bd, 0xff0091bd, 0xff0091bd, 0xff0092be, 0xcf0091bc, 
/* -71- */
0x00000000, 0x00000000, 0x00000000, 0x00000000, 0x00000000, 0x00000000, 0x00000000, 0x00000000, 0x00000000, 0x00000000, 0x00000000, 0x550090ba, 0xf30090bc, 0xff0095c2, 0xff0091bd, 0xff0091bd,
0xff0091bd, 0xff0091bd, 0xff0091bd, 0xff0091bd, 0xff0091bd, 0xff0091bd, 0xff0091bd, 0xff0091bd, 0xff0091bd, 0xff0091bd, 0xff0091bd, 0xff0091bd, 0xff0091bd, 0xff0091bd, 0xff0091bd, 0xff0091bd,
0xff0091bd, 0xff0091bd, 0xff0091bd, 0xff0091bd, 0xff0091bd, 0xff0091bd, 0xff0091bd, 0xff0091bd, 0xff0091bd, 0xff0091bd, 0xff0091bd, 0xff0091bd, 0xff0091bd, 0xff0091bd, 0xff0091bd, 0xff0091bd,
0xff0091bd, 0xff0091bd, 0xff0091bd, 0xff0091bd, 0xff0091bd, 0xff0091bd, 0xff0091bd, 0xff0092bf, 0xfe0090bc, 0xf70091bc, 0xff0091be, 0xff0091bd, 0xff0091bd, 0xff0091bd, 0xff0091bd, 0xff0091bd,
0xff0091bd, 0xff0091bd, 0xff0091bd, 0xff0091bd, 0xff0091bd, 0xff0091bd, 0xff0091bd, 0xff0091bd, 0xff0095c2, 0xb70090bd, 0x110087b4, 0x00000000, 0x00000000, 0x00000000, 0x00000000, 0x00000000,
0x00000000, 0x00000000, 0x00000000, 0x00000000, 0x00000000, 0x00000000, 0x00000000, 0x00000000, 0x00000000, 0x00000000, 0x00000000, 0x00000000, 0x00000000, 0x69008fbb, 0xf70091bc, 0xff0092be,
0xff0091bd, 0xff0091bd, 0xff0091bd, 0xff0091bd, 0xff0091bd, 0xff0091bd, 0xff0091bd, 0xff0091bd, 0xff0091bd, 0xff0091bd, 0xff0091bd, 0xff0091bd, 0xff0091bd, 0xfd0091bd, 0x640091bc, 0x00000000,
0x00000000, 0x00000000, 0x00000000, 0x00000000, 0x00000000, 0x00000000, 0x00000000, 0x00000000, 0x00000000, 0x00000000, 0x00000000, 0x00000000, 0x00000000, 0x00000000, 0x00000000, 0x00000000,
0x00000000, 0x00000000, 0x00000000, 0x00000000, 0x00000000, 0x00000000, 0x00000000, 0x00000000, 0x00000000, 0x00000000, 0x00000000, 0x00000000, 0x00000000, 0x00000000, 0x00000000, 0x00000000,
0x00000000, 0x00000000, 0x00000000, 0x00000000, 0x00000000, 0x00000000, 0x09008daa, 0x9a0091bc, 0xff0096c4, 0xff0091bd, 0xff0091bd, 0xff0091bd, 0xff0091bd, 0xff0091bd, 0xff0091bd, 0xff0091bd,
0xff0091bd, 0xff0091bd, 0xff0091bd, 0xff0091bd, 0xff0091bd, 0xff0091bd, 0xff0095c2, 0xd10091bd, 0x27008fbd, 0x00000000, 0x00000000, 0x00000000, 0x00000000, 0x00000000, 0x00000000, 0x00000000,
0x00000000, 0x00000000, 0x00000000, 0x00000000, 0x00000000, 0x00000000, 0x00000000, 0x00000000, 0x00000000, 0x00000000, 0x00000000, 0x00000000, 0x00000000, 0x00000000, 0x00000000, 0x1a0093ba,
0xbd0091bc, 0xff0096c3, 0xff0091bd, 0xff0091bd, 0xff0091bd, 0xff0091bd, 0xff0091bd, 0xff0091bd, 0xff0091bd, 0xff0091bd, 0xff0091bd, 0xff0091bd, 0xff0091bd, 0xff0091bd, 0xff0091bd, 0xff0095c2,
0xb90092bc, 0x110096c3, 0x00000000, 0x00000000, 0x00000000, 0x00000000, 0x00000000, 0x00000000, 0x00000000, 0x00000000, 0x00000000, 0x00000000, 0x00000000, 0x00000000, 0x00000000, 0x00000000,
0x00000000, 0x00000000, 0x00000000, 0x00000000, 0x00000000, 0x00000000, 0x00000000, 0x00000000, 0x30008fbf, 0xd90090bd, 0xff0094c1, 0xff0091bd, 0xff0091bd, 0xff0091bd, 0xff0091bd, 0xff0091bd,
0xff0091bd, 0xff0091bd, 0xff0091bd, 0xff0091bd, 0xff0091bd, 0xff0091bd, 0xff0091bd, 0xff0091bd, 0xff0092be, 0xcf0091bc, 
/* -72- */
0x00000000, 0x00000000, 0x00000000, 0x00000000, 0x00000000, 0x00000000, 0x00000000, 0x00000000, 0x00000000, 0x00000000, 0x00000000, 0x00000000, 0x610090ba, 0xe90093c0, 0xff0094c2, 0xff0091bd,
0xff0091bd, 0xff0091bd, 0xff0091bd, 0xff0091bd, 0xff0091bd, 0xff0091bd, 0xff0091bd, 0xff0091bd, 0xff0091bd, 0xff0091bd, 0xff0091bd, 0xff0091bd, 0xff0091bd, 0xff0091bd, 0xff0091bd, 0xff0091bd,
0xff0091bd, 0xff0091bd, 0xff0091bd, 0xff0091bd, 0xff0091bd, 0xff0091bd, 0xff0091bd, 0xff0091bd, 0xff0091bd, 0xff0091bd, 0xff0091bd, 0xff0091bd, 0xff0091bd, 0xff0091bd, 0xff0091bd, 0xff0091bd,
0xff0091bd, 0xff0091bd, 0xff0091bd, 0xff0091bd, 0xff0091bd, 0xff0091bd, 0xff0092be, 0xfa0090bd, 0x9e0091be, 0xc50090bc, 0xff0095c2, 0xff0091bd, 0xff0091bd, 0xff0091bd, 0xff0091bd, 0xff0091bd,
0xff0091bd, 0xff0091bd, 0xff0091bd, 0xff0091bd, 0xff0091bd, 0xff0091bd, 0xff0091bd, 0xff0091bd, 0xff0095c2, 0xb70090bd, 0x110087b4, 0x00000000, 0x00000000, 0x00000000, 0x00000000, 0x00000000,
0x00000000, 0x00000000, 0x00000000, 0x00000000, 0x00000000, 0x00000000, 0x00000000, 0x00000000, 0x00000000, 0x00000000, 0x00000000, 0x00000000, 0x00000000, 0x69008fbb, 0xf70091bc, 0xff0092be,
0xff0091bd, 0xff0091bd, 0xff0091bd, 0xff0091bd, 0xff0091bd, 0xff0091bd, 0xff0091bd, 0xff0091bd, 0xff0091bd, 0xff0091bd, 0xff0091bd, 0xff0091bd, 0xff0091bd, 0xfd0091bd, 0x640091bc, 0x00000000,
0x00000000, 0x00000000, 0x00000000, 0x00000000, 0x00000000, 0x00000000, 0x00000000, 0x00000000, 0x00000000, 0x00000000, 0x00000000, 0x00000000, 0x00000000, 0x00000000, 0x00000000, 0x00000000,
0x00000000, 0x00000000, 0x00000000, 0x00000000, 0x00000000, 0x00000000, 0x00000000, 0x00000000, 0x00000000, 0x00000000, 0x00000000, 0x00000000, 0x00000000, 0x00000000, 0x00000000, 0x00000000,
0x00000000, 0x00000000, 0x00000000, 0x00000000, 0x00000000, 0x00000000, 0x09008daa, 0x9a0091bc, 0xff0096c4, 0xff0091bd, 0xff0091bd, 0xff0091bd, 0xff0091bd, 0xff0091bd, 0xff0091bd, 0xff0091bd,
0xff0091bd, 0xff0091bd, 0xff0091bd, 0xff0091bd, 0xff0091bd, 0xff0091bd, 0xff0095c2, 0xd10091bd, 0x27008fbd, 0x00000000, 0x00000000, 0x00000000, 0x00000000, 0x00000000, 0x00000000, 0x00000000,
0x00000000, 0x00000000, 0x00000000, 0x00000000, 0x00000000, 0x00000000, 0x00000000, 0x00000000, 0x00000000, 0x00000000, 0x00000000, 0x00000000, 0x00000000, 0x00000000, 0x00000000, 0x1a0093ba,
0xbd0091bc, 0xff0096c3, 0xff0091bd, 0xff0091bd, 0xff0091bd, 0xff0091bd, 0xff0091bd, 0xff0091bd, 0xff0091bd, 0xff0091bd, 0xff0091bd, 0xff0091bd, 0xff0091bd, 0xff0091bd, 0xff0091bd, 0xff0095c2,
0xb90092bc, 0x110096c3, 0x00000000, 0x00000000, 0x00000000, 0x00000000, 0x00000000, 0x00000000, 0x00000000, 0x00000000, 0x00000000, 0x00000000, 0x00000000, 0x00000000, 0x00000000, 0x00000000,
0x00000000, 0x00000000, 0x00000000, 0x00000000, 0x00000000, 0x00000000, 0x00000000, 0x00000000, 0x30008fbf, 0xd90090bd, 0xff0094c1, 0xff0091bd, 0xff0091bd, 0xff0091bd, 0xff0091bd, 0xff0091bd,
0xff0091bd, 0xff0091bd, 0xff0091bd, 0xff0091bd, 0xff0091bd, 0xff0091bd, 0xff0091bd, 0xff0091bd, 0xff0092be, 0xcf0091bc, 
/* -73- */
0x00000000, 0x00000000, 0x00000000, 0x00000000, 0x00000000, 0x00000000, 0x00000000, 0x00000000, 0x00000000, 0x00000000, 0x00000000, 0x00000000, 0x00000000, 0x4e008fbd, 0xe00091be, 0xff0094c2,
0xff0091bd, 0xff0091bd, 0xff0091bd, 0xff0091bd, 0xff0091bd, 0xff0091bd, 0xff0091bd, 0xff0091bd, 0xff0091bd, 0xff0091bd, 0xff0091bd, 0xff0091bd, 0xff0091bd, 0xff0091bd, 0xff0091bd, 0xff0091bd,
0xff0091bd, 0xff0091bd, 0xff0091bd, 0xff0091bd, 0xff0091bd, 0xff0091bd, 0xff0091bd, 0xff0091bd, 0xff0091bd, 0xff0091bd, 0xff0091bd, 0xff0091bd, 0xff0091bd, 0xff0091bd, 0xff0091bd, 0xff0091bd,
0xff0091bd, 0xff0091bd, 0xff0091bd, 0xff0091bd, 0xff0091bd, 0xff0092be, 0xff0093bf, 0x800091bd, 0x200097b7, 0xbd0090bb, 0xff0096c3, 0xff0091bd, 0xff0091bd, 0xff0091bd, 0xff0091bd, 0xff0091bd,
0xff0091bd, 0xff0091bd, 0xff0091bd, 0xff0091bd, 0xff0091bd, 0xff0091bd, 0xff0091bd, 0xff0091bd, 0xff0095c2, 0xb70090bd, 0x110087b4, 0x00000000, 0x00000000, 0x00000000, 0x00000000, 0x00000000,
0x00000000, 0x00000000, 0x00000000, 0x00000000, 0x00000000, 0x00000000, 0x00000000, 0x00000000, 0x00000000, 0x00000000, 0x00000000, 0x00000000, 0x00000000, 0x69008fbb, 0xf70091bc, 0xff0092be,
0xff0091bd, 0xff0091bd, 0xff0091bd, 0xff0091bd, 0xff0091bd, 0xff0091bd, 0xff0091bd, 0xff0091bd, 0xff0091bd, 0xff0091bd, 0xff0091bd, 0xff0091bd, 0xff0091bd, 0xfd0091bd, 0x640091bc, 0x00000000,
0x00000000, 0x00000000, 0x00000000, 0x00000000, 0x00000000, 0x00000000, 0x00000000, 0x00000000, 0x00000000, 0x00000000, 0x00000000, 0x00000000, 0x00000000, 0x00000000, 0x00000000, 0x00000000,
0x00000000, 0x00000000, 0x00000000, 0x00000000, 0x00000000, 0x00000000, 0x00000000, 0x00000000, 0x00000000, 0x00000000, 0x00000000, 0x00000000, 0x00000000, 0x00000000, 0x00000000, 0x00000000,
0x00000000, 0x00000000, 0x00000000, 0x00000000, 0x00000000, 0x00000000, 0x09008daa, 0x9a0091bc, 0xff0096c4, 0xff0091bd, 0xff0091bd, 0xff0091bd, 0xff0091bd, 0xff0091bd, 0xff0091bd, 0xff0091bd,
0xff0091bd, 0xff0091bd, 0xff0091bd, 0xff0091bd, 0xff0091bd, 0xff0091bd, 0xff0095c2, 0xd10091bd, 0x27008fbd, 0x00000000, 0x00000000, 0x00000000, 0x00000000, 0x00000000, 0x00000000, 0x00000000,
0x00000000, 0x00000000, 0x00000000, 0x00000000, 0x00000000, 0x00000000, 0x00000000, 0x00000000, 0x00000000, 0x00000000, 0x00000000, 0x00000000, 0x00000000, 0x00000000, 0x00000000, 0x1a0093ba,
0xbd0091bc, 0xff0096c3, 0xff0091bd, 0xff0091bd, 0xff0091bd, 0xff0091bd, 0xff0091bd, 0xff0091bd, 0xff0091bd, 0xff0091bd, 0xff0091bd, 0xff0091bd, 0xff0091bd, 0xff0091bd, 0xff0091bd, 0xff0095c2,
0xb90092bc, 0x110096c3, 0x00000000, 0x00000000, 0x00000000, 0x00000000, 0x00000000, 0x00000000, 0x00000000, 0x00000000, 0x00000000, 0x00000000, 0x00000000, 0x00000000, 0x00000000, 0x00000000,
0x00000000, 0x00000000, 0x00000000, 0x00000000, 0x00000000, 0x00000000, 0x00000000, 0x00000000, 0x30008fbf, 0xd90090bd, 0xff0094c1, 0xff0091bd, 0xff0091bd, 0xff0091bd, 0xff0091bd, 0xff0091bd,
0xff0091bd, 0xff0091bd, 0xff0091bd, 0xff0091bd, 0xff0091bd, 0xff0091bd, 0xff0091bd, 0xff0091bd, 0xff0092be, 0xcf0091bc, 
/* -74- */
0x00000000, 0x00000000, 0x00000000, 0x00000000, 0x00000000, 0x00000000, 0x00000000, 0x00000000, 0x00000000, 0x00000000, 0x00000000, 0x00000000, 0x00000000, 0x00000000, 0x38008dba, 0xc70092be,
0xff0095c2, 0xff0091bd, 0xff0091bd, 0xff0091bd, 0xff0091bd, 0xff0091bd, 0xff0091bd, 0xff0091bd, 0xff0091bd, 0xff0091bd, 0xff0091bd, 0xff0091bd, 0xff0091bd, 0xff0091bd, 0xff0091bd, 0xff0091bd,
0xff0091bd, 0xff0091bd, 0xff0091bd, 0xff0091bd, 0xff0091bd, 0xff0091bd, 0xff0091bd, 0xff0091bd, 0xff0091bd, 0xff0091bd, 0xff0091bd, 0xff0091bd, 0xff0091bd, 0xff0091bd, 0xff0091bd, 0xff0091bd,
0xff0091bd, 0xff0091bd, 0xff0091bd, 0xff0091bd, 0xff0092bf, 0xf70091bc, 0x760090be, 0x06007faa, 0x180094bf, 0xbf0091bc, 0xff0096c3, 0xff0091bd, 0xff0091bd, 0xff0091bd, 0xff0091bd, 0xff0091bd,
0xff0091bd, 0xff0091bd, 0xff0091bd, 0xff0091bd, 0xff0091bd, 0xff0091bd, 0xff0091bd, 0xff0091bd, 0xff0095c2, 0xb70090bd, 0x110087b4, 0x00000000, 0x00000000, 0x00000000, 0x00000000, 0x00000000,
0x00000000, 0x00000000, 0x00000000, 0x00000000, 0x00000000, 0x00000000, 0x00000000, 0x00000000, 0x00000000, 0x00000000, 0x00000000, 0x00000000, 0x00000000, 0x69008fbb, 0xf70091bc, 0xff0092be,
0xff0091bd, 0xff0091bd, 0xff0091bd, 0xff0091bd, 0xff0091bd, 0xff0091bd, 0xff0091bd, 0xff0091bd, 0xff0091bd, 0xff0091bd, 0xff0091bd, 0xff0091bd, 0xff0091bd, 0xfd0091bd, 0x640091bc, 0x00000000,
0x00000000, 0x00000000, 0x00000000, 0x00000000, 0x00000000, 0x00000000, 0x00000000, 0x00000000, 0x00000000, 0x00000000, 0x00000000, 0x00000000, 0x00000000, 0x00000000, 0x00000000, 0x00000000,
0x00000000, 0x00000000, 0x00000000, 0x00000000, 0x00000000, 0x00000000, 0x00000000, 0x00000000, 0x00000000, 0x00000000, 0x00000000, 0x00000000, 0x00000000, 0x00000000, 0x00000000, 0x00000000,
0x00000000, 0x00000000, 0x00000000, 0x00000000, 0x00000000, 0x00000000, 0x09008daa, 0x9a0091bc, 0xff0096c4, 0xff0091bd, 0xff0091bd, 0xff0091bd, 0xff0091bd, 0xff0091bd, 0xff0091bd, 0xff0091bd,
0xff0091bd, 0xff0091bd, 0xff0091bd, 0xff0091bd, 0xff0091bd, 0xff0091bd, 0xff0095c2, 0xd10091bd, 0x27008fbd, 0x00000000, 0x00000000, 0x00000000, 0x00000000, 0x00000000, 0x00000000, 0x00000000,
0x00000000, 0x00000000, 0x00000000, 0x00000000, 0x00000000, 0x00000000, 0x00000000, 0x00000000, 0x00000000, 0x00000000, 0x00000000, 0x00000000, 0x00000000, 0x00000000, 0x00000000, 0x1a0093ba,
0xbd0091bc, 0xff0096c3, 0xff0091bd, 0xff0091bd, 0xff0091bd, 0xff0091bd, 0xff0091bd, 0xff0091bd, 0xff0091bd, 0xff0091bd, 0xff0091bd, 0xff0091bd, 0xff0091bd, 0xff0091bd, 0xff0091bd, 0xff0095c2,
0xb90092bc, 0x110096c3, 0x00000000, 0x00000000, 0x00000000, 0x00000000, 0x00000000, 0x00000000, 0x00000000, 0x00000000, 0x00000000, 0x00000000, 0x00000000, 0x00000000, 0x00000000, 0x00000000,
0x00000000, 0x00000000, 0x00000000, 0x00000000, 0x00000000, 0x00000000, 0x00000000, 0x00000000, 0x30008fbf, 0xd90090bd, 0xff0094c1, 0xff0091bd, 0xff0091bd, 0xff0091bd, 0xff0091bd, 0xff0091bd,
0xff0091bd, 0xff0091bd, 0xff0091bd, 0xff0091bd, 0xff0091bd, 0xff0091bd, 0xff0091bd, 0xff0091bd, 0xff0092be, 0xcf0091bc, 
/* -75- */
0x00000000, 0x00000000, 0x00000000, 0x00000000, 0x00000000, 0x00000000, 0x00000000, 0x00000000, 0x00000000, 0x00000000, 0x00000000, 0x00000000, 0x00000000, 0x00000000, 0x00000000, 0x19008eb7,
0x900092bd, 0xfb0091bc, 0xff0094c1, 0xff0092be, 0xff0091bd, 0xff0091bd, 0xff0091bd, 0xff0091bd, 0xff0091bd, 0xff0091bd, 0xff0091bd, 0xff0091bd, 0xff0091bd, 0xff0091bd, 0xff0091bd, 0xff0091bd,
0xff0091bd, 0xff0091bd, 0xff0091bd, 0xff0091bd, 0xff0091bd, 0xff0091bd, 0xff0091bd, 0xff0091bd, 0xff0091bd, 0xff0091bd, 0xff0091bd, 0xff0091bd, 0xff0091bd, 0xff0091bd, 0xff0091bd, 0xff0091bd,
0xff0091bd, 0xff0091bd, 0xff0092be, 0xff0094c2, 0xea0090bd, 0x5d0091ba, 0x02007fff, 0x00000000, 0x1b0097bc, 0xbf0091bc, 0xff0096c3, 0xff0091bd, 0xff0091bd, 0xff0091bd, 0xff0091bd, 0xff0091bd,
0xff0091bd, 0xff0091bd, 0xff0091bd, 0xff0091bd, 0xff0091bd, 0xff0091bd, 0xff0091bd, 0xff0091bd, 0xff0095c2, 0xb70090bd, 0x110087b4, 0x00000000, 0x00000000, 0x00000000, 0x00000000, 0x00000000,
0x00000000, 0x00000000, 0x00000000, 0x00000000, 0x00000000, 0x00000000, 0x00000000, 0x00000000, 0x00000000, 0x00000000, 0x00000000, 0x00000000, 0x00000000, 0x69008fbb, 0xf70091bc, 0xff0092be,
0xff0091bd, 0xff0091bd, 0xff0091bd, 0xff0091bd, 0xff0091bd, 0xff0091bd, 0xff0091bd, 0xff0091bd, 0xff0091bd, 0xff0091bd, 0xff0091bd, 0xff0091bd, 0xff0091bd, 0xfd0091bd, 0x640091bc, 0x00000000,
0x00000000, 0x00000000, 0x00000000, 0x00000000, 0x00000000, 0x00000000, 0x00000000, 0x00000000, 0x00000000, 0x00000000, 0x00000000, 0x00000000, 0x00000000, 0x00000000, 0x00000000, 0x00000000,
0x00000000, 0x00000000, 0x00000000, 0x00000000, 0x00000000, 0x00000000, 0x00000000, 0x00000000, 0x00000000, 0x00000000, 0x00000000, 0x00000000, 0x00000000, 0x00000000, 0x00000000, 0x00000000,
0x00000000, 0x00000000, 0x00000000, 0x00000000, 0x00000000, 0x00000000, 0x09008dc6, 0x9a0091bc, 0xff0096c4, 0xff0091bd, 0xff0091bd, 0xff0091bd, 0xff0091bd, 0xff0091bd, 0xff0091bd, 0xff0091bd,
0xff0091bd, 0xff0091bd, 0xff0091bd, 0xff0091bd, 0xff0091bd, 0xff0091bd, 0xff0095c2, 0xd10091bd, 0x27008fbd, 0x00000000, 0x00000000, 0x00000000, 0x00000000, 0x00000000, 0x00000000, 0x00000000,
0x00000000, 0x00000000, 0x00000000, 0x00000000, 0x00000000, 0x00000000, 0x00000000, 0x00000000, 0x00000000, 0x00000000, 0x00000000, 0x00000000, 0x00000000, 0x00000000, 0x00000000, 0x1a0093ba,
0xbd0091bc, 0xff0096c3, 0xff0091bd, 0xff0091bd, 0xff0091bd, 0xff0091bd, 0xff0091bd, 0xff0091bd, 0xff0091bd, 0xff0091bd, 0xff0091bd, 0xff0091bd, 0xff0091bd, 0xff0091bd, 0xff0091bd, 0xff0095c2,
0xb90092bc, 0x110096c3, 0x00000000, 0x00000000, 0x00000000, 0x00000000, 0x00000000, 0x00000000, 0x00000000, 0x00000000, 0x00000000, 0x00000000, 0x00000000, 0x00000000, 0x00000000, 0x00000000,
0x00000000, 0x00000000, 0x00000000, 0x00000000, 0x00000000, 0x00000000, 0x00000000, 0x00000000, 0x30008fbf, 0xd90090bd, 0xff0094c1, 0xff0091bd, 0xff0091bd, 0xff0091bd, 0xff0091bd, 0xff0091bd,
0xff0091bd, 0xff0091bd, 0xff0091bd, 0xff0091bd, 0xff0091bd, 0xff0091bd, 0xff0091bd, 0xff0091bd, 0xff0092be, 0xcf0091bc, 
/* -76- */
0x00000000, 0x00000000, 0x00000000, 0x00000000, 0x00000000, 0x00000000, 0x00000000, 0x00000000, 0x00000000, 0x00000000, 0x00000000, 0x00000000, 0x00000000, 0x00000000, 0x00000000, 0x00000000,
0x00000000, 0x550093bd, 0xd20090bd, 0xfb0092be, 0xff0095c2, 0xff0092be, 0xff0091bd, 0xff0091bd, 0xff0091bd, 0xff0091bd, 0xff0091bd, 0xff0091bd, 0xff0091bd, 0xff0091bd, 0xff0091bd, 0xff0091bd,
0xff0091bd, 0xff0091bd, 0xff0091bd, 0xff0091bd, 0xff0091bd, 0xff0091bd, 0xff0091bd, 0xff0091bd, 0xff0091bd, 0xff0091bd, 0xff0091bd, 0xff0091bd, 0xff0091bd, 0xff0091bd, 0xff0091bd, 0xff0091bd,
0xff0092be, 0xff0095c2, 0xfb0093c0, 0xbb0090bd, 0x33008cb9, 0x00000000, 0x00000000, 0x00000000, 0x1b0097bc, 0xbf0091bc, 0xff0096c3, 0xff0091bd, 0xff0091bd, 0xff0091bd, 0xff0091bd, 0xff0091bd,
0xff0091bd, 0xff0091bd, 0xff0091bd, 0xff0091bd, 0xff0091bd, 0xff0091bd, 0xff0091bd, 0xff0091bd, 0xff0095c2, 0xb70090bd, 0x110087b4, 0x00000000, 0x00000000, 0x00000000, 0x00000000, 0x00000000,
0x00000000, 0x00000000, 0x00000000, 0x00000000, 0x00000000, 0x00000000, 0x00000000, 0x00000000, 0x00000000, 0x00000000, 0x00000000, 0x00000000, 0x00000000, 0x69008fbb, 0xf70091bc, 0xff0092be,
0xff0091bd, 0xff0091bd, 0xff0091bd, 0xff0091bd, 0xff0091bd, 0xff0091bd, 0xff0091bd, 0xff0091bd, 0xff0091bd, 0xff0091bd, 0xff0091bd, 0xff0091bd, 0xff0091bd, 0xfd0091bd, 0x640091bc, 0x00000000,
0x00000000, 0x00000000, 0x00000000, 0x00000000, 0x00000000, 0x00000000, 0x00000000, 0x00000000, 0x00000000, 0x00000000, 0x00000000, 0x00000000, 0x00000000, 0x00000000, 0x00000000, 0x00000000,
0x00000000, 0x00000000, 0x00000000, 0x00000000, 0x00000000, 0x00000000, 0x00000000, 0x00000000, 0x00000000, 0x00000000, 0x00000000, 0x00000000, 0x00000000, 0x00000000, 0x00000000, 0x00000000,
0x00000000, 0x00000000, 0x00000000, 0x00000000, 0x00000000, 0x00000000, 0x09008dc6, 0x9a0091bc, 0xff0096c4, 0xff0091bd, 0xff0091bd, 0xff0091bd, 0xff0091bd, 0xff0091bd, 0xff0091bd, 0xff0091bd,
0xff0091bd, 0xff0091bd, 0xff0091bd, 0xff0091bd, 0xff0091bd, 0xff0091bd, 0xff0095c2, 0xd10091bd, 0x27008fbd, 0x00000000, 0x00000000, 0x00000000, 0x00000000, 0x00000000, 0x00000000, 0x00000000,
0x00000000, 0x00000000, 0x00000000, 0x00000000, 0x00000000, 0x00000000, 0x00000000, 0x00000000, 0x00000000, 0x00000000, 0x00000000, 0x00000000, 0x00000000, 0x00000000, 0x00000000, 0x1a0093ba,
0xbd0091bc, 0xff0096c3, 0xff0091bd, 0xff0091bd, 0xff0091bd, 0xff0091bd, 0xff0091bd, 0xff0091bd, 0xff0091bd, 0xff0091bd, 0xff0091bd, 0xff0091bd, 0xff0091bd, 0xff0091bd, 0xff0091bd, 0xff0095c2,
0xb90092bc, 0x110096c3, 0x00000000, 0x00000000, 0x00000000, 0x00000000, 0x00000000, 0x00000000, 0x00000000, 0x00000000, 0x00000000, 0x00000000, 0x00000000, 0x00000000, 0x00000000, 0x00000000,
0x00000000, 0x00000000, 0x00000000, 0x00000000, 0x00000000, 0x00000000, 0x00000000, 0x00000000, 0x30008fbf, 0xd90090bd, 0xff0094c1, 0xff0091bd, 0xff0091bd, 0xff0091bd, 0xff0091bd, 0xff0091bd,
0xff0091bd, 0xff0091bd, 0xff0091bd, 0xff0091bd, 0xff0091bd, 0xff0091bd, 0xff0091bd, 0xff0091bd, 0xff0092be, 0xcf0091bc, 
/* -77- */
0x00000000, 0x00000000, 0x00000000, 0x00000000, 0x00000000, 0x00000000, 0x00000000, 0x00000000, 0x00000000, 0x00000000, 0x00000000, 0x00000000, 0x00000000, 0x00000000, 0x00000000, 0x00000000,
0x00000000, 0x00000000, 0x110096c3, 0x780090bd, 0xd40091be, 0xff0094c1, 0xff0096c4, 0xff0092be, 0xff0091bd, 0xff0091bd, 0xff0091bd, 0xff0091bd, 0xff0091bd, 0xff0091bd, 0xff0091bd, 0xff0091bd,
0xff0091bd, 0xff0091bd, 0xff0091bd, 0xff0091bd, 0xff0091bd, 0xff0091bd, 0xff0091bd, 0xff0091bd, 0xff0091bd, 0xff0091bd, 0xff0091bd, 0xff0091bd, 0xff0091bd, 0xff0091bd, 0xff0091bd, 0xff0095c2,
0xff0094c1, 0xd60091bd, 0x790091bb, 0x0a0099b2, 0x00000000, 0x00000000, 0x00000000, 0x00000000, 0x1b0097bc, 0xbf0091bc, 0xff0096c3, 0xff0091bd, 0xff0091bd, 0xff0091bd, 0xff0091bd, 0xff0091bd,
0xff0091bd, 0xff0091bd, 0xff0091bd, 0xff0091bd, 0xff0091bd, 0xff0091bd, 0xff0091bd, 0xff0091bd, 0xff0095c2, 0xb70090bd, 0x110087b4, 0x00000000, 0x00000000, 0x00000000, 0x00000000, 0x00000000,
0x00000000, 0x00000000, 0x00000000, 0x00000000, 0x00000000, 0x00000000, 0x00000000, 0x00000000, 0x00000000, 0x00000000, 0x00000000, 0x00000000, 0x00000000, 0x6a0090bb, 0xfa0091bc, 0xff0094c0,
0xff0093bf, 0xff0093bf, 0xff0093bf, 0xff0093bf, 0xff0093bf, 0xff0093bf, 0xff0093bf, 0xff0093bf, 0xff0093bf, 0xff0093bf, 0xff0093bf, 0xff0093bf, 0xff0093bf, 0xff0092be, 0x650092bd, 0x00000000,
0x00000000, 0x00000000, 0x00000000, 0x00000000, 0x00000000, 0x00000000, 0x00000000, 0x00000000, 0x00000000, 0x00000000, 0x00000000, 0x00000000, 0x00000000, 0x00000000, 0x00000000, 0x00000000,
0x00000000, 0x00000000, 0x00000000, 0x00000000, 0x00000000, 0x00000000, 0x00000000, 0x00000000, 0x00000000, 0x00000000, 0x00000000, 0x00000000, 0x00000000, 0x00000000, 0x00000000, 0x00000000,
0x00000000, 0x00000000, 0x00000000, 0x00000000, 0x00000000, 0x00000000, 0x09008dc6, 0x9c0091bb, 0xff0098c6, 0xff0093bf, 0xff0093bf, 0xff0093bf, 0xff0093bf, 0xff0093bf, 0xff0093bf, 0xff0093bf,
0xff0093bf, 0xff0093bf, 0xff0093bf, 0xff0093bf, 0xff0093bf, 0xff0093bf, 0xff0097c4, 0xd30091bd, 0x27008fbd, 0x00000000, 0x00000000, 0x00000000, 0x00000000, 0x00000000, 0x00000000, 0x00000000,
0x00000000, 0x00000000, 0x00000000, 0x00000000, 0x00000000, 0x00000000, 0x00000000, 0x00000000, 0x00000000, 0x00000000, 0x00000000, 0x00000000, 0x00000000, 0x00000000, 0x00000000, 0x1a0093ba,
0xbf0091bd, 0xff0098c5, 0xff0093bf, 0xff0093bf, 0xff0093bf, 0xff0093bf, 0xff0093bf, 0xff0093bf, 0xff0093bf, 0xff0093bf, 0xff0093bf, 0xff0093bf, 0xff0093bf, 0xff0093bf, 0xff0093bf, 0xff0097c4,
0xbb0091bd, 0x110096c3, 0x00000000, 0x00000000, 0x00000000, 0x00000000, 0x00000000, 0x00000000, 0x00000000, 0x00000000, 0x00000000, 0x00000000, 0x00000000, 0x00000000, 0x00000000, 0x00000000,
0x00000000, 0x00000000, 0x00000000, 0x00000000, 0x00000000, 0x00000000, 0x00000000, 0x00000000, 0x31008cbb, 0xdc008fbc, 0xff0096c3, 0xff0093bf, 0xff0093bf, 0xff0093bf, 0xff0093bf, 0xff0093bf,
0xff0093bf, 0xff0093bf, 0xff0093bf, 0xff0093bf, 0xff0093bf, 0xff0093bf, 0xff0093bf, 0xff0093bf, 0xff0094c0, 0xd10091bd, 
/* -78- */
0x00000000, 0x00000000, 0x00000000, 0x00000000, 0x00000000, 0x00000000, 0x00000000, 0x00000000, 0x00000000, 0x00000000, 0x00000000, 0x00000000, 0x00000000, 0x00000000, 0x00000000, 0x00000000,
0x00000000, 0x00000000, 0x00000000, 0x00000000, 0x29008fba, 0x770091be, 0xbd0091be, 0xfe0090bc, 0xff0097c5, 0xff0093c0, 0xff0091bd, 0xff0091bd, 0xff0091bd, 0xff0091bd, 0xff0091bd, 0xff0091bd,
0xff0091bd, 0xff0091bd, 0xff0091bd, 0xff0091bd, 0xff0091bd, 0xff0091bd, 0xff0091bd, 0xff0091bd, 0xff0091bd, 0xff0091bd, 0xff0091bd, 0xff0091bd, 0xff0091be, 0xff0095c2, 0xff0096c4, 0xd80091bc,
0x82008fbc, 0x2c0090b9, 0x00000000, 0x00000000, 0x00000000, 0x00000000, 0x00000000, 0x00000000, 0x1c009abf, 0xc90091bd, 0xff009ece, 0xff0099c7, 0xff0099c7, 0xff0099c7, 0xff0099c7, 0xff0099c7,
0xff0099c7, 0xff0099c7, 0xff0099c7, 0xff0099c7, 0xff0099c7, 0xff0099c7, 0xff0099c7, 0xff0099c7, 0xff009dcd, 0xc10091bc, 0x12007fb8, 0x00000000, 0x00000000, 0x00000000, 0x00000000, 0x00000000,
0x00000000, 0x00000000, 0x00000000, 0x00000000, 0x00000000, 0x00000000, 0x00000000, 0x00000000, 0x00000000, 0x00000000, 0x00000000, 0x00000000, 0x00000000, 0x630090bc, 0xea0090bc, 0xf20091bd,
0xf10090bd, 0xf10090bd, 0xf10090bd, 0xf10090bd, 0xf10090bd, 0xf10090bd, 0xf10090bd, 0xf10090bd, 0xf10090bd, 0xf10090bd, 0xf10090bd, 0xf10090bd, 0xf10090bd, 0xef0091bc, 0x5f0090bb, 0x00000000,
0x00000000, 0x00000000, 0x00000000, 0x00000000, 0x00000000, 0x00000000, 0x00000000, 0x00000000, 0x00000000, 0x00000000, 0x00000000, 0x00000000, 0x00000000, 0x00000000, 0x00000000, 0x00000000,
0x00000000, 0x00000000, 0x00000000, 0x00000000, 0x00000000, 0x00000000, 0x00000000, 0x00000000, 0x00000000, 0x00000000, 0x00000000, 0x00000000, 0x00000000, 0x00000000, 0x00000000, 0x00000000,
0x00000000, 0x00000000, 0x00000000, 0x00000000, 0x00000000, 0x00000000, 0x08009fbf, 0x910091bd, 0xf50093c0, 0xf10090bd, 0xf10090bd, 0xf10090bd, 0xf10090bd, 0xf10090bd, 0xf10090bd, 0xf10090bd,
0xf10090bd, 0xf10090bd, 0xf10090bd, 0xf10090bd, 0xf10090bd, 0xf10090bd, 0xf40093bf, 0xc50090be, 0x250090ba, 0x00000000, 0x00000000, 0x00000000, 0x00000000, 0x00000000, 0x00000000, 0x00000000,
0x00000000, 0x00000000, 0x00000000, 0x00000000, 0x00000000, 0x00000000, 0x00000000, 0x00000000, 0x00000000, 0x00000000, 0x00000000, 0x00000000, 0x00000000, 0x00000000, 0x00000000, 0x19008eb7,
0xb30091bc, 0xf50093bf, 0xf10090bd, 0xf10090bd, 0xf10090bd, 0xf10090bd, 0xf10090bd, 0xf10090bd, 0xf10090bd, 0xf10090bd, 0xf10090bd, 0xf10090bd, 0xf10090bd, 0xf10090bd, 0xf10090bd, 0xf40093bf,
0xaf0091bd, 0x10008fbf, 0x00000000, 0x00000000, 0x00000000, 0x00000000, 0x00000000, 0x00000000, 0x00000000, 0x00000000, 0x00000000, 0x00000000, 0x00000000, 0x00000000, 0x00000000, 0x00000000,
0x00000000, 0x00000000, 0x00000000, 0x00000000, 0x00000000, 0x00000000, 0x00000000, 0x00000000, 0x2d0093c0, 0xcd0091bd, 0xf40092bf, 0xf10090bd, 0xf10090bd, 0xf10090bd, 0xf10090bd, 0xf10090bd,
0xf10090bd, 0xf10090bd, 0xf10090bd, 0xf10090bd, 0xf10090bd, 0xf10090bd, 0xf10090bd, 0xf10090bd, 0xf20091bd, 0xc40090bc, 
/* -79- */
0x00000000, 0x00000000, 0x00000000, 0x00000000, 0x00000000, 0x00000000, 0x00000000, 0x00000000, 0x00000000, 0x00000000, 0x00000000, 0x00000000, 0x00000000, 0x00000000, 0x00000000, 0x00000000,
0x00000000, 0x00000000, 0x00000000, 0x00000000, 0x00000000, 0x00000000, 0x1a0093ba, 0x4c0090bf, 0x920092be, 0xd40090bc, 0xff0092be, 0xff0094c1, 0xff0093bf, 0xff0092be, 0xff0091bd, 0xff0091bd,
0xff0091bd, 0xff0091bd, 0xff0091bd, 0xff0091bd, 0xff0091bd, 0xff0091bd, 0xff0091bd, 0xff0091bd, 0xff0091bd, 0xff0091be, 0xff0093bf, 0xff0094c2, 0xfc0090bd, 0xb50091be, 0x65008fbd, 0x2b008ebd,
0x00000000, 0x00000000, 0x00000000, 0x00000000, 0x00000000, 0x00000000, 0x00000000, 0x00000000, 0x0a0099b2, 0x440092bf, 0x5b0094c1, 0x5b0091bb, 0x5b0091bb, 0x5b0091bb, 0x5b0091bb, 0x5b0091bb,
0x5b0091bb, 0x5b0091bb, 0x5b0091bb, 0x5b0091bb, 0x5b0091bb, 0x5b0091bb, 0x5b0091bb, 0x5b0091bb, 0x5b0094c1, 0x42008eb9, 0x06007faa, 0x00000000, 0x00000000, 0x00000000, 0x00000000, 0x00000000,
0x00000000, 0x00000000, 0x00000000, 0x00000000, 0x00000000, 0x00000000, 0x00000000, 0x00000000, 0x00000000, 0x00000000, 0x00000000, 0x00000000, 0x00000000, 0x19008eb7, 0x3a0091bd, 0x3c0090bf,
0x3c0090bb, 0x3c0090bb, 0x3c0090bb, 0x3c0090bb, 0x3c0090bb, 0x3c0090bb, 0x3c0090bb, 0x3c0090bb, 0x3c0090bb, 0x3c0090bb, 0x3c0090bb, 0x3c0090bb, 0x3c0090bb, 0x3b0092be, 0x170090bc, 0x00000000,
0x00000000, 0x00000000, 0x00000000, 0x00000000, 0x00000000, 0x00000000, 0x00000000, 0x00000000, 0x00000000, 0x00000000, 0x00000000, 0x00000000, 0x00000000, 0x00000000, 0x00000000, 0x00000000,
0x00000000, 0x00000000, 0x00000000, 0x00000000, 0x00000000, 0x00000000, 0x00000000, 0x00000000, 0x00000000, 0x00000000, 0x00000000, 0x00000000, 0x00000000, 0x00000000, 0x00000000, 0x00000000,
0x00000000, 0x00000000, 0x00000000, 0x00000000, 0x00000000, 0x00000000, 0x02007f7f, 0x24008dbf, 0x3e008fbd, 0x3c0090bb, 0x3c0090bb, 0x3c0090bb, 0x3c0090bb, 0x3c0090bb, 0x3c0090bb, 0x3c0090bb,
0x3c0090bb, 0x3c0090bb, 0x3c0090bb, 0x3c0090bb, 0x3c0090bb, 0x3c0090bb, 0x3e008fb9, 0x310091bb, 0x09008dc6, 0x00000000, 0x00000000, 0x00000000, 0x00000000, 0x00000000, 0x00000000, 0x00000000,
0x00000000, 0x00000000, 0x00000000, 0x00000000, 0x00000000, 0x00000000, 0x00000000, 0x00000000, 0x00000000, 0x00000000, 0x00000000, 0x00000000, 0x00000000, 0x00000000, 0x00000000, 0x0600aaaa,
0x2c0090bf, 0x3e008fbd, 0x3c0090bb, 0x3c0090bb, 0x3c0090bb, 0x3c0090bb, 0x3c0090bb, 0x3c0090bb, 0x3c0090bb, 0x3c0090bb, 0x3c0090bb, 0x3c0090bb, 0x3c0090bb, 0x3c0090bb, 0x3c0090bb, 0x3e008fb9,
0x2c0090b9, 0x04007fbf, 0x00000000, 0x00000000, 0x00000000, 0x00000000, 0x00000000, 0x00000000, 0x00000000, 0x00000000, 0x00000000, 0x00000000, 0x00000000, 0x00000000, 0x00000000, 0x00000000,
0x00000000, 0x00000000, 0x00000000, 0x00000000, 0x00000000, 0x00000000, 0x00000000, 0x00000000, 0x0b008bd0, 0x330091be, 0x3e008fb9, 0x3c0090bb, 0x3c0090bb, 0x3c0090bb, 0x3c0090bb, 0x3c0090bb,
0x3c0090bb, 0x3c0090bb, 0x3c0090bb, 0x3c0090bb, 0x3c0090bb, 0x3c0090bb, 0x3c0090bb, 0x3c0090bb, 0x3c0090bf, 0x31008cbb, 
/* -80- */
0x00000000, 0x00000000, 0x00000000, 0x00000000, 0x00000000, 0x00000000, 0x00000000, 0x00000000, 0x00000000, 0x00000000, 0x00000000, 0x00000000, 0x00000000, 0x00000000, 0x00000000, 0x00000000,
0x00000000, 0x00000000, 0x00000000, 0x00000000, 0x00000000, 0x00000000, 0x00000000, 0x00000000, 0x070091b6, 0x19008eb7, 0x350090c0, 0x790091bd, 0xb00090bc, 0xda0091bc, 0xfc008fbc, 0xff0091bd,
0xff0091bd, 0xff0091bd, 0xff0091bd, 0xff0091bd, 0xff0091bd, 0xff0091bd, 0xff0091bd, 0xff0091bd, 0xfe0091bd, 0xe70090bc, 0xad0091be, 0x660091be, 0x2b008ebd, 0x10008fbf, 0x00000000, 0x00000000,
0x00000000, 0x00000000, 0x00000000, 0x00000000, 0x00000000, 0x00000000, 0x00000000, 0x00000000, 0x00000000, 0x00000000, 0x00000000, 0x00000000, 0x00000000, 0x00000000, 0x00000000, 0x00000000,
0x00000000, 0x00000000, 0x00000000, 0x00000000, 0x00000000, 0x00000000, 0x00000000, 0x00000000, 0x00000000, 0x00000000, 0x00000000, 0x00000000, 0x00000000, 0x00000000, 0x00000000, 0x00000000,
0x00000000, 0x00000000, 0x00000000, 0x00000000, 0x00000000, 0x00000000, 0x00000000, 0x00000000, 0x00000000, 0x00000000, 0x00000000, 0x00000000, 0x00000000, 0x00000000, 0x00000000, 0x00000000,
0x00000000, 0x00000000, 0x00000000, 0x00000000, 0x00000000, 0x00000000, 0x00000000, 0x00000000, 0x00000000, 0x00000000, 0x00000000, 0x00000000, 0x00000000, 0x00000000, 0x00000000, 0x00000000,
0x00000000, 0x00000000, 0x00000000, 0x00000000, 0x00000000, 0x00000000, 0x00000000, 0x00000000, 0x00000000, 0x00000000, 0x00000000, 0x00000000, 0x00000000, 0x00000000, 0x00000000, 0x00000000,
0x00000000, 0x00000000, 0x00000000, 0x00000000, 0x00000000, 0x00000000, 0x00000000, 0x00000000, 0x00000000, 0x00000000, 0x00000000, 0x00000000, 0x00000000, 0x00000000, 0x00000000, 0x00000000,
0x00000000, 0x00000000, 0x00000000, 0x00000000, 0x00000000, 0x00000000, 0x00000000, 0x00000000, 0x00000000, 0x00000000, 0x00000000, 0x00000000, 0x00000000, 0x00000000, 0x00000000, 0x00000000,
0x00000000, 0x00000000, 0x00000000, 0x00000000, 0x00000000, 0x00000000, 0x00000000, 0x00000000, 0x00000000, 0x00000000, 0x00000000, 0x00000000, 0x00000000, 0x00000000, 0x00000000, 0x00000000,
0x00000000, 0x00000000, 0x00000000, 0x00000000, 0x00000000, 0x00000000, 0x00000000, 0x00000000, 0x00000000, 0x00000000, 0x00000000, 0x00000000, 0x00000000, 0x00000000, 0x00000000, 0x00000000,
0x00000000, 0x00000000, 0x00000000, 0x00000000, 0x00000000, 0x00000000, 0x00000000, 0x00000000, 0x00000000, 0x00000000, 0x00000000, 0x00000000, 0x00000000, 0x00000000, 0x00000000, 0x00000000,
0x00000000, 0x00000000, 0x00000000, 0x00000000, 0x00000000, 0x00000000, 0x00000000, 0x00000000, 0x00000000, 0x00000000, 0x00000000, 0x00000000, 0x00000000, 0x00000000, 0x00000000, 0x00000000,
0x00000000, 0x00000000, 0x00000000, 0x00000000, 0x00000000, 0x00000000, 0x00000000, 0x00000000, 0x00000000, 0x00000000, 0x00000000, 0x00000000, 0x00000000, 0x00000000, 0x00000000, 0x00000000,
0x00000000, 0x00000000, 0x00000000, 0x00000000, 0x00000000, 0x00000000, 0x00000000, 0x00000000, 0x00000000, 0x00000000, 
};


extern const arm_2d_tile_t c_tileArmLogoGRAY8;
ARM_SECTION("arm2d.tile.c_tileArmLogoGRAY8")
const arm_2d_tile_t c_tileArmLogoGRAY8 = {
    .tRegion = {
        .tSize = {
            .iWidth = 250,
            .iHeight = 81,
        },
    },
    .tInfo = {
        .bIsRoot = true,
        .bHasEnforcedColour = true,
        .tColourInfo = {
            .chScheme = ARM_2D_COLOUR_GRAY8,
        },
    },
    .pchBuffer = (uint8_t*)c_bmpArmLogoGRAY8,
};




extern const arm_2d_tile_t c_tileArmLogoRGB565;
ARM_SECTION("arm2d.tile.c_tileArmLogoRGB565")
const arm_2d_tile_t c_tileArmLogoRGB565 = {
    .tRegion = {
        .tSize = {
            .iWidth = 250,
            .iHeight = 81,
        },
    },
    .tInfo = {
        .bIsRoot = true,
        .bHasEnforcedColour = true,
        .tColourInfo = {
            .chScheme = ARM_2D_COLOUR_RGB565,
        },
    },
    .phwBuffer = (uint16_t*)c_bmpArmLogoRGB565,
};




extern const arm_2d_tile_t c_tileArmLogoCCCA8888;

ARM_SECTION("arm2d.tile.c_tileArmLogoCCCA8888")
const arm_2d_tile_t c_tileArmLogoCCCA8888 = {
    .tRegion = {
        .tSize = {
            .iWidth = 250,
            .iHeight = 81,
        },
    },
    .tInfo = {
        .bIsRoot = true,
        .bHasEnforcedColour = true,
        .tColourInfo = {
            .chScheme = ARM_2D_COLOUR_BGRA8888,
        },
    },
    .pwBuffer = (uint32_t*)c_bmpArmLogoCCCA8888,
};





extern const arm_2d_tile_t c_tileArmLogoMask2;

ARM_SECTION("arm2d.tile.c_tileArmLogoMask2")
const arm_2d_tile_t c_tileArmLogoMask2 = {
    .tRegion = {
        .tSize = {
            .iWidth = 250,
            .iHeight = 81,
        },
    },
    .tInfo = {
        .bIsRoot = true,
        .bHasEnforcedColour = true,
        .tColourInfo = {
            .chScheme = ARM_2D_CHANNEL_8in32,
        },
    },
    .nAddress = ((intptr_t)c_bmpArmLogoCCCA8888) + 3,
};




extern const arm_2d_tile_t c_tileArmLogoMask;

ARM_SECTION("arm2d.tile.c_tileArmLogoMask")
const arm_2d_tile_t c_tileArmLogoMask = {
    .tRegion = {
        .tSize = {
            .iWidth = 250,
            .iHeight = 81,
        },
    },
    .tInfo = {
        .bIsRoot = true,
        .bHasEnforcedColour = true,
        .tColourInfo = {
            .chScheme = ARM_2D_COLOUR_8BIT,
        },
    },
    .pchBuffer = (uint8_t *)c_bmpArmLogoAlpha,
};




extern const arm_2d_tile_t c_tileArmLogoA1Mask;

ARM_SECTION("arm2d.tile.c_tileArmLogoA1Mask")
const arm_2d_tile_t c_tileArmLogoA1Mask = {
    .tRegion = {
        .tSize = {
            .iWidth = 250,
            .iHeight = 81,
        },
    },
    .tInfo = {
        .bIsRoot = true,
        .bHasEnforcedColour = true,
        .tColourInfo = {
            .chScheme = ARM_2D_COLOUR_MASK_A1,
        },
    },
    .pchBuffer = (uint8_t *)c_bmpArmLogoA1Alpha,
};




extern const arm_2d_tile_t c_tileArmLogoA2Mask;

ARM_SECTION("arm2d.tile.c_tileArmLogoA2Mask")
const arm_2d_tile_t c_tileArmLogoA2Mask = {
    .tRegion = {
        .tSize = {
            .iWidth = 250,
            .iHeight = 81,
        },
    },
    .tInfo = {
        .bIsRoot = true,
        .bHasEnforcedColour = true,
        .tColourInfo = {
            .chScheme = ARM_2D_COLOUR_MASK_A2,
        },
    },
    .pchBuffer = (uint8_t *)c_bmpArmLogoA2Alpha,
};




extern const arm_2d_tile_t c_tileArmLogoA4Mask;

ARM_SECTION("arm2d.tile.c_tileArmLogoA4Mask")
const arm_2d_tile_t c_tileArmLogoA4Mask = {
    .tRegion = {
        .tSize = {
            .iWidth = 250,
            .iHeight = 81,
        },
    },
    .tInfo = {
        .bIsRoot = true,
        .bHasEnforcedColour = true,
        .tColourInfo = {
            .chScheme = ARM_2D_COLOUR_MASK_A4,
        },
    },
    .pchBuffer = (uint8_t *)c_bmpArmLogoA4Alpha,
};



#if defined(__clang__)
#   pragma clang diagnostic pop
#elif defined(__IS_COMPILER_ARM_COMPILER_5__)
#   pragma diag_warning=1296
#endif


